review,stars,app,review_clean,sentiment
РаймЕ,5,payme,райме,1
"Вы неудобная система оплаты для электронной продажи. Вам люди пишут,что не возможно оплатить по кюаркоду из фото. В клике это возможно,а вы до сих пор эту функцию сделать не хотите. Покупатели жалуются ,что когда им присылаешь фото кюаркода Холис оплаты, невозможно этот кюаркод вытащить из галереи. А сейчас все оплачивается по кюаркоду и безналично.",1,payme,вы неудобная система оплаты для электронной продажи вам люди пишутчто не возможно оплатить по кюаркоду из фото в клике это возможноа вы до сих пор эту функцию сделать не хотите покупатели жалуются что когда им присылаешь фото кюаркода холис оплаты невозможно этот кюаркод вытащить из галереи а сейчас все оплачивается по кюаркоду и безналично,-1
дизайн просто отстой старую поставьте дизайн я привыкну есть старше возраст они как ппревикнут,2,payme,дизайн просто отстой старую поставьте дизайн я привыкну есть старше возраст они как ппревикнут,-1
Здравствуйте разработчики . возникает проблема не стабильно показывает баланс при пополнение счета за камуналку Свет ну и тд.. исправте пожалуйста. заранее спасибо.,3,payme,здравствуйте разработчики возникает проблема не стабильно показывает баланс при пополнение счета за камуналку свет ну и тд исправте пожалуйста заранее спасибо,-1
не работает,1,payme,не работает,-1
Зўр. Офлайн режимида ҳам телефон балансини тўлдирса яхши бўларди.,5,payme,зр офлайн режимида ам телефон балансини тлдирса яхши бларди,-1
зур,5,payme,зур,1
"второй день уже,именно это приложение не скачиваеться!!!!",1,payme,второй день ужеименно это приложение не скачиваеться,-1
не могу установить ваше приложение payme,1,payme,не могу установить ваше приложение payme,-1
просто ужас.,1,payme,просто ужас,-1
ОЧЕНЬ ХОРОШОЕ УДОБНОЕ . МНЕ НРАВИТСЯ,5,payme,очень хорошое удобное мне нравится,1
за рефералку не даёт денег почему,5,payme,за рефералку не даёт денег почему,-1
Самый ужасный банк. Вообще нет совести. Снимают деньги за отсрочку по несколько раз. Да и проценты один к одному. У меня сняли деньги за отсрочку 3 раза. И в каждый раз говорят то что я столько и должен. Мне уже страшно хранить деньги на карте. Пусть сгорит дом у этого банка и кто ведёт такое дело.,1,payme,самый ужасный банк вообще нет совести снимают деньги за отсрочку по несколько раз да и проценты один к одному у меня сняли деньги за отсрочку раза и в каждый раз говорят то что я столько и должен мне уже страшно хранить деньги на карте пусть сгорит дом у этого банка и кто ведёт такое дело,-1
хорошая программа,4,payme,хорошая программа,1
зур,5,payme,зур,1
👍🏿,5,payme,,1
Неверные или запоздалые данные о коммунальных платежах. Зависание приложения. Стало хуже.,2,payme,неверные или запоздалые данные о коммунальных платежах зависание приложения стало хуже,-1
zor,5,payme,zor,1
Рауme иловаси буйича мани шахсий Фикрим: Мен (оплатить позже) деган булинмасидан фойдаланган едим лекин фоизлари жуда котта булиб кетди ва мени уз вактида хабардор килишмади!!! факат смс юборишди Енди еса оператор телефон килиб % лар купайиб кетганлиги туфайли тулов килишимни суради. НЕГА? кунгирок килиб ФОИЗЛАР купайотганини хабардор килишмади?. Хуллас огох булилар бу Рауme иловасидан фойдаланилмаган макул !!!,1,payme,рауme иловаси буйича мани шахсий фикрим мен оплатить позже деган булинмасидан фойдаланган едим лекин фоизлари жуда котта булиб кетди ва мени уз вактида хабардор килишмади факат смс юборишди енди еса оператор телефон килиб лар купайиб кетганлиги туфайли тулов килишимни суради нега кунгирок килиб фоизлар купайотганини хабардор килишмади хуллас огох булилар бу рауme иловасидан фойдаланилмаган макул,-1
да,5,payme,да,1
очень хорошее приложение,5,payme,очень хорошее приложение,1
"Последная обновление, сделал приложение не понятным и тяжолым для слабых телефонов",1,payme,последная обновление сделал приложение не понятным и тяжолым для слабых телефонов,-1
zo'r,5,payme,zor,1
классно работает. Спасибо.,5,payme,классно работает спасибо,1
Zoʻr,3,payme,zor,1
ok,5,payme,ok,1
"Как давний пользователь Payme и человек, связанный с мобильной разработкой, хочу отметить, что после последнего обновления интерфейс стал значительно менее удобным и интуитивно понятным. Визуально приложение, возможно, пытались сделать более современным, однако с точки зрения пользовательского опыта результат получился спорным. Многие привычные элементы стали менее очевидными, навигация усложнилась, а общее восприятие интерфейса стало менее понятным. Важно учитывать, что Payme пользуются люди ра",5,payme,как давний пользователь payme и человек связанный с мобильной разработкой хочу отметить что после последнего обновления интерфейс стал значительно менее удобным и интуитивно понятным визуально приложение возможно пытались сделать более современным однако с точки зрения пользовательского опыта результат получился спорным многие привычные элементы стали менее очевидными навигация усложнилась а общее восприятие интерфейса стало менее понятным важно учитывать что payme пользуются люди ра,-1
"Кўп хизматларга хатто оддий мобил оператор хизматларига ҳам 1,5 % комиссия қўшиб қўйилган. 1.5 % кешбек деб реклама қилиб қўйилган, бу кешбекдан фойдаланиш учун ойига 39 минг тўлов қилиш керак. Бу маркетинг хийласими",1,payme,кп хизматларга хатто оддий мобил оператор хизматларига ам комиссия шиб йилган кешбек деб реклама илиб йилган бу кешбекдан фойдаланиш учун ойига минг тлов илиш керак бу маркетинг хийласими,-1
yangi intefase juda noqulay ekan,5,payme,yangi intefase juda noqulay ekan,1
maslahat bermayman!!!,1,payme,maslahat bermayman,1
Мне нравится.,5,payme,мне нравится,1
сканер работает очень плохо по 2 минуты надо искать положение чтоб оплатить через qr код,1,payme,сканер работает очень плохо по минуты надо искать положение чтоб оплатить через qr код,-1
"ужасно, не могу найти предыдущую оплату, верните обратно прежний интерфейс",1,payme,ужасно не могу найти предыдущую оплату верните обратно прежний интерфейс,-1
верните старую версию новая не устраивает не хватает информаци обнавлёном приложение,1,payme,верните старую версию новая не устраивает не хватает информаци обнавлёном приложение,-1
супер,5,payme,супер,1
"после последнего обновления, невозможно зайти в приложение!!!постоянно выскакивает--приложение не отвечает!!!",5,payme,после последнего обновления невозможно зайти в приложениепостоянно выскакиваетприложение не отвечает,-1
ok,5,payme,ok,1
"после этого обновления , где вообще тяжело сориентироваться , приложение просто вылетает.начинаешь операцию , перевод или оплату и все . приложение закрывается. есть некое ощущение, что туда слишком много всего запихнули . ну вот прям для платёжного приложения , это много различной информации.",2,payme,после этого обновления где вообще тяжело сориентироваться приложение просто вылетаетначинаешь операцию перевод или оплату и все приложение закрывается есть некое ощущение что туда слишком много всего запихнули ну вот прям для платёжного приложения это много различной информации,-1
почему изменили дизайн приложения. вашшэ неудобно,1,payme,почему изменили дизайн приложения вашшэ неудобно,-1
oldingi dizayn yaxshidi,1,payme,oldingi dizayn yaxshidi,1
приложения отличное особенно Шак шак выполнение задания выдают бонусы и красивые подарки,5,payme,приложения отличное особенно шак шак выполнение задания выдают бонусы и красивые подарки,1
ВСЕ ЧЕТКО,5,payme,все четко,1
здравствуйте а почему у меня сейчас с карты сняли 100000 с какой стати у меня сейчас я захожу пойми у меня 100000 снимают как это понять,5,payme,здравствуйте а почему у меня сейчас с карты сняли с какой стати у меня сейчас я захожу пойми у меня снимают как это понять,-1
Не работает qr оплата,1,payme,не работает qr оплата,-1
Visa card dan 25% kamidiya yechib oldi insof kere,2,payme,visa card dan kamidiya yechib oldi insof kere,-1
отлично,4,payme,отлично,1
"после обновления стало прогонять ваше приложение, вводишь пинкод и начитается : то выкидывает, то ошибка, то якобы ченсор гонит и изаэтого нк заходит, тот только мосент такой ято в дрцгие приложение заходит без проблем",2,payme,после обновления стало прогонять ваше приложение вводишь пинкод и начитается то выкидывает то ошибка то якобы ченсор гонит и изаэтого нк заходит тот только мосент такой ято в дрцгие приложение заходит без проблем,-1
обновление қилиб расвосини чиқарибсизлар приложениени,1,payme,обновление илиб расвосини чиарибсизлар приложениени,-1
здравствуйте Можно создать виртуальный карту?,2,payme,здравствуйте можно создать виртуальный карту,-1
Payme plus xizmatiga ulanmagan bòlsam ham pul yechib olishdi 39.990 ming.,1,payme,payme plus xizmatiga ulanmagan blsam ham pul yechib olishdi ming,-1
Oxirgi paytlar payme juda sekin ishlayabdi.,5,payme,oxirgi paytlar payme juda sekin ishlayabdi,-1
zor,5,payme,zor,1
в последнее время очень много сбоев в приложение...,2,payme,в последнее время очень много сбоев в приложение,-1
O'zbekistonda (peeymaa*) chalik tupoy programma bo'lmasa kerak. bir kun ishlaydi 40 kun ishlamaydi buni yozgan odamni yana 45 yil o'qitib 40 yil praktikada yurishi kerak shundan keyin ham yarimi tuzaladi,1,payme,ozbekistonda peeymaa chalik tupoy programma bolmasa kerak bir kun ishlaydi kun ishlamaydi buni yozgan odamni yana yil oqitib yil praktikada yurishi kerak shundan keyin ham yarimi tuzaladi,-1
"после последней обновы ужасно долго прогружает всё, невозможно пользоваться. а так нравилось пользоваться пэйми",5,payme,после последней обновы ужасно долго прогружает всё невозможно пользоваться а так нравилось пользоваться пэйми,-1
"ужасно, сегодня 20 минут не смог сделать п2п перевод и не работал Пайми го пейми катится только на дно жаль...",1,payme,ужасно сегодня минут не смог сделать пп перевод и не работал пайми го пейми катится только на дно жаль,-1
"я изза этого приложения очень мнрго раз опаздывал, думаю лучше перейти на другое приложение",1,payme,я изза этого приложения очень мнрго раз опаздывал думаю лучше перейти на другое приложение,-1
ужас просто не работает пазооооор,1,payme,ужас просто не работает пазооооор,-1
zo'r,5,payme,zor,1
само по себе включает не нужны услуги украдет денег от карты не верте машеники,1,payme,само по себе включает не нужны услуги украдет денег от карты не верте машеники,-1
оплата в бюджет не работаеть. операторы говорять надо обновить всеравно не работаеть,1,payme,оплата в бюджет не работаеть операторы говорять надо обновить всеравно не работаеть,-1
обновление очень ужасно... Верните пожалуйста старую версию,1,payme,обновление очень ужасно верните пожалуйста старую версию,-1
не советую,1,payme,не советую,1
"Легко , быстро , отчётливо",5,payme,легко быстро отчётливо,1
😎,5,payme,,1
очень не удобно верните старую версия.,1,payme,очень не удобно верните старую версия,1
ok,5,payme,ok,1
опят я не магу скриншотит payme что опять изменили скрин скриншотит,2,payme,опят я не магу скриншотит payme что опять изменили скрин скриншотит,-1
"неудобное приложение , не надо было обновлять , ужас просто",1,payme,неудобное приложение не надо было обновлять ужас просто,-1
"Здравствуйте. Хорошее предложение. Но почему при переводе денег, с меня взяли 1,1%? В Хамкорбанке при переводе за месяц до 5'000'000сум бесплатно. Приложение от Хамкорбанка не работал, пришлось воспользоваться Пайми.",1,payme,здравствуйте хорошее предложение но почему при переводе денег с меня взяли в хамкорбанке при переводе за месяц до сум бесплатно приложение от хамкорбанка не работал пришлось воспользоваться пайми,-1
"очередной уродский редизайн интерфейса, теперь часами сидеть пытаться разобраться что и где находится",1,payme,очередной уродский редизайн интерфейса теперь часами сидеть пытаться разобраться что и где находится,-1
"Здравствуйте. Приложение отличное. Но возник вопрос, сняли с карты 39.990 сум за услугу. Но раньше снимали только 2000 сум. В прошлом месяце взяли отсрочку. И конечно же в течение месяца закрыла отсрочку. А вообщем мне очень нравится это приложение. удачи и процветания Вам.",5,payme,здравствуйте приложение отличное но возник вопрос сняли с карты сум за услугу но раньше снимали только сум в прошлом месяце взяли отсрочку и конечно же в течение месяца закрыла отсрочку а вообщем мне очень нравится это приложение удачи и процветания вам,1
"Обновление ужасное, интерфейс невнятный: везде большие пустые шарики. Всё, что вы создали, это регресс? Прошу вернуть старую версию. Она была намного удобнее, даже по сравнению со сторонними приложениями.",1,payme,обновление ужасное интерфейс невнятный везде большие пустые шарики всё что вы создали это регресс прошу вернуть старую версию она была намного удобнее даже по сравнению со сторонними приложениями,-1
вернули старое обновление 👍,5,payme,вернули старое обновление,-1
обновлено очень плохо старый лучше был,1,payme,обновлено очень плохо старый лучше был,-1
"Иногда не входит вообще , Дизайн зачем изменили? спасибо пора удалять приложение!",1,payme,иногда не входит вообще дизайн зачем изменили спасибо пора удалять приложение,-1
"после обновления не понимаю как пользоваться, раньше было легче",3,payme,после обновления не понимаю как пользоваться раньше было легче,-1
"Верните старый интерфейс, вы че, не заставляйте меня, удалить приложение.",1,payme,верните старый интерфейс вы че не заставляйте меня удалить приложение,-1
очередной рекламный баннер... очередную приложению испортили... очередное приложение в черный список...,1,payme,очередной рекламный баннер очередную приложению испортили очередное приложение в черный список,-1
"Здравствуйте! Мне очень жаль за то что пишу такую отзыв, после обновления приложения стало очень не понятно! Что, где? Куда войти, не понятно, я немого найти мониторинг, и мой дом каждый видно в главном экране по отдельно, три квартира три кнопки, раньше заходил по кнопке мой дом, а сейчас извлечено, много рекламные листи, как будто открыл приложение магазин🤔",1,payme,здравствуйте мне очень жаль за то что пишу такую отзыв после обновления приложения стало очень не понятно что где куда войти не понятно я немого найти мониторинг и мой дом каждый видно в главном экране по отдельно три квартира три кнопки раньше заходил по кнопке мой дом а сейчас извлечено много рекламные листи как будто открыл приложение магазин,-1
Payme plusni o‘chirudim kirdi chiqdini tarixni ko‘rsatmay qo‘ydi,3,payme,payme plusni ochirudim kirdi chiqdini tarixni korsatmay qoydi,-1
зор,5,payme,зор,1
Зачем опять заблокировали возможность делать скриншот? Я и так обновился до последней версии теперь снова скриншот заблокирован вы специально обманываете людей чтобы они обновились и лишились возможности делать скриншот? 🤣,5,payme,зачем опять заблокировали возможность делать скриншот я и так обновился до последней версии теперь снова скриншот заблокирован вы специально обманываете людей чтобы они обновились и лишились возможности делать скриншот,-1
хороший приложение мне понравился,5,payme,хороший приложение мне понравился,1
Спасибо.,5,payme,спасибо,1
"Хочу отдельно поблагодарить девушку по имени Одина если я не ошибаюсь/имя точно не помню/ за её участие! У меня были проблемы с оплатой отсрочки, сегодня утром я наконец то оплатила! Дай бог ей здоровья! Также хочу поблагодарить тех.отдел за помощь в восстановлении скидочной оплаты за функцию ""всё включено""!",5,payme,хочу отдельно поблагодарить девушку по имени одина если я не ошибаюсьимя точно не помню за её участие у меня были проблемы с оплатой отсрочки сегодня утром я наконец то оплатила дай бог ей здоровья также хочу поблагодарить техотдел за помощь в восстановлении скидочной оплаты за функцию всё включено,-1
очень хороший приложение супер 👍👍👍👍,5,payme,очень хороший приложение супер,1
что за новый дизайн??? разобраться трудно и неудобно,1,payme,что за новый дизайн разобраться трудно и неудобно,-1
так себе,3,payme,так себе,1
"payme, что за ужасное обновление? ничего не понятно, зачем-то в общем балансе выходит ваш ""оплатить позже"", вы сбивает людей",1,payme,payme что за ужасное обновление ничего не понятно зачемто в общем балансе выходит ваш оплатить позже вы сбивает людей,-1
Раҳмат,5,payme,рамат,1
🤢🤢🤢,1,payme,,1
отлично,5,payme,отлично,1
yaxshi,1,payme,yaxshi,1
O .,5,payme,o,1
удобно быстро,5,payme,удобно быстро,1
ok,5,payme,ok,1
"машкала, списывают в тихую ваши деньги",1,payme,машкала списывают в тихую ваши деньги,-1
Otlichno,5,payme,otlichno,1
"Ассалому алайкум, бугун Paymeни ишлатмоқчи бўлиб очсам, янги фонда Добро подаловать в новый Payme деган ёзувдан у ёгига ўтмаяпти, нимага?",4,payme,ассалому алайкум бугун paymeни ишлатмочи блиб очсам янги фонда добро подаловать в новый payme деган ёзувдан у ёгига тмаяпти нимага,-1
варианты обмена баллов очень скудный. нет ни какого интереса пользоваться приложением. Но при этом берут проценты за переводы.,1,payme,варианты обмена баллов очень скудный нет ни какого интереса пользоваться приложением но при этом берут проценты за переводы,-1
Аввалги версияси жуда тушунарлик эди. янги версияда қийинчилик юзага келмоқда,5,payme,аввалги версияси жуда тушунарлик эди янги версияда ийинчилик юзага келмода,-1
"приложение страшно тормозит, что с ним? все еле грузится.",3,payme,приложение страшно тормозит что с ним все еле грузится,-1
"вы что совсем голову потеряли, не возможно войти если не обновит. если у человека времени нет или трафика, или вообще памяти не хватает на телефоне. как можно сделать принудительным обновлению!!!???",1,payme,вы что совсем голову потеряли не возможно войти если не обновит если у человека времени нет или трафика или вообще памяти не хватает на телефоне как можно сделать принудительным обновлению,-1
хорошо работает приложение,5,payme,хорошо работает приложение,1
Абсолютно нихрена не грузит,1,payme,абсолютно нихрена не грузит,-1
отлично,5,payme,отлично,1
Очень крутая фишка возьми сейчас оплати позже очень помогло в трудный момент спасибо,5,payme,очень крутая фишка возьми сейчас оплати позже очень помогло в трудный момент спасибо,1
zor ekan,5,payme,zor ekan,1
ro'yxatdan o‘tib bo'lmayapti. kod kelgandan keyin 4 talik pin kod kiritkanimdan keyin ekan oppoq hechqana yozuv ham chiqmayapti.,1,payme,royxatdan otib bolmayapti kod kelgandan keyin talik pin kod kiritkanimdan keyin ekan oppoq hechqana yozuv ham chiqmayapti,-1
klass,5,payme,klass,1
"Juda ham ishonchli ilova! Hammaga tavsiya qilaman, klientlar murojatlariga hech qachon be e'tibor emas❤️",5,payme,juda ham ishonchli ilova hammaga tavsiya qilaman klientlar murojatlariga hech qachon be etibor emas,1
"Humans не выходит в ""мобильные операторы"" не смогла оплатить мобильную связь.",5,payme,humans не выходит в мобильные операторы не смогла оплатить мобильную связь,-1
хороши памю,5,payme,хороши памю,1
klass,5,payme,klass,1
",отличное приложение спасибо",5,payme,отличное приложение спасибо,1
zor,5,payme,zor,1
👍,5,payme,,1
"молодцы что доли возможность выбрать старый дизайн. новый дизайн такой отвратительны, аж удалить приложение хочется. мне не понравился дизайн как тбс банк. один в один скопировано.",3,payme,молодцы что доли возможность выбрать старый дизайн новый дизайн такой отвратительны аж удалить приложение хочется мне не понравился дизайн как тбс банк один в один скопировано,-1
👍,5,payme,,1
Удобно быстро качественно добросовестно.,5,payme,удобно быстро качественно добросовестно,1
"при оплате кредита ""-"" невозможно вставить приложение просто тупо не может найти мой кредит из-за одного девиза. Приложение никак не может вставить!",1,payme,при оплате кредита невозможно вставить приложение просто тупо не может найти мой кредит изза одного девиза приложение никак не может вставить,-1
"приложение удобно для пользования, но есть не достатки не показывает в истории сумма зарплаты",3,payme,приложение удобно для пользования но есть не достатки не показывает в истории сумма зарплаты,-1
Всё нормально.,5,payme,всё нормально,1
👍,5,payme,,1
Невозможно пользоваться кэшбеком! Можно тратить кэшбек только за мобильных оплаты,1,payme,невозможно пользоваться кэшбеком можно тратить кэшбек только за мобильных оплаты,-1
супир,5,payme,супир,1
После обновления становится лучше Спасибо вам,5,payme,после обновления становится лучше спасибо вам,1
"Komissiyasi rosa yuqori, kredit olishni tiqishtiradi",1,payme,komissiyasi rosa yuqori kredit olishni tiqishtiradi,1
Judayam yaxshi 👍,5,payme,judayam yaxshi,1
zor,5,payme,zor,1
Плохо что 5 тыс уходять за месяц,5,payme,плохо что тыс уходять за месяц,-1
👍,5,payme,,1
Отличное приложение,5,payme,отличное приложение,1
Приложение СУПЕР !!! 👍👍👍,5,payme,приложение супер,1
отлично 👌,5,payme,отлично,1
Кайфую от этого приложения,5,payme,кайфую от этого приложения,-1
все отлично!!! 👍👍👍,5,payme,все отлично,1
ок,5,payme,ок,1
👍,5,payme,,1
",,,👍👍👍,,,",5,payme,,1
👍👍👍,5,payme,,1
очень хороший,5,payme,очень хороший,1
ок,5,payme,ок,1
"приложение хорошее, еще добавьте оплату квартплаты, и все будет чудесно",5,payme,приложение хорошее еще добавьте оплату квартплаты и все будет чудесно,1
"soat 5:57, 3-may, 4 marta sms jo'natdim, kelmadi, o'chirib tashladim, oradan qanchadir vaqtlardan keyin yuklab olarman",1,payme,soat may marta sms jonatdim kelmadi ochirib tashladim oradan qanchadir vaqtlardan keyin yuklab olarman,-1
отлично,5,payme,отлично,1
"Хотел сегодня установить, не получилось. С восьми часов утра до 3 часов дня снимал и отправлял видео для регистрации, не проходит и всё. Звонил в поддержку, данные правильные, вы через три часа попробуйте отправить видео, не прошло. Что это такое? Мне делать нечего, как целый день вам видео слать,которое не проходит? Если я не могу зарегиться, то зачем мне такое приложение? Снёс и установил другое. Разочарование.",1,payme,хотел сегодня установить не получилось с восьми часов утра до часов дня снимал и отправлял видео для регистрации не проходит и всё звонил в поддержку данные правильные вы через три часа попробуйте отправить видео не прошло что это такое мне делать нечего как целый день вам видео слатькоторое не проходит если я не могу зарегиться то зачем мне такое приложение снёс и установил другое разочарование,-1
zoʻr,5,payme,zor,1
"ввели комиссию при оплате оператора Ucell, конечно же нигде об этом не было упомяныто, ведь это не супер акция правильно? также после последних обновлений на андроиде периодически ошибку выдаёт, видимо процент дополнительный должен решить это проблему со временем.",1,payme,ввели комиссию при оплате оператора ucell конечно же нигде об этом не было упомяныто ведь это не супер акция правильно также после последних обновлений на андроиде периодически ошибку выдаёт видимо процент дополнительный должен решить это проблему со временем,-1
предложение отличное но можно идентификацию убрать,4,payme,предложение отличное но можно идентификацию убрать,1
super,5,payme,super,1
вообще мусор зачем платить каждый месяц по 39.999,1,payme,вообще мусор зачем платить каждый месяц по,-1
почему уменя автоматически списалос подписка пайме + подержка не отвечат и через телеграм бота пробовал уменя была привязана банковская карта некогда не был в подписке автоматически подключилас,3,payme,почему уменя автоматически списалос подписка пайме подержка не отвечат и через телеграм бота пробовал уменя была привязана банковская карта некогда не был в подписке автоматически подключилас,-1
"очень нравится, то, что удобно пользоваться.",5,payme,очень нравится то что удобно пользоваться,1
спасибо большое мне очень понравилось 🤩,5,payme,спасибо большое мне очень понравилось,1
Здравствуйте приложение хорошее удобное. но есть но - служба поддержки максимально плохое. Есть службы недействительные по которым проводил оплату и в итоге деньги просто уходили в никуда. это беспредел. я максимально недоволен Payme и больше не буду пользоватся этой платформой для платежей!,1,payme,здравствуйте приложение хорошее удобное но есть но служба поддержки максимально плохое есть службы недействительные по которым проводил оплату и в итоге деньги просто уходили в никуда это беспредел я максимально недоволен payme и больше не буду пользоватся этой платформой для платежей,-1
монопол бўлиб фоизга ўтиб кетти,1,payme,монопол блиб фоизга тиб кетти,1
"Очень часто тупит, постоянно какие то проблемы с этим приложением.",1,payme,очень часто тупит постоянно какие то проблемы с этим приложением,-1
"Приложения раньше работал лучше, но последнее время тяжело работает после обновления.",3,payme,приложения раньше работал лучше но последнее время тяжело работает после обновления,-1
ок,5,payme,ок,1
Tastiqlash kodi kelmaydi,1,payme,tastiqlash kodi kelmaydi,1
"Приложение стало просто отвратительно работать! Постоянно виснет, долго загружается, бесконечно просит очистить кеш. У меня Android 16, One UI 8.0, 100 Гб свободно, 8 Гб оперативки, которая тоже ничем не забита, и каждый раз, когда я пытаюсь либо сохранить квитанцию, либо поделиться ей хотя бы в тг, чтобы оттуда распечатать - это приложение вылетает! Я должна потратить час времени, чтобы выгрузить эти несчастные квитанции! С каждым обновлением только хуже и хуже!",1,payme,приложение стало просто отвратительно работать постоянно виснет долго загружается бесконечно просит очистить кеш у меня android one ui гб свободно гб оперативки которая тоже ничем не забита и каждый раз когда я пытаюсь либо сохранить квитанцию либо поделиться ей хотя бы в тг чтобы оттуда распечатать это приложение вылетает я должна потратить час времени чтобы выгрузить эти несчастные квитанции с каждым обновлением только хуже и хуже,-1
zor,5,payme,zor,1
неработает,1,payme,неработает,1
"Мое сообщение для создателем Payme ?!?!?! После последний обновление PAYME стал в прямом смысле ТУПИМ !!! очень сильно тупит , выходит запись что Payme не отвечает и ещё другое ... Пожалуйста исправте",5,payme,мое сообщение для создателем payme после последний обновление payme стал в прямом смысле тупим очень сильно тупит выходит запись что payme не отвечает и ещё другое пожалуйста исправте,-1
"ваше не работает и комисия много, и мониторинг не показывает все удалите эту приложение",1,payme,ваше не работает и комисия много и мониторинг не показывает все удалите эту приложение,-1
ассаломалекум охирги пайтда QRcod Билан муаммолар ва котиб колишлар юзага келмокда,2,payme,ассаломалекум охирги пайтда qrcod билан муаммолар ва котиб колишлар юзага келмокда,-1
не работает вапше,1,payme,не работает вапше,-1
я уже давно не пользуюсь пайми но от меня деньги списывают что можна делать,1,payme,я уже давно не пользуюсь пайми но от меня деньги списывают что можна делать,-1
Я уже не первый год пользуюсь этим приложением меня всё устраивало а сейчас в последнее время я сильно разочаровался вообще не возможно пользоваться даже открыть не всегда получается постоянно вылетает в чём проблема прошу пожалуйста разберитесь,1,payme,я уже не первый год пользуюсь этим приложением меня всё устраивало а сейчас в последнее время я сильно разочаровался вообще не возможно пользоваться даже открыть не всегда получается постоянно вылетает в чём проблема прошу пожалуйста разберитесь,-1
не очень хорошо работает,5,payme,не очень хорошо работает,1
берёт 4 990 сум за услуги ещё и до 18 лет не пускают,1,payme,берёт сум за услуги ещё и до лет не пускают,-1
шунча кварт платани тўлаганларим историяда йўқ бўлиб қолди силарни хато ўзидан ўзи 39.900 пулимни ечиб олди операторга телефон қилсам бирнима плюсга уланган шунга ечилди деди ким улади унга ўзидан ўзи уланиб қолдими бирўани хаққини евордила. уже кеч тей туги билан ўчириб ташадим,1,payme,шунча кварт платани тлаганларим историяда й блиб олди силарни хато зидан зи пулимни ечиб олди операторга телефон илсам бирнима плюсга уланган шунга ечилди деди ким улади унга зидан зи уланиб олдими бирани хаини евордила уже кеч тей туги билан чириб ташадим,-1
"после обновления стало сильно зависать, при входе в приложение",2,payme,после обновления стало сильно зависать при входе в приложение,-1
xarasho,5,payme,xarasho,1
ishlamayabdi qotib yotibdi ilovadan otvoryabdi,1,payme,ishlamayabdi qotib yotibdi ilovadan otvoryabdi,-1
все хорошо спасибо,5,payme,все хорошо спасибо,1
последнее время вылетает сообщение пэйми не отвечает,5,payme,последнее время вылетает сообщение пэйми не отвечает,-1
klass,5,payme,klass,1
добавьте в программу HUMOPAY,3,payme,добавьте в программу humopay,1
"с последним обновленим стал сильно тормозить, а порой даже не открываться, также иногда на мониторинге не показывает сумму баланса карты",1,payme,с последним обновленим стал сильно тормозить а порой даже не открываться также иногда на мониторинге не показывает сумму баланса карты,-1
"Так надоело это.. Даже при стабильном интернете, пока приложение прогрузится, порой не мало времени проходит. Нажимаю иконку приложения, и сначала появляется на несколько секунд белый экран. Потом ещё немколько секунд ждёшь окно с воодом пинкода или биометрии, потом ждёшь пока прогрузится интерфейс. Когда надо быстро оплатить, в итоге стоишь и ждёшь пока приложение одуплится. Не вижу смысла просить даже исправить такую работу приложения. Не сможете. А раньше приложение было крутым 😔",1,payme,так надоело это даже при стабильном интернете пока приложение прогрузится порой не мало времени проходит нажимаю иконку приложения и сначала появляется на несколько секунд белый экран потом ещё немколько секунд ждёшь окно с воодом пинкода или биометрии потом ждёшь пока прогрузится интерфейс когда надо быстро оплатить в итоге стоишь и ждёшь пока приложение одуплится не вижу смысла просить даже исправить такую работу приложения не сможете а раньше приложение было крутым,-1
Mani kartam dan bular xech kanaka mani ruxsatmsz 40 ming pulimi yechvogan bularga kartezi ulab utirmen tovlamachi bular kartezi ulasez uzidan uzi pul yechvoluradi kaytarib bermidi piderjkaga yozsez jovob bermidi,1,payme,mani kartam dan bular xech kanaka mani ruxsatmsz ming pulimi yechvogan bularga kartezi ulab utirmen tovlamachi bular kartezi ulasez uzidan uzi pul yechvoluradi kaytarib bermidi piderjkaga yozsez jovob bermidi,-1
"Нимага ишламаяпти пайми, муаммо интернет деяпти, лекин интернетда муаммо йук. Киришни имкони бумаяпти.",5,payme,нимага ишламаяпти пайми муаммо интернет деяпти лекин интернетда муаммо йук киришни имкони бумаяпти,-1
ishlamayapti umumaaaan ilovaga kirib bulmayapti,1,payme,ishlamayapti umumaaaan ilovaga kirib bulmayapti,-1
КОГДА НАДО НЕ РАБОТАЮТ,1,payme,когда надо не работают,-1
Ishlamay qolyapdiku rasvosini chiqaryapsilar nima ahvol bu internet aloqasi yuq deb 3 soatdan buyon sharmanda buldi odam zapravkada karta yugidi yuqotinglar bunaqa narsani,1,payme,ishlamay qolyapdiku rasvosini chiqaryapsilar nima ahvol bu internet aloqasi yuq deb soatdan buyon sharmanda buldi odam zapravkada karta yugidi yuqotinglar bunaqa narsani,-1
не работает вообще несколько раз пришлось переустанавливать что купить в магазине,1,payme,не работает вообще несколько раз пришлось переустанавливать что купить в магазине,-1
приложение не открывается,4,payme,приложение не открывается,-1
Вдруг перестал устраивать интернет. Не могу войти. И вайфай и мобильный.,1,payme,вдруг перестал устраивать интернет не могу войти и вайфай и мобильный,-1
nimaga paymega kirib bumayobdi,5,payme,nimaga paymega kirib bumayobdi,-1
"Здравствуйте разработчики,у вас снова проблемы с приложением,не открывается приложение,не могу получить доступ хотя правильно набираю пароль ,говорит нет интернета,проверьте соединение,хотя интернет есть,надо решить эту проблему.",2,payme,здравствуйте разработчикиу вас снова проблемы с приложениемне открывается приложениене могу получить доступ хотя правильно набираю пароль говорит нет интернетапроверьте соединениехотя интернет естьнадо решить эту проблему,-1
"изза того что не работает нормально, я не смог заплатить в магазине",1,payme,изза того что не работает нормально я не смог заплатить в магазине,-1
"тупить, не работает когда надо. Бесит",1,payme,тупить не работает когда надо бесит,-1
👎👎👎 ваше не работает,1,payme,ваше не работает,-1
"После перехода сервиса к новому владельцу качество работы приложения заметно ухудшилось. Если раньше система работала стабильно и без сбоев, то сейчас пользоваться приложением стало крайне затруднительно. На данный момент возникают серьезные технические проблемы: приложение часто не запускается, зависает на этапе входа или выдает сообщение о том, что оно не отвечает. В результате становится невозможным выполнить даже базовые действия, не говоря уже о полноценной работе.",1,payme,после перехода сервиса к новому владельцу качество работы приложения заметно ухудшилось если раньше система работала стабильно и без сбоев то сейчас пользоваться приложением стало крайне затруднительно на данный момент возникают серьезные технические проблемы приложение часто не запускается зависает на этапе входа или выдает сообщение о том что оно не отвечает в результате становится невозможным выполнить даже базовые действия не говоря уже о полноценной работе,-1
"Assalomalekum! Ilova yaxshi lekin har doim ilovaga kirgan vaqt Access denied yozuvi chiqadi va negadir juda sekin ishlaydi, muammo telefondan desam qolgan bank ilovalari tez ishlab turibdi. Ayrim paytda ilovaga kirish parolini kiritgandan keyin yoki o'tkazmalarni tasdiqlash uchun 1-2 daqiqa oralig'ida vaqt ketayapdi. Shu muammo bartaraf etilsa yaxshi bo'lar edi.",4,payme,assalomalekum ilova yaxshi lekin har doim ilovaga kirgan vaqt access denied yozuvi chiqadi va negadir juda sekin ishlaydi muammo telefondan desam qolgan bank ilovalari tez ishlab turibdi ayrim paytda ilovaga kirish parolini kiritgandan keyin yoki otkazmalarni tasdiqlash uchun daqiqa oraligida vaqt ketayapdi shu muammo bartaraf etilsa yaxshi bolar edi,-1
👍👍👍,4,payme,,1
ispravte zatormojenie pri vhode,3,payme,ispravte zatormojenie pri vhode,1
super,5,payme,super,1
Аввал муаммосиз ишлаётган эди россияда Энди впнсиз ишламябди умуман нима сабабдан? бу ёғи впн ҳам Энди ишламябди россияда.. Умуман фойдаланиб бўлмаябди,3,payme,аввал муаммосиз ишлаётган эди россияда энди впнсиз ишламябди умуман нима сабабдан бу ёи впн ам энди ишламябди россияда умуман фойдаланиб блмаябди,-1
"Обновите свой IT отдел, приложение кривовато работает.",1,payme,обновите свой it отдел приложение кривовато работает,-1
Payme класс очень удобно с Вами работать,5,payme,payme класс очень удобно с вами работать,1
работает отлично и вовремя,5,payme,работает отлично и вовремя,1
зур илова,5,payme,зур илова,1
я 10 лет с пейми ....,5,payme,я лет с пейми,1
qotib ishlavotti,1,payme,qotib ishlavotti,-1
хорошие приложения мне наривться,5,payme,хорошие приложения мне наривться,1
"Постлянно пишет, что пайме не отвечает, но обновления нет. Не могу понять в чем проблема?",1,payme,постлянно пишет что пайме не отвечает но обновления нет не могу понять в чем проблема,-1
"приложение стало плохо работать,после бновления, заходишь в приложения,и оно вылетает, приходится раз пять на него кликать, чтобы оно, запустилось. Раньше работало хорошо,а теперь тупит???...",1,payme,приложение стало плохо работатьпосле бновления заходишь в приложенияи оно вылетает приходится раз пять на него кликать чтобы оно запустилось раньше работало хорошоа теперь тупит,-1
Musr kamisiyasi juda ko'p umuman bo'midi tafsiya bermiman.,1,payme,musr kamisiyasi juda kop umuman bomidi tafsiya bermiman,-1
"Раньше хорошо работало, теперь нет",1,payme,раньше хорошо работало теперь нет,1
haroshiy,5,payme,haroshiy,1
"здравствуйте, в последнюю неделю ужасро тормозит, не заходит с первого раза",1,payme,здравствуйте в последнюю неделю ужасро тормозит не заходит с первого раза,-1
большие процент ы,1,payme,большие процент ы,1
"Приложение очень удобное, НО в последнее время зависает жёстко либо выбрасывает вообще. Куда смотрят разработчики этого приложения. Возможно, это связано с тем , что приложение не адаптираванно под 16 Андроид",1,payme,приложение очень удобное но в последнее время зависает жёстко либо выбрасывает вообще куда смотрят разработчики этого приложения возможно это связано с тем что приложение не адаптираванно под андроид,-1
зур,5,payme,зур,1
здравствуйте у меня в мониторинг нет об оплате штрафа ГИБДД я оплатил квитанцию нет,5,payme,здравствуйте у меня в мониторинг нет об оплате штрафа гибдд я оплатил квитанцию нет,-1
илова яхши ишламияпти,1,payme,илова яхши ишламияпти,-1
Рухсатингсиз бир нималарга обуна булиб пулингни ечиб олади. Тулик ишонманг.,1,payme,рухсатингсиз бир нималарга обуна булиб пулингни ечиб олади тулик ишонманг,-1
payme super,5,payme,payme super,1
"I don't like new interface, return the old one!",1,payme,i dont like new interface return the old one,1
мне не понравилось без причин денги пропадают,1,payme,мне не понравилось без причин денги пропадают,-1
Очень удобно,5,payme,очень удобно,1
хорошо,5,payme,хорошо,1
zor ilova,5,payme,zor ilova,1
Antivirus SDK o'rnatish kerak emas edi. Endi har safar ilova ishga tushayotganda tezkor xotirani maksimal darajada band qilib qo'yyapti,3,payme,antivirus sdk ornatish kerak emas edi endi har safar ilova ishga tushayotganda tezkor xotirani maksimal darajada band qilib qoyyapti,-1
"после последнего обновления стал жёстко глючить, до обновления все было ок",3,payme,после последнего обновления стал жёстко глючить до обновления все было ок,-1
хорошо,5,payme,хорошо,1
ok,5,payme,ok,1
отлично,5,payme,отлично,1
энг зури,5,payme,энг зури,1
Кешбекни нима учун ишлатиб бўлмаяпти,3,payme,кешбекни нима учун ишлатиб блмаяпти,-1
зор,5,payme,зор,1
последние время тормозит,5,payme,последние время тормозит,-1
класс,5,payme,класс,1
"хумо пай, нфс оплатани кушишни иложини килиб беринглар",5,payme,хумо пай нфс оплатани кушишни иложини килиб беринглар,-1
"пользовался вашим приложением. могу сказать только одно. хуже только ваше приложение. сняли деньги за подписку,которую я не оформлял.перевалили всю вину на клиента и довольные. не советую это приложение. да да да рассказывайте сказки. никаких услуг не подключал ни я ни кто либо ещё с моего телефона. если только payme приложение сами сняли без согласования деньги с моей карточки. ваше приложение удалил в дальнейшем пользоваться не собираюсь.",1,payme,пользовался вашим приложением могу сказать только одно хуже только ваше приложение сняли деньги за подпискукоторую я не оформлялперевалили всю вину на клиента и довольные не советую это приложение да да да рассказывайте сказки никаких услуг не подключал ни я ни кто либо ещё с моего телефона если только payme приложение сами сняли без согласования деньги с моей карточки ваше приложение удалил в дальнейшем пользоваться не собираюсь,-1
👌,5,payme,,1
"приложение отличное, но почему то всегда выходит ""payme не отвечает"" я не смог исправить, установлен последний обновление и тел норм редми нот 14, переустановил, перезапустил всё равно так выходит но сам приложение работает, как исправить это",5,payme,приложение отличное но почему то всегда выходит payme не отвечает я не смог исправить установлен последний обновление и тел норм редми нот переустановил перезапустил всё равно так выходит но сам приложение работает как исправить это,-1
"Приложение даёт и рекламирует кэшбэк, но чтобы его использовать нужно подключится к платной услуги. А в последнее время ещё проценты за оплату начали брать, видимо совсем все плохо у них стало что так низко опустились.",1,payme,приложение даёт и рекламирует кэшбэк но чтобы его использовать нужно подключится к платной услуги а в последнее время ещё проценты за оплату начали брать видимо совсем все плохо у них стало что так низко опустились,-1
Что-то в последнее время приложение чересчур лагает началось после последнего обновления,4,payme,чтото в последнее время приложение чересчур лагает началось после последнего обновления,-1
спасибо за крутое приложение,5,payme,спасибо за крутое приложение,1
Payme+ уберите эту функцию или хотя-бы автоподписка я нечаянно нажал пейми плус и сняли 40тыщ и я сразу писал на оператора они сказали что не возможно вернуть денег!!!!!,1,payme,payme уберите эту функцию или хотябы автоподписка я нечаянно нажал пейми плус и сняли тыщ и я сразу писал на оператора они сказали что не возможно вернуть денег,-1
очень сильно стало зависать приложение при входе в него,3,payme,очень сильно стало зависать приложение при входе в него,-1
"последние время приложение испортилось после входа несколько раз выкидывает назад,счёт карточек куда-то исчезает .работает с опозданием,в общем прога испортилась,печально.",2,payme,последние время приложение испортилось после входа несколько раз выкидывает назадсчёт карточек кудато исчезает работает с опозданиемв общем прога испортиласьпечально,-1
"после последнего обновления приложение стало не стабильно часто вылетает,тормозит...",3,payme,после последнего обновления приложение стало не стабильно часто вылетаеттормозит,-1
zor,5,payme,zor,1
очень часто проблемы с мерчантом. плюс двойные списания на кассе. да и открывается положение медленно.,1,payme,очень часто проблемы с мерчантом плюс двойные списания на кассе да и открывается положение медленно,-1
"Приложение сильно глючить. Оплата не проходит, и потом раз и двойное списание. Постоянно зависает при открытии. И это с учётом того что у меня Payme ➕️. Со следующего месяца перейду на Click",1,payme,приложение сильно глючить оплата не проходит и потом раз и двойное списание постоянно зависает при открытии и это с учётом того что у меня payme со следующего месяца перейду на click,-1
Нега коммуналкага тулаб булмаяпди?,1,payme,нега коммуналкага тулаб булмаяпди,-1
👍,5,payme,,1
Комиссия завышенная и приложение слишком зависает,1,payme,комиссия завышенная и приложение слишком зависает,-1
ужасный сайт как только попали денгь я случайно подключила плус забрал все деньги,1,payme,ужасный сайт как только попали денгь я случайно подключила плус забрал все деньги,-1
Oxirgi yangilanishdan keyin parol terishda qotib qoladigan bòlib qoldi boshida,4,payme,oxirgi yangilanishdan keyin parol terishda qotib qoladigan blib qoldi boshida,-1
здравствуйте payme очень классный предложение советую всем бонус самые лучшие удобно вы лучшие так держать жду новый хороший доработки,5,payme,здравствуйте payme очень классный предложение советую всем бонус самые лучшие удобно вы лучшие так держать жду новый хороший доработки,1
После последнего обновления приложение стало сильно тормозить.,1,payme,после последнего обновления приложение стало сильно тормозить,-1
"Я не смог пройти аутентификацию при авторизации😂 думаете после этого я буду пользоваться вашим приложением?) а и да, не просите связаться с вами по почте, вы пользователям за это не платите и конкурентов у вас куча. Думаете людям делать больше нечего, как тратить свое время решение ваших проблем.",1,payme,я не смог пройти аутентификацию при авторизации думаете после этого я буду пользоваться вашим приложением а и да не просите связаться с вами по почте вы пользователям за это не платите и конкурентов у вас куча думаете людям делать больше нечего как тратить свое время решение ваших проблем,-1
ne rabotaet bez podtverjdeniya lichnosty,1,payme,ne rabotaet bez podtverjdeniya lichnosty,-1
отличное приложение),5,payme,отличное приложение,1
"после обновления стало лагать при входе в приложение долгая задержка, попрошу вас исправить.",3,payme,после обновления стало лагать при входе в приложение долгая задержка попрошу вас исправить,-1
zor,5,payme,zor,1
"На Android вообще не работает, тормозит и не грузит.",1,payme,на android вообще не работает тормозит и не грузит,-1
после последнего обновления приложение ужасно тормозит долго открывается разработчики исправьте ошибку,1,payme,после последнего обновления приложение ужасно тормозит долго открывается разработчики исправьте ошибку,-1
"почему не могу использовать КЕШ на коммунальные платежи, а ваш me+ не понимаю и не хочу подписываться на какие то платные услуги и так ваша комиссия за переводы заоблачная",1,payme,почему не могу использовать кеш на коммунальные платежи а ваш me не понимаю и не хочу подписываться на какие то платные услуги и так ваша комиссия за переводы заоблачная,-1
👍👍👍👍,5,payme,,1
"Уважаемые разработчики, в последнее время очень часто возникает ошибка «устройство не отвечает». Ранее всё работало в штатном режиме. Пожалуйста, обратите внимание на данную проблему.",4,payme,уважаемые разработчики в последнее время очень часто возникает ошибка устройство не отвечает ранее всё работало в штатном режиме пожалуйста обратите внимание на данную проблему,-1
2 звезда за то что проценты на пополнение мобильной связи,2,payme,звезда за то что проценты на пополнение мобильной связи,-1
После последнего обновления есть ошибка на андроид исправьте пожалуйста,1,payme,после последнего обновления есть ошибка на андроид исправьте пожалуйста,-1
отличное приложение 👍👍👍,5,payme,отличное приложение,1
zor,5,payme,zor,1
ok,5,payme,ok,1
Здравствуйте администрация сейчас сделал а толку не какого слетает программа раньше было все нормально как вы пишете обновите ни какого результата просто слетает и все сейчас пытаюсь а результат ноль,3,payme,здравствуйте администрация сейчас сделал а толку не какого слетает программа раньше было все нормально как вы пишете обновите ни какого результата просто слетает и все сейчас пытаюсь а результат ноль,-1
Uyin uchun pul yechib olindi lekin tashlab bermayabdi pubgdan shunga qanaqa chora kursa buladi 5 yildan buyon ishlataman xali bunaqa bulmagan otkaz qilaman desam bulmayabdi pulni qaytib bermaykan agar shunday bulsa bu ilovadan unaqa keraksiz foydasiz narsalarni olib tashlanglar,1,payme,uyin uchun pul yechib olindi lekin tashlab bermayabdi pubgdan shunga qanaqa chora kursa buladi yildan buyon ishlataman xali bunaqa bulmagan otkaz qilaman desam bulmayabdi pulni qaytib bermaykan agar shunday bulsa bu ilovadan unaqa keraksiz foydasiz narsalarni olib tashlanglar,-1
тех поддержка умуман ишламиди,1,payme,тех поддержка умуман ишламиди,-1
yahshi ishliydi komissiyasi qimmatlik qivotti,3,payme,yahshi ishliydi komissiyasi qimmatlik qivotti,1
eng zoʻr pragrama,5,payme,eng zor pragrama,1
zõr,5,payme,zr,1
супер спасибо,5,payme,супер спасибо,1
"Приложение прикольное,вся семья пользуеться и радуеться!! Но хотелось бы по меньше рекламы,потомучто на кассе когда стоишь, надо буквально верить в бога чтобы реклама не выскачила,и телефон не залагал. А так приложение СУПЕР!!😘",4,payme,приложение прикольноевся семья пользуеться и радуеться но хотелось бы по меньше рекламыпотомучто на кассе когда стоишь надо буквально верить в бога чтобы реклама не выскачилаи телефон не залагал а так приложение супер,-1
очень удобная прог,5,payme,очень удобная прог,1
Payme ilovasi zo'r.Menga yoqadi.Peyme ilovasi asoschilaridan rahmat.,5,payme,payme ilovasi zormenga yoqadipeyme ilovasi asoschilaridan rahmat,1
отлично спасибо большое спасибо,5,payme,отлично спасибо большое спасибо,1
buncha uslugasi otni kallasidek olasilar insofam kereda,1,payme,buncha uslugasi otni kallasidek olasilar insofam kereda,1
проста так списвет кажды день 50.000 сом просто так можите сказать што это,1,payme,проста так списвет кажды день сом просто так можите сказать што это,-1
"Охирги ""обновление""да ҳамма ёқни расво қилдийла. Приложениега кириш битта муаммо (парол терилгандан кейин 3-5 секунд ўйланиииб туради – кирсамми-кирмасамми, дегандай), кириб огандан кейин тўлов учун карта танлолмайсан – бутунлай ""музлаб"" қолади. Бекор Плюс обуна сотиб олибман(",1,payme,охирги обновлениеда амма ёни расво илдийла приложениега кириш битта муаммо парол терилгандан кейин секунд йланиииб туради кирсаммикирмасамми дегандай кириб огандан кейин тлов учун карта танлолмайсан бутунлай музлаб олади бекор плюс обуна сотиб олибман,-1
ishlati bómayapti,1,payme,ishlati bmayapti,1
Илова умуман ишламайди. Тормоз.,1,payme,илова умуман ишламайди тормоз,-1
лучше пользуйтесь приложением официальных банков,1,payme,лучше пользуйтесь приложением официальных банков,1
"Вчера,2.04.2026года Пайме с меня снял 39990сум,после снятия с карты пенсию.Комиссия банка 1% ..Раньше я не замечала это.Вчера день банка оказывается был.С пенсионеров за свой праздник сняли что ли? Мне это не понравилось,не стало куда либо жаловаться и удалила приложение",1,payme,вчерагода пайме с меня снял сумпосле снятия с карты пенсиюкомиссия банка раньше я не замечала этовчера день банка оказывается былс пенсионеров за свой праздник сняли что ли мне это не понравилосьне стало куда либо жаловаться и удалила приложение,-1
"Почему-то в приложении при положительном балансе отопления (2000) показывает красным и говорит что есть долг. Отопление уже отключили и платить не скоро, так и будет показывать не правильно.",4,payme,почемуто в приложении при положительном балансе отопления показывает красным и говорит что есть долг отопление уже отключили и платить не скоро так и будет показывать не правильно,-1
хорошо работает,5,payme,хорошо работает,1
"неоднократно подводили с оплатой при оформлении заказа в том же Bellissimo. при переходе в payme ""поставщик услуг временно недоступен"". в результате оплата не проходит, но промокод сгорает из-за вас. на кассе тоже бывало глючило, при этом деньги в итоге списывались дважды. поддержка не решает НИЧЕГО, абсолютно бесполезные общие фразы. разочарована. возвращаюсь к Click.",2,payme,неоднократно подводили с оплатой при оформлении заказа в том же bellissimo при переходе в payme поставщик услуг временно недоступен в результате оплата не проходит но промокод сгорает изза вас на кассе тоже бывало глючило при этом деньги в итоге списывались дважды поддержка не решает ничего абсолютно бесполезные общие фразы разочарована возвращаюсь к click,-1
"больше месяца невозможно посмотреть поступления, кто мне сколько отправил, сделала сбросить фильтры все равно не могу посмотреть доходы. раньше это было возможно",1,payme,больше месяца невозможно посмотреть поступления кто мне сколько отправил сделала сбросить фильтры все равно не могу посмотреть доходы раньше это было возможно,-1
не показывает мониторинг поступлений денег почему??,1,payme,не показывает мониторинг поступлений денег почему,-1
👍,5,payme,,1
zor,5,payme,zor,1
очень легко и быстро мне нравится,5,payme,очень легко и быстро мне нравится,1
nee xarowiy,1,payme,nee xarowiy,1
👍👍👏,5,payme,,1
приложение хорошие рекомендую всем,5,payme,приложение хорошие рекомендую всем,1
Поставил бы 5. Но не могу добавить другую карту. Пишут не совпадает ПНФЛ штоли. До этого можна было.,2,payme,поставил бы но не могу добавить другую карту пишут не совпадает пнфл штоли до этого можна было,-1
очень плохо,1,payme,очень плохо,-1
"Не работает предложение, на карте баланс не показывает",1,payme,не работает предложение на карте баланс не показывает,-1
впечатляет пять,5,payme,впечатляет пять,1
класс,5,payme,класс,1
zor,5,payme,zor,1
👍,5,payme,,1
Хорошо,5,payme,хорошо,1
"Слишком часто блокируется приложение, невозможно пользоваться переводами!",2,payme,слишком часто блокируется приложение невозможно пользоваться переводами,-1
Я не понимаю что с ним происходит не рикоминдую,1,payme,я не понимаю что с ним происходит не рикоминдую,-1
Не обновляется баланс коммунальных услуг в Мой дом,3,payme,не обновляется баланс коммунальных услуг в мой дом,-1
"Иной раз через сеть Wi-Fi не открывается, через мб работает.",4,payme,иной раз через сеть wifi не открывается через мб работает,-1
супер,5,payme,супер,1
tbc &payme 👎👎👎,1,payme,tbc payme,-1
nega bu ilova mandan ozidan ozi 40 ming pul yechib oldi shuni manga chuntirib berilar.,1,payme,nega bu ilova mandan ozidan ozi ming pul yechib oldi shuni manga chuntirib berilar,-1
Best,4,payme,best,1
Что та не открывается. удаляю,1,payme,что та не открывается удаляю,-1
просто мусор,1,payme,просто мусор,-1
"МОНИТОРИНГ ПЕРЕВОДОВ НЕ ПОКАЗЫВАЕТ ВОВРЕМЯ , ОПАЗДЫВАЕТ НА 5-6 ЧАСОВ НЕ УДОБНО , КАЛЛ ЦЕНТР НЕ ОТВЕЧАЕТ",3,payme,мониторинг переводов не показывает вовремя опаздывает на часов не удобно калл центр не отвечает,-1
Просто и понятно,5,payme,просто и понятно,1
Zor,5,payme,zor,1
yaxshi zörku ammo yeğilib qolgan keshbeklarimi ishlatish uchun 30 minli obunaga ulanishim kerak ekan bu juda ğalatikuu,2,payme,yaxshi zrku ammo yeilib qolgan keshbeklarimi ishlatish uchun minli obunaga ulanishim kerak ekan bu juda alatikuu,1
"вроде работает нормально, вот только бывает что чуточик глучить. а так всё нормально",5,payme,вроде работает нормально вот только бывает что чуточик глучить а так всё нормально,1
👍👍👍,5,payme,,1
Распознавания по лицу не работает на самсунг,5,payme,распознавания по лицу не работает на самсунг,-1
shiroqvo gulshirin,1,payme,shiroqvo gulshirin,1
Zor gap yoq ilova,5,payme,zor gap yoq ilova,1
ok super,5,payme,ok super,1
хорошо,5,payme,хорошо,1
Часто не работало приложен. при оплатах,2,payme,часто не работало приложен при оплатах,-1
зўр,5,payme,зр,1
👍,5,payme,,1
respect,5,payme,respect,1
oxirgi yangilanishdan keyin uyga soliq to'lashga kirsam qotib qolayapti. bazan chiqib ketayapti. rahmat,1,payme,oxirgi yangilanishdan keyin uyga soliq tolashga kirsam qotib qolayapti bazan chiqib ketayapti rahmat,1
edinfidikatsiyadan otmayapti operatir bilan boglanip bolmaydi ariza qabul qiladi aruza ustida ishlamaydi noqulay ilova keraksz,1,payme,edinfidikatsiyadan otmayapti operatir bilan boglanip bolmaydi ariza qabul qiladi aruza ustida ishlamaydi noqulay ilova keraksz,-1
обновление много времени занимает!!!,4,payme,обновление много времени занимает,-1
dolgo zagrujaytsya,3,payme,dolgo zagrujaytsya,1
judayam zõr ilova bu ilovadan foydalanayotganimdan judayam hursand man🥰,5,payme,judayam zr ilova bu ilovadan foydalanayotganimdan judayam hursand man,1
"После удаления приложения деньги за подписку payme+ продолжают списывать, да и после обращения в техподдержку написали деньги поступят обратно в течение 72 часов, прошла неделя деньги не вернули и техподдержка игнорит сутками сколько бы не писал",1,payme,после удаления приложения деньги за подписку payme продолжают списывать да и после обращения в техподдержку написали деньги поступят обратно в течение часов прошла неделя деньги не вернули и техподдержка игнорит сутками сколько бы не писал,-1
horoshiy,5,payme,horoshiy,1
Juda sekin ishlaydi,2,payme,juda sekin ishlaydi,-1
класс,5,payme,класс,1
класс,5,payme,класс,1
bolmaydi ozidan ozi pul yechib oladi ogohlantirmasdan 40 ming som,1,payme,bolmaydi ozidan ozi pul yechib oladi ogohlantirmasdan ming som,-1
barakatopining operator rahmat,5,payme,barakatopining operator rahmat,1
зур,5,payme,зур,1
🫰👍,5,payme,,1
oooooo yeeees,5,payme,oooooo yeeees,1
хорошо работает,5,payme,хорошо работает,1
yaxshi ishlidi xamelaga raxmat,5,payme,yaxshi ishlidi xamelaga raxmat,1
"как использовать кешбек? Оформил подписку paymeplus, не могу использовать кешбек в оплатах, не выходит такой вариант оплаты с помощью кешбека",1,payme,как использовать кешбек оформил подписку paymeplus не могу использовать кешбек в оплатах не выходит такой вариант оплаты с помощью кешбека,-1
payme ilovasi yaxshi lekin juda uslugasi koʼp inof bilan boʼlishi kerak,1,payme,payme ilovasi yaxshi lekin juda uslugasi kop inof bilan bolishi kerak,1
Я недоволен что они автоматический сняли денег за премиум,1,payme,я недоволен что они автоматический сняли денег за премиум,-1
keshbek tashlash nimagadur yoʻq 😡,1,payme,keshbek tashlash nimagadur yoq,-1
ок,5,payme,ок,1
Здравствуйте отличное приложения спасибо,5,payme,здравствуйте отличное приложения спасибо,1
super,5,payme,super,1
"Я отписался от пейми + , при переводе денег также берёте проценты, за что тогда платим?",4,payme,я отписался от пейми при переводе денег также берёте проценты за что тогда платим,-1
ассалам алейкум Ман телефон ракамимга пул ташлайман деб бошка картага пул ташлаб йуборибман илтимос пулмни кайтаришга йордам Бериб йуборинглар,2,payme,ассалам алейкум ман телефон ракамимга пул ташлайман деб бошка картага пул ташлаб йуборибман илтимос пулмни кайтаришга йордам бериб йуборинглар,-1
РАЙ МЕ ИШЛАМАЯПДИ З9.900 НИМА УЧУН КАРТАМДАН ОЛИБ КОЛАЯПСИЗЛАР МАН ШУ УСЛУГАНИ УЧИРМОКЧИМАН МАНГА КЕРАКМАС ИЛТИМОС УЧИРИБ БЕРИНГЛАР ШУНИ УЧИРАМАН ДЕБ НОТУГРИ КНОПКАНИ БОСДИМ ШЕКИЛЛИ,5,payme,рай ме ишламаяпди з нима учун картамдан олиб колаяпсизлар ман шу услугани учирмокчиман манга керакмас илтимос учириб беринглар шуни учираман деб нотугри кнопкани босдим шекилли,-1
не могу зарегистрироваться,1,payme,не могу зарегистрироваться,-1
zoʻr,5,payme,zor,1
Класс!!!!!!,5,payme,класс,1
super,5,payme,super,1
Служба поддержки не отвечает на запросы направляемые в PaymeHelp по телеграм,5,payme,служба поддержки не отвечает на запросы направляемые в paymehelp по телеграм,-1
установил из-за оплата по QR коду пайме стоит. Посмотрим как остальные функции работает.,2,payme,установил изза оплата по qr коду пайме стоит посмотрим как остальные функции работает,-1
Здравствуйте! Я в первые в шоке. Сегодня утром у меня с карты без моего ведома вы списали 39.999 Я не подписывалась на ваши подписки 😡😡😡,1,payme,здравствуйте я в первые в шоке сегодня утром у меня с карты без моего ведома вы списали я не подписывалась на ваши подписки,-1
zo'r ilova,5,payme,zor ilova,1
ajoyib,5,payme,ajoyib,1
🙂,5,payme,,1
Рахмат ёрдам берганингиз учун.,5,payme,рахмат ёрдам берганингиз учун,-1
все ок,5,payme,все ок,1
yaxshi ishlavotti,5,payme,yaxshi ishlavotti,1
"Нимага мани телефонимдан не совместимость килиб куйдинглар, хамма хам смартфонни озирги русумини ололмайди, лекин мани карталарим хаммаси шуерда, совместимость килиб куйинг.",1,payme,нимага мани телефонимдан не совместимость килиб куйдинглар хамма хам смартфонни озирги русумини ололмайди лекин мани карталарим хаммаси шуерда совместимость килиб куйинг,-1
"вечные проблемы с переводом и оплатой, оплатил за метро и через 3 минуты qr-код сам по себе отменяется а я не прошел! очень переоцененное приложение",1,payme,вечные проблемы с переводом и оплатой оплатил за метро и через минуты qrкод сам по себе отменяется а я не прошел очень переоцененное приложение,-1
Yaxshi,5,payme,yaxshi,1
oldin yaxshi edi ilova. hozir aynibdi kirdi chiqdi ma'lumotlarini ko'rsatish juda tushunarsiz bo'lib qolgan. iltimos to'g'irlashiylarni so'rab qolaman,3,payme,oldin yaxshi edi ilova hozir aynibdi kirdi chiqdi malumotlarini korsatish juda tushunarsiz bolib qolgan iltimos togirlashiylarni sorab qolaman,-1
Qulayligi zur ekan raxmat,5,payme,qulayligi zur ekan raxmat,1
последнее обновление ужасное. постоянно самопроизвольно сворачивает и требует ввести пароль чтобы снова зайти,1,payme,последнее обновление ужасное постоянно самопроизвольно сворачивает и требует ввести пароль чтобы снова зайти,-1
само списала денег на payme plus и нельзя вернуть средства ужасно,1,payme,само списала денег на payme plus и нельзя вернуть средства ужасно,-1
zoʻr,5,payme,zor,1
отличная программа,5,payme,отличная программа,1
"Бу программа энг Ҳаром , Ифлос экан .",1,payme,бу программа энг аром ифлос экан,-1
"почему нет уведомления о переводе, поступление денег?",5,payme,почему нет уведомления о переводе поступление денег,-1
"Каждое приложение по своему хорошее. payme по своему хорошее, клик по своему.",5,payme,каждое приложение по своему хорошее payme по своему хорошее клик по своему,1
"Payme plus работает когда захочет. Кэшбек можно использовать только для оплаты мобильного оператора и все! Очень долго загрузится после оплаты за коммуналки, не сразу показывает оплаченные суммы.",2,payme,payme plus работает когда захочет кэшбек можно использовать только для оплаты мобильного оператора и все очень долго загрузится после оплаты за коммуналки не сразу показывает оплаченные суммы,-1
"Пользовался подпиской payme+ первый бесплатный месяц, очень активно использовал ""Отсрочку платежей"" и мне всё нравилось, я вовремя выплачивал и брал деньги когда угодно. Наступает новый месяц, я хочу оплатить старые отсрочки, а виджета просто нет. Я в поисках оплатить свой долг ищу это раздел в ""Сервисах"". Нажимаю и буквально ничего не грузит, белый экран, пробовал перезаходить, перезагружать, использовать другой источник сети и все самые разные способы, ничего не помогло, а ведь остался один де",3,payme,пользовался подпиской payme первый бесплатный месяц очень активно использовал отсрочку платежей и мне всё нравилось я вовремя выплачивал и брал деньги когда угодно наступает новый месяц я хочу оплатить старые отсрочки а виджета просто нет я в поисках оплатить свой долг ищу это раздел в сервисах нажимаю и буквально ничего не грузит белый экран пробовал перезаходить перезагружать использовать другой источник сети и все самые разные способы ничего не помогло а ведь остался один де,-1
неправильно отображает данные!!!!,3,payme,неправильно отображает данные,-1
"В последнее время начало сильно зависать, если смотришь мониторинг или производишь оплату то при переходе на главный экран начинается долгая загрузка, если временно выйти и опять зайти с подтверждением пинкода то в приложение уже не войти, необходимо удалить приложение из памяти и заново открывать. Странно что многие услуги сделали платными и увеличили тарифы а приложение до ума довести не могут, каждое обновление делает программу хуже чем было.",1,payme,в последнее время начало сильно зависать если смотришь мониторинг или производишь оплату то при переходе на главный экран начинается долгая загрузка если временно выйти и опять зайти с подтверждением пинкода то в приложение уже не войти необходимо удалить приложение из памяти и заново открывать странно что многие услуги сделали платными и увеличили тарифы а приложение до ума довести не могут каждое обновление делает программу хуже чем было,-1
ужасно работает 👎👎👎👎👎👎👎👎👎,1,payme,ужасно работает,-1
bu ilova umuman bomuydigan ilova ishlatishga tavsiya qilmayman,1,payme,bu ilova umuman bomuydigan ilova ishlatishga tavsiya qilmayman,1
Приложение не работает,1,payme,приложение не работает,-1
очень удобно и быстро!,5,payme,очень удобно и быстро,1
besh,5,payme,besh,1
👍👍👍👍,5,payme,,1
"200 минг сўм фоизи бир ой бўлмасдан 100минг туғибди! Проста қойил қолдим! 200 лимит бераяпти, бир дўконда 40 бошқасида 30 ва х. к. 200 ишлатяпман! Лекин нега алохида алохида фоиз чиқяпди? Умумий хисобласа фойда камроқ бўладими?",1,payme,минг см фоизи бир ой блмасдан минг туибди проста ойил олдим лимит бераяпти бир дконда бошасида ва х к ишлатяпман лекин нега алохида алохида фоиз чияпди умумий хисобласа фойда камро бладими,-1
окей майме,5,payme,окей майме,1
Juda sifatsiz soramastan pullarni yechib oladi maslaxat bermayman foydalanishni 10 dan 0 qoyaman,1,payme,juda sifatsiz soramastan pullarni yechib oladi maslaxat bermayman foydalanishni dan qoyaman,-1
низкий даже ниже 1,1,payme,низкий даже ниже,1
не рекомендую,1,payme,не рекомендую,1
"если кешбек я не могу использовать без подписки а подписка стоит 40000 сум ежемесячно,нафиг нужен этот кешбек? удаляю приложение",1,payme,если кешбек я не могу использовать без подписки а подписка стоит сум ежемесячнонафиг нужен этот кешбек удаляю приложение,-1
"Ikki soatdan beri urinaman. Keshbek hisobidan krexit yopishga. Keyin bilsam odamni jinni qilib qo‘ygan ekan to‘lov qiliah ishlamas ekan keshbek hisobidan. Mobil operatorlarga ketyapti nu kreditga emas. 1. P2P qimmat. Infinda humodan humoga tekin. Hamkor, uzumda oylik limit shunchhaki beriladi va karta abarot srazi chiqadi. A bularda shungayam to‘lov 40000 so‘m. Bitta qulayligi to‘lov imkoniyati ko‘p. Atak payme ni davri o‘tgan tavsya qmiman. Imkonsiz narsa bn odamlarni aldamang.",1,payme,ikki soatdan beri urinaman keshbek hisobidan krexit yopishga keyin bilsam odamni jinni qilib qoygan ekan tolov qiliah ishlamas ekan keshbek hisobidan mobil operatorlarga ketyapti nu kreditga emas pp qimmat infinda humodan humoga tekin hamkor uzumda oylik limit shunchhaki beriladi va karta abarot srazi chiqadi a bularda shungayam tolov som bitta qulayligi tolov imkoniyati kop atak payme ni davri otgan tavsya qmiman imkonsiz narsa bn odamlarni aldamang,-1
отлично,5,payme,отлично,1
ok,4,payme,ok,1
"охирги пайтда жудаям ёмон ишлаяпти, котиб колади, уз узидан иловадан чикиб кетади",1,payme,охирги пайтда жудаям ёмон ишлаяпти котиб колади уз узидан иловадан чикиб кетади,-1
зур,5,payme,зур,1
суппер приложения,5,payme,суппер приложения,1
ok,5,payme,ok,1
супер респект круто,5,payme,супер респект круто,1
23-Fevral. ishlamaypti. ilova umuman ochilmayapti,1,payme,fevral ishlamaypti ilova umuman ochilmayapti,-1
плохое предложение через месяц у вас возьмёт деньги,1,payme,плохое предложение через месяц у вас возьмёт деньги,-1
Зўр,5,payme,зр,1
zor,5,payme,zor,1
"Раньше работала отлично, а сейчас работает ненормально. Не показывает точную сумму сколько осталось на коммуналках. Долги вообще не показывает. И открывается очень долго. Ещё обслуживание вообще плохое!",1,payme,раньше работала отлично а сейчас работает ненормально не показывает точную сумму сколько осталось на коммуналках долги вообще не показывает и открывается очень долго ещё обслуживание вообще плохое,-1
"я поставил два звёзд,он просит фото,зачем нужно а,раньше не просила, у меня камера нерабочие,а остальное вроде нормально.",2,payme,я поставил два звёздон просит фотозачем нужно араньше не просила у меня камера нерабочиеа остальное вроде нормально,-1
зор,5,payme,зор,1
Приложение после обновления плохо работает иногда вообще не открывает,1,payme,приложение после обновления плохо работает иногда вообще не открывает,-1
оч вр,2,payme,оч вр,1
супер,5,payme,супер,1
САМОЕ ХУДШЕЕ ПРИЛОЖЕНИЕ,1,payme,самое худшее приложение,1
payme hammadan 39990 som pul yechobdimi har oy?,1,payme,payme hammadan som pul yechobdimi har oy,-1
"Почему у меня не обновляется ? Приложение отличное, но почему то сейчас не обновляется.",5,payme,почему у меня не обновляется приложение отличное но почему то сейчас не обновляется,-1
жуда кулай,5,payme,жуда кулай,-1
"Bir yulduz qoʻyganim sababi,Yangi obnovleniyadan keyin keshbekni ishlatib boʻlmayabdi keyingi toʻlov ham shu pulni koʻrsamoqda lekin sariflashni ilojisi yoʻq.",1,payme,bir yulduz qoyganim sababiyangi obnovleniyadan keyin keshbekni ishlatib bolmayabdi keyingi tolov ham shu pulni korsamoqda lekin sariflashni ilojisi yoq,-1
"TBC банк просрали такое классное приложение. Раньше пользовался только им, теперь постоянно проблемы. Каждую минуту приложение вылетает и перезагружается. Тупо не могу добавить в приложение карту. Ужас",1,payme,tbc банк просрали такое классное приложение раньше пользовался только им теперь постоянно проблемы каждую минуту приложение вылетает и перезагружается тупо не могу добавить в приложение карту ужас,-1
yaxshi,5,payme,yaxshi,1
"мошенники, подписки разные сами по себе активируют и с карты самовольно снимают деньги. никакого беспокойство нет у меня. Слава Богу удалил с вас аккаунт и больше нет желания пользоваться мошенническими услугами",1,payme,мошенники подписки разные сами по себе активируют и с карты самовольно снимают деньги никакого беспокойство нет у меня слава богу удалил с вас аккаунт и больше нет желания пользоваться мошенническими услугами,-1
"Не по душе, много циганить.",1,payme,не по душе много циганить,-1
высокие комиссии на переводы.,1,payme,высокие комиссии на переводы,-1
"Здравствуйте! Невозможно произвести оплату услуг так, как во вкладках не отображается список услуг, там полная пустота. Просим устранить баги.",4,payme,здравствуйте невозможно произвести оплату услуг так как во вкладках не отображается список услуг там полная пустота просим устранить баги,-1
доверяю,5,payme,доверяю,1
Пейме отлична,1,payme,пейме отлична,1
"С некоторого времени перестало работать за пределами Узбекистана. Техподдержка знает об этом, но ничего не делает. Хорошо что есть Click",1,payme,с некоторого времени перестало работать за пределами узбекистана техподдержка знает об этом но ничего не делает хорошо что есть click,-1
Отличное приложение!!!,5,payme,отличное приложение,1
👍 👍 👍 👍,5,payme,,1
Zor ilova,5,payme,zor ilova,1
здравствуйте сделайте пожалуйста чтобы можно было сделать скриншот. чтобы я мог доказать что я перевёл деньги.,3,payme,здравствуйте сделайте пожалуйста чтобы можно было сделать скриншот чтобы я мог доказать что я перевёл деньги,-1
zor,5,payme,zor,1
"исправьте безопасность , при звонках (разговоре) все ещё есть доступ к приложению.",1,payme,исправьте безопасность при звонках разговоре все ещё есть доступ к приложению,-1
не могу добавить visa карту,1,payme,не могу добавить visa карту,-1
Peyme bilan tez va oson👍,5,payme,peyme bilan tez va oson,1
✊🏻✊🏻,5,payme,,1
приложение супер всё работает,5,payme,приложение супер всё работает,1
Bahtiyor,5,payme,bahtiyor,1
👍,5,payme,,1
спасибо за оперативность,5,payme,спасибо за оперативность,1
"Запустили принудительную идентификацию, которая НЕ РАБОТАЕТ. Пользоваться невозможно.",1,payme,запустили принудительную идентификацию которая не работает пользоваться невозможно,-1
👎🏻,1,payme,,1
почему не получается пройти ферверкацию? раньше работало нормально а щас бесить просто,3,payme,почему не получается пройти ферверкацию раньше работало нормально а щас бесить просто,-1
"Заходил в приложение через день. Но все равно затребовали идентефикацию. А я не могу доверять Вам пока в публичной оферте о персональных данных есть такой пункт 2.2 и строки о разрешении мной ""передачу третьим лицам (в том числе - на территорию иностранных государств, как обеспечивающих, так и не обеспечивающих адекватную защиту прав субъектов персональных данных"". Я не хочу передавать свои данные туда где не обеспечивают адекватную защиту моих прав. Кто Вам дал право передавать их туда???",1,payme,заходил в приложение через день но все равно затребовали идентефикацию а я не могу доверять вам пока в публичной оферте о персональных данных есть такой пункт и строки о разрешении мной передачу третьим лицам в том числе на территорию иностранных государств как обеспечивающих так и не обеспечивающих адекватную защиту прав субъектов персональных данных я не хочу передавать свои данные туда где не обеспечивают адекватную защиту моих прав кто вам дал право передавать их туда,-1
самое ужасное дебильное приложение. Не работает. Нельзя оплатить.,1,payme,самое ужасное дебильное приложение не работает нельзя оплатить,-1
"после обновления придётся подтвердить личность (18+) какого-то хрена, когда в стране можно открыть карту и даже устроиться на работу с 16 лет",1,payme,после обновления придётся подтвердить личность какогото хрена когда в стране можно открыть карту и даже устроиться на работу с лет,-1
"в недавних обновлениях запретили делать скриншот основного экрана раньше очень было удобно верните эту функцию пожалуйста, или добавьте вкл/откл скриншота экрана",3,payme,в недавних обновлениях запретили делать скриншот основного экрана раньше очень было удобно верните эту функцию пожалуйста или добавьте вклоткл скриншота экрана,1
ок,5,payme,ок,1
зор,5,payme,зор,1
"хочу удалить приложение, почему я не могу войти в приложение, чтобы удали все свои карты без внесения своих паспортных данных?",1,payme,хочу удалить приложение почему я не могу войти в приложение чтобы удали все свои карты без внесения своих паспортных данных,-1
"неработает приложение боты поганые, требует паспортные данные и сканирование лицо, без этого не попадеш в приложение. при скане лица ошыбка вот и конец.",1,payme,неработает приложение боты поганые требует паспортные данные и сканирование лицо без этого не попадеш в приложение при скане лица ошыбка вот и конец,-1
👍,5,payme,,1
raxmat,5,payme,raxmat,1
"у меня не заходит в приложение, просит подтвердить личность , но я не буду , мне не впадлу , но заставлять подтвердить личность это наверное сверхразум придумал , если не подтвердить то не зайду в приложение ?? тогда удалить , скачаю альтернативу, или вообще не буду использовать, много лет пользовался , анлак",1,payme,у меня не заходит в приложение просит подтвердить личность но я не буду мне не впадлу но заставлять подтвердить личность это наверное сверхразум придумал если не подтвердить то не зайду в приложение тогда удалить скачаю альтернативу или вообще не буду использовать много лет пользовался анлак,-1
"Платёжный сервис, который не обеспечивает своевременное проведение оплат, вызывает серьёзные вопросы. Задержки и медленное решение проблем — это недопустимо для финансовой платформы. Пользователи рассчитывают на надёжность, но на практике приходится тратить время и нервы на решение элементарных вопросов. Надеюсь, Payme пересмотрит подход к работе с клиентами.",1,payme,платёжный сервис который не обеспечивает своевременное проведение оплат вызывает серьёзные вопросы задержки и медленное решение проблем это недопустимо для финансовой платформы пользователи рассчитывают на надёжность но на практике приходится тратить время и нервы на решение элементарных вопросов надеюсь payme пересмотрит подход к работе с клиентами,-1
"чё вы там исполнять начали вообще не понятно, убили приложение в 0, хотя и так не ахти работало, теперь ещё и зайти невозможно из-за ваших идентификаций",1,payme,чё вы там исполнять начали вообще не понятно убили приложение в хотя и так не ахти работало теперь ещё и зайти невозможно изза ваших идентификаций,-1
дорого пайми плюс,3,payme,дорого пайми плюс,-1
Программада давлат хизматлари ва штрафлар очмаяпти. Илтимос шуни тугирланг.,1,payme,программада давлат хизматлари ва штрафлар очмаяпти илтимос шуни тугирланг,-1
Umuman sekin ishlaydigan bo'lib olgan asablariz buzuladi yomon o'ta yomon,1,payme,umuman sekin ishlaydigan bolib olgan asablariz buzuladi yomon ota yomon,-1
"приложение после кардинального обновления стало очень плохо работать. Если ранее при оплате коммунальных услуг вбивал первый ЛС и видел детали счета, потом второй ЛС и его детали счета. То теперь это система не работает, что очень не удобно так, как система не обновляет данные в зависимости ЛС при оплате коммунальных услуг.... приложение новое разочаровало",1,payme,приложение после кардинального обновления стало очень плохо работать если ранее при оплате коммунальных услуг вбивал первый лс и видел детали счета потом второй лс и его детали счета то теперь это система не работает что очень не удобно так как система не обновляет данные в зависимости лс при оплате коммунальных услуг приложение новое разочаровало,-1
жулик,1,payme,жулик,1
Невозможно открыть виса карты.,1,payme,невозможно открыть виса карты,-1
большие проценты за перевод денег.,3,payme,большие проценты за перевод денег,1
"из за тупой рекламы, после стольких лет перейду на другое приложение, идиоты!!!",1,payme,из за тупой рекламы после стольких лет перейду на другое приложение идиоты,-1
👍👍👍,5,payme,,1
"Одамлар хушёр бўлинглар пуллик хизматларни ёқишда. Агар хизматни ўчирмасангиз, сизни огохллантирмасдан хар ой сиздан пул ечиб олишади экан. Огохлантириш хизматлари жуда ёмон ташкиллаштирилган.",1,payme,одамлар хушёр блинглар пуллик хизматларни ёишда агар хизматни чирмасангиз сизни огохллантирмасдан хар ой сиздан пул ечиб олишади экан огохлантириш хизматлари жуда ёмон ташкиллаштирилган,-1
perovodlani foyizini tushurila,5,payme,perovodlani foyizini tushurila,1
всегда удобно,5,payme,всегда удобно,1
отвратильно !!! просто деньги списывают за базовые услуги и не отключить..,1,payme,отвратильно просто деньги списывают за базовые услуги и не отключить,-1
отлично,5,payme,отлично,1
🔥 zor,5,payme,zor,1
написано без комиссии а там комиссия считается,1,payme,написано без комиссии а там комиссия считается,-1
закрыли доступ пока не пройду процедуру подтверждения личности. пытался 7 8 раз заполнить данные и пройти фото верификацию и после чего она отклоняется постоянно. не пишет причину - может проблема с айдикартой или не тот ракурс на фото или надо постричься ... просто отклоняют без обьянений. это очень стремно я даже зайти не могу и скопировать сохраненные оплаты и мониторинг переводов. 1. по какой причине отклоняют верификацию 2. нужно давать войти ы платформу но запретить сами переводы.,1,payme,закрыли доступ пока не пройду процедуру подтверждения личности пытался раз заполнить данные и пройти фото верификацию и после чего она отклоняется постоянно не пишет причину может проблема с айдикартой или не тот ракурс на фото или надо постричься просто отклоняют без обьянений это очень стремно я даже зайти не могу и скопировать сохраненные оплаты и мониторинг переводов по какой причине отклоняют верификацию нужно давать войти ы платформу но запретить сами переводы,-1
зур,5,payme,зур,1
nega ishlamiy turipti pami yani ichidan pul yechip olgan tushinmadim,5,payme,nega ishlamiy turipti pami yani ichidan pul yechip olgan tushinmadim,-1
juda sekin ishlaydi,1,payme,juda sekin ishlaydi,-1
zor,5,payme,zor,1
пока нормально,5,payme,пока нормально,1
"пытаюсь войти с нового телефона. не пускает. нажимаю сброс - выскочила реклама, которая никак не убирается и не исчезает - её окно просто ни на что не реагирует. ""отлично"". обновлено: после того как я решил эту проблему и зашёл, ввёл свои данные, НИ ОДИН СЕРВИС НЕ РАБОТАЕТ. ""сервис временно недоступен"". это про всё - электричество, газ, сотовые операторы, буквально всё. И это не на один/два дня проблема. это уже как три месяца. тобишь: приложение - тупо скам для кражи данных.",1,payme,пытаюсь войти с нового телефона не пускает нажимаю сброс выскочила реклама которая никак не убирается и не исчезает её окно просто ни на что не реагирует отлично обновлено после того как я решил эту проблему и зашёл ввёл свои данные ни один сервис не работает сервис временно недоступен это про всё электричество газ сотовые операторы буквально всё и это не на одиндва дня проблема это уже как три месяца тобишь приложение тупо скам для кражи данных,-1
"Зачем дают кешбек при подключени пейми-плюс, если некуда потратить: ни коммунальные оплатить, ни интернет.",4,payme,зачем дают кешбек при подключени пеймиплюс если некуда потратить ни коммунальные оплатить ни интернет,-1
"ошибка была запрещать пользоватся без паспорта, у меня паспорта нету но крта оформлена на папу и да так можно, ну шо поделать, перехожу ловко на другое приложение с черно синим логотипом",2,payme,ошибка была запрещать пользоватся без паспорта у меня паспорта нету но крта оформлена на папу и да так можно ну шо поделать перехожу ловко на другое приложение с черно синим логотипом,-1
списали деньги за подписку хоть я её не включал,1,payme,списали деньги за подписку хоть я её не включал,-1
Siuuuuu,5,payme,siuuuuu,1
"не возможно зарегистрироваться,",1,payme,не возможно зарегистрироваться,-1
после нового года приложение не запускается...,2,payme,после нового года приложение не запускается,-1
ну много раз не открывается приложения,4,payme,ну много раз не открывается приложения,-1
zòr,5,payme,zr,1
"В какой-то момент просто перестало запускается - висит на splash экране логотипом очень долго и потом ""приложение не отвечает""",2,payme,в какойто момент просто перестало запускается висит на splash экране логотипом очень долго и потом приложение не отвечает,-1
zo'r,5,payme,zor,1
zoʻr,5,payme,zor,1
класс,5,payme,класс,1
отлично,5,payme,отлично,1
Сделайте совместимость с андроид 4.4.4,5,payme,сделайте совместимость с андроид,1
класс,5,payme,класс,1
otlichno,5,payme,otlichno,1
🤝,5,payme,,1
rasvo ishlavotti. tolovla kategoriyasi korinme qoladi. call sentrga qildim. qayta ustanovka qilin diyishdi. qildim 3 kunda yana shu ahvol. shundo kotta tashkiloti dasturi nima bu ahvol PAYME:(,1,payme,rasvo ishlavotti tolovla kategoriyasi korinme qoladi call sentrga qildim qayta ustanovka qilin diyishdi qildim kunda yana shu ahvol shundo kotta tashkiloti dasturi nima bu ahvol payme,-1
pulimi oʻzidan oʻzi yechib oldi,1,payme,pulimi ozidan ozi yechib oldi,-1
класс,5,payme,класс,1
oldingi yozgan komentga qarabam qoymabsizlar. vapshem Payme bn hayrlashdim.,1,payme,oldingi yozgan komentga qarabam qoymabsizlar vapshem payme bn hayrlashdim,-1
yaxshi,3,payme,yaxshi,1
"не советую скачать и оплатить подписку, не дают кешбек за проезд,обман",1,payme,не советую скачать и оплатить подписку не дают кешбек за проездобман,-1
Приложения просить обновляться но плей маркете нет обновлений. Что делать?,1,payme,приложения просить обновляться но плей маркете нет обновлений что делать,-1
"После ввода номера телефона и кода из смс, не удается пройти дальше. Вводишь пин и в ответ получаешь: "" Данная операция невозможна"". Попробовала и телефон перезагрузить и приложение на другой телефон устанавливала. все одно и тоже...",1,payme,после ввода номера телефона и кода из смс не удается пройти дальше вводишь пин и в ответ получаешь данная операция невозможна попробовала и телефон перезагрузить и приложение на другой телефон устанавливала все одно и тоже,-1
здравствуйте разработчики.Приложение не работает не показивает не изменяется баланс электро энергии что делат обновите пожалуйста приложение!!!,1,payme,здравствуйте разработчикиприложение не работает не показивает не изменяется баланс электро энергии что делат обновите пожалуйста приложение,-1
У́рнатмела у́з у́зидан 40минг услуг деб пул олди. Пейми плюс обуна деб. Менга керемас напмимер. Узим обуна бу́маганман бугун бошлабди ху́п у́чирвор обунани диса иложи йу́к дийди. 5млн перевод фоизсиз дийди Узумбанк 100млн фоизсизку бир су́м омеди плюс минус деб. Ракобат и истемолчи хукуклари ёзиш кере буларни. Ноинсофлар.,1,payme,урнатмела уз узидан минг услуг деб пул олди пейми плюс обуна деб менга керемас напмимер узим обуна бумаганман бугун бошлабди хуп учирвор обунани диса иложи йук дийди млн перевод фоизсиз дийди узумбанк млн фоизсизку бир сум омеди плюс минус деб ракобат и истемолчи хукуклари ёзиш кере буларни ноинсофлар,-1
rosayam qiyin bobqobdi kirish yoqmadi,1,payme,rosayam qiyin bobqobdi kirish yoqmadi,-1
"Снизил оценку до единицы, так как за последнее время провожу оплаты, а обновление по счётам вообще не изменяются, что в своё время не даёт возможности вести оперативный мониторинг платежей.",1,payme,снизил оценку до единицы так как за последнее время провожу оплаты а обновление по счётам вообще не изменяются что в своё время не даёт возможности вести оперативный мониторинг платежей,-1
"ужасное приложение, к номеру привязана карта, просил пройти полную идентификацию, после выходило уведомление что идентификация успешно пройдена, но карта не добавлялась и все по кругу",1,payme,ужасное приложение к номеру привязана карта просил пройти полную идентификацию после выходило уведомление что идентификация успешно пройдена но карта не добавлялась и все по кругу,-1
Ассалому алекум. программани подпискасини екканлар учириб куйилар. ман 1 йилдан бери кирмагандим. кирмасамам ойига 5 мингдан олиб етибдикан. мониторингга экан. яхшиям куриб колдим.,1,payme,ассалому алекум программани подпискасини екканлар учириб куйилар ман йилдан бери кирмагандим кирмасамам ойига мингдан олиб етибдикан мониторингга экан яхшиям куриб колдим,-1
"сервис хороший, но понизил оценку так как чтобы воспользоваться своим кешбэк нужно оформить платную подписку((",3,payme,сервис хороший но понизил оценку так как чтобы воспользоваться своим кешбэк нужно оформить платную подписку,-1
у меня кешбек не работает,1,payme,у меня кешбек не работает,-1
"пока все очень скудно. поддержка молчит по несколько дней, кэшбек нельзя использовать. наедалово( вроде на дворе 2026, а проблемы прошлого года перешли в текущий. жаль, очень жаль. Пока 1 из 10",1,payme,пока все очень скудно поддержка молчит по несколько дней кэшбек нельзя использовать наедалово вроде на дворе а проблемы прошлого года перешли в текущий жаль очень жаль пока из,-1
👍👍👍👍👍 удобно,5,payme,удобно,1
будет отлично если нет комиссии,5,payme,будет отлично если нет комиссии,1
Odamlar bu dasturdan foydalanmanglar buni urniga PAYNET QULAY PUL dasturidan foydalaninglar baraka topasizlar. Paymi har yili aksiya o‘tkazishadi g‘oliblarga hech qanaqa sovg‘a berishmaydi tulovlar uchun keshbek qaytarmaydi perevodlardan 1% pul oladi. Odamlar paymi yolg‘on dastur,1,payme,odamlar bu dasturdan foydalanmanglar buni urniga paynet qulay pul dasturidan foydalaninglar baraka topasizlar paymi har yili aksiya otkazishadi goliblarga hech qanaqa sovga berishmaydi tulovlar uchun keshbek qaytarmaydi perevodlardan pul oladi odamlar paymi yolgon dastur,-1
"сняли все деньги, поддержка не отвечает.2FA подставить нельзя.",1,payme,сняли все деньги поддержка не отвечаетfa подставить нельзя,-1
"Испортили приложение,зачем этот тотальный контроль и нарушение частной жизни с обязательной идентификацией личности? Зачем вам мои паспортные данные и ПИНФЛ ? Из-за этого перестаю пользоваться вашим приложением,думаю,теперь поотеряете многих клиентов.",1,payme,испортили приложениезачем этот тотальный контроль и нарушение частной жизни с обязательной идентификацией личности зачем вам мои паспортные данные и пинфл изза этого перестаю пользоваться вашим приложениемдумаютеперь поотеряете многих клиентов,-1
"после каждого обновления все хуже и хуже.Мониторинг-перестал работать приход,расход работает только на ком. услуги,другие расходы не фексирует.",2,payme,после каждого обновления все хуже и хужемониторингперестал работать приходрасход работает только на ком услугидругие расходы не фексирует,-1
bez uslug bolsa yaxshi edi,3,payme,bez uslug bolsa yaxshi edi,1
ok,5,payme,ok,1
последние время плохо работает,4,payme,последние время плохо работает,-1
"как исползоват кешбек, где надо оформит me +?",5,payme,как исползоват кешбек где надо оформит me,-1
menda bu platforma oʼchirilgan lekin har oy abonent toʻlovi kartamdan yechilyabdi nima uchun?,1,payme,menda bu platforma ochirilgan lekin har oy abonent tolovi kartamdan yechilyabdi nima uchun,-1
zòr,5,payme,zr,1
почему идёт автоматическое отключение приложения? не успеваю делать оплату,2,payme,почему идёт автоматическое отключение приложения не успеваю делать оплату,-1
Juda zor iwledi♡♡♡♡,5,payme,juda zor iwledi,1
отлично приложение,5,payme,отлично приложение,1
JUDA ZOR😘😘😘😘,5,payme,juda zor,1
легко и просто,5,payme,легко и просто,1
"битта юлдуз хам куп бу иловага, пул утказдим картага ундан ташкари яна пул ечиб олинган, тел килсам операторлар бизга куринмяпти деб бахона килишди, банкни айби деди, банкга тел килдим, хакикатдан пул ечиб олинган пеймидан дейишди, операторларигаям 0 бошлигигаям 0. ишлашни билмасаларинг топширинглар!!!",1,payme,битта юлдуз хам куп бу иловага пул утказдим картага ундан ташкари яна пул ечиб олинган тел килсам операторлар бизга куринмяпти деб бахона килишди банкни айби деди банкга тел килдим хакикатдан пул ечиб олинган пеймидан дейишди операторларигаям бошлигигаям ишлашни билмасаларинг топширинглар,-1
bu ilovani o'chirmasdam ilojim qolmadi yuklab oluvchilarga zarur to'lovlarmi bundan qilmang men jarimani to'lagandim pul hosobimdam chiqdi ammo jarima to'lanmdi Kim biladi bu ilova to'lovini o'tkazguncha chegirmadagi vaqt tugap qoladimi 😑,1,payme,bu ilovani ochirmasdam ilojim qolmadi yuklab oluvchilarga zarur tolovlarmi bundan qilmang men jarimani tolagandim pul hosobimdam chiqdi ammo jarima tolanmdi kim biladi bu ilova tolovini otkazguncha chegirmadagi vaqt tugap qoladimi,-1
Просто супер,5,payme,просто супер,1
🤗,5,payme,,1
zur yoqdi,2,payme,zur yoqdi,1
хороше 👍,5,payme,хороше,1
ok,5,payme,ok,1
не смог пройти афудификацию личности,1,payme,не смог пройти афудификацию личности,-1
чтобы пользоваться кешбеком нужно купить подписку. уахах. в чем суть тогда вашего кешбека. спасибо другим приложениям за бесплатный кешбек,1,payme,чтобы пользоваться кешбеком нужно купить подписку уахах в чем суть тогда вашего кешбека спасибо другим приложениям за бесплатный кешбек,1
Bu @ilova zor ekan,5,payme,bu ilova zor ekan,1
без моего согласия снимают 44990сум за что ?,1,payme,без моего согласия снимают сум за что,-1
"Последнее время очень гонит. Тупит, просит обновления которого нет, виснет. А в остальном все супер. Ребят вы там исправьте все, уже надоедает потихоньку эти глюки.",4,payme,последнее время очень гонит тупит просит обновления которого нет виснет а в остальном все супер ребят вы там исправьте все уже надоедает потихоньку эти глюки,-1
"Перед новым годом появилась проблема - позволяет зайти в приложение 1 раз, далее ошибка не верный пароль или отпечаток и нужно перелогиниваться, чтобы зайти снова",2,payme,перед новым годом появилась проблема позволяет зайти в приложение раз далее ошибка не верный пароль или отпечаток и нужно перелогиниваться чтобы зайти снова,-1
отлично 👍🏻,5,payme,отлично,1
"«При переводе 50 000 сум с Visa Ипак Йули на HUMO через Payme списалось 72 000 сум. В чеке указана комиссия 2 000 сум, а остальная часть списания нигде не отражена. Служба поддержки не смогла дать разъяснений. Оставляю отзыв как предупреждение другим пользователям о непрозрачной комиссии.»",1,payme,при переводе сум с visa ипак йули на humo через payme списалось сум в чеке указана комиссия сум а остальная часть списания нигде не отражена служба поддержки не смогла дать разъяснений оставляю отзыв как предупреждение другим пользователям о непрозрачной комиссии,-1
"Не открывается, не стабильно работает, в чём дело?",1,payme,не открывается не стабильно работает в чём дело,-1
Хорошие прмложение,5,payme,хорошие прмложение,1
"нет уведомления, например за 1-3дня должны сделать уведомлении о списание за подписку, кому нужна подписка вручную себе купит. отключите автоматическое списание за подписку.",1,payme,нет уведомления например за дня должны сделать уведомлении о списание за подписку кому нужна подписка вручную себе купит отключите автоматическое списание за подписку,-1
Зор,5,payme,зор,1
yomonmas,1,payme,yomonmas,1
не работает приложения выдает ошибку что версия устарела.очистка кэша и удаления и снова установил.результата нету...проверьте.samsung s24ultra,1,payme,не работает приложения выдает ошибку что версия устарелаочистка кэша и удаления и снова установилрезультата нетупроверьтеsamsung sultra,-1
задолбал ваш сканер для оплаты QR для школы снайперов что-ли делали чтобы отсканировала нужно по 20 раз целится в метку в клик норм сделано улавливает сходу не то что ваше идиотское QE,1,payme,задолбал ваш сканер для оплаты qr для школы снайперов чтоли делали чтобы отсканировала нужно по раз целится в метку в клик норм сделано улавливает сходу не то что ваше идиотское qe,-1
вообще не открывается,2,payme,вообще не открывается,-1
kirim chiqim tarixi korinmaydigan bolib qolibdi boshqa ilova ishlatgan yaxshi,1,payme,kirim chiqim tarixi korinmaydigan bolib qolibdi boshqa ilova ishlatgan yaxshi,1
"Бу қандай илова тушунмадим. На бот жавоб беради на коол сентр. Мандан пул ечиб олиняпти қайгадур, шуни билмоқчи бўлсам хеч ким жавоб бермаяпти",1,payme,бу андай илова тушунмадим на бот жавоб беради на коол сентр мандан пул ечиб олиняпти айгадур шуни билмочи блсам хеч ким жавоб бермаяпти,-1
Расво илова экан. Хаккерла пулимни ечиб олишни бошлади шу иловани ишлатишни бошлаганимдан кейин. Учириб кутилдим. Ишлатмела👹,1,payme,расво илова экан хаккерла пулимни ечиб олишни бошлади шу иловани ишлатишни бошлаганимдан кейин учириб кутилдим ишлатмела,-1
классно,5,payme,классно,1
Klass,5,payme,klass,1
"Рayme- моя палочка- выручалочка, давно использую, меня всё устраивает.",5,payme,рayme моя палочка выручалочка давно использую меня всё устраивает,1
atlichna,2,payme,atlichna,1
зур,5,payme,зур,1
мошенник реклама $,1,payme,мошенник реклама,1
kirim chiqim tarixi koʻrinmayapti,1,payme,kirim chiqim tarixi korinmayapti,1
"зачем каждый раз запрашивать персональные данные? обычно эти данные когда нибудь сливают (продают) кто нибудь из этих контор, которые собирают эти данные. обещанная конфиденциальность временная. при этом без предоставления данных вы не позволяете пользоваться кэшбэком. вот думаю, может перейти в другую платёжную систему?",3,payme,зачем каждый раз запрашивать персональные данные обычно эти данные когда нибудь сливают продают кто нибудь из этих контор которые собирают эти данные обещанная конфиденциальность временная при этом без предоставления данных вы не позволяете пользоваться кэшбэком вот думаю может перейти в другую платёжную систему,-1
очень приятно,5,payme,очень приятно,1
man paymedan Mlbbga almaz tashodim 2 xaftadan otdi yo almaz tushmadi yo pulimni qaytmadi rasvo programma bu 1 ta yulduzcha qoyaman buyam kop ozi,1,payme,man paymedan mlbbga almaz tashodim xaftadan otdi yo almaz tushmadi yo pulimni qaytmadi rasvo programma bu ta yulduzcha qoyaman buyam kop ozi,-1
"Зур приложения.Уша биринчи пластик оганимдан бери паймени ишлатаман.Лекин,пайме плюсда кушимча плюс сотволишга лойик хеч нарса комади,острочка ишлатиб бумаса,кешбекни ишлатиб бумаса,плюсдан нима фойда?Переводга канчадур лимит безпроцент кушиб беришларин уже бошка приложениялар шундей бериб йотипти,конкуренция куп.Шунга плюс сотволишга лойик нимадурлар кушиб беришларингни сураб коламиз шу увун 4 куйдим.",4,payme,зур приложенияуша биринчи пластик оганимдан бери паймени ишлатаманлекинпайме плюсда кушимча плюс сотволишга лойик хеч нарса комадиострочка ишлатиб бумасакешбекни ишлатиб бумасаплюсдан нима фойдапереводга канчадур лимит безпроцент кушиб беришларин уже бошка приложениялар шундей бериб йотиптиконкуренция купшунга плюс сотволишга лойик нимадурлар кушиб беришларингни сураб коламиз шу увун куйдим,-1
nimaga pul yechvossila ruxsatsiz òzi 5000 xar oy yechiladi yana xar sms ga pul yechiladi undan tashqari 2 oydan beri 40000 yechilvotdi nima xaqqila bor sòramasdan yechishga javob yozish esiladan chiqmasin bòldi òchirib tashab boshqa ilovaga òtaman sòramasdan pul yechasila,1,payme,nimaga pul yechvossila ruxsatsiz zi xar oy yechiladi yana xar sms ga pul yechiladi undan tashqari oydan beri yechilvotdi nima xaqqila bor sramasdan yechishga javob yozish esiladan chiqmasin bldi chirib tashab boshqa ilovaga taman sramasdan pul yechasila,-1
удобно очень и еще призы норм,5,payme,удобно очень и еще призы норм,1
с новым годом 🎉🎉,5,payme,с новым годом,1
"Обслуживание дороже чем у других, чтобы использовать кошелёк (накопленые кешбеки) нужно сперва купить пейми плюс, а это по 40 000 сумов ежемесячно.",1,payme,обслуживание дороже чем у других чтобы использовать кошелёк накопленые кешбеки нужно сперва купить пейми плюс а это по сумов ежемесячно,-1
оплата кэшбеком не получается.подписан +,3,payme,оплата кэшбеком не получаетсяподписан,-1
"Перестала работать оплата. Нажимаю ""оплатить"" и не происходит ровным счётом ничего, кнопка лишь слегка подсвечивается и всё. Невозможно оплатить ни выставленные чеки, ни какие-либо услуги. Очень жаль, удобный интерфейс",1,payme,перестала работать оплата нажимаю оплатить и не происходит ровным счётом ничего кнопка лишь слегка подсвечивается и всё невозможно оплатить ни выставленные чеки ни какиелибо услуги очень жаль удобный интерфейс,-1
"после оплаты выдаёт ""в ожидании"" а потом отменяется, что делать прошу помогите",1,payme,после оплаты выдаёт в ожидании а потом отменяется что делать прошу помогите,-1
musurrrrrr programa xar doyim qotib iwlidi togirlasela bomidimi,1,payme,musurrrrrr programa xar doyim qotib iwlidi togirlasela bomidimi,-1
спасибо пайме,5,payme,спасибо пайме,1
👍,5,payme,,1
"Здравствуйте. А подскажите мне а вы воюете с Виза картами ??? если не так то почему зарегистрировав свою виза карту я уже которую неделю не смог оплатить ни цента потому что важе приложение мне категорически отказывет переводить деньги с моей карты на другой. Объясните русским языком !!!!!! ПОЧЕМУ ? ГДЕ Я МОГУ СВЯЗАТЬСЯ И КТО МОЖЕТ ПОМОЧЬ РЕАЛЬНО??? Я изменяю комментарий, так как мне удалось заказать виртуальную карту от 1 банка и зарегистрировал его в этом приложении с горем пополам, но смог",3,payme,здравствуйте а подскажите мне а вы воюете с виза картами если не так то почему зарегистрировав свою виза карту я уже которую неделю не смог оплатить ни цента потому что важе приложение мне категорически отказывет переводить деньги с моей карты на другой объясните русским языком почему где я могу связаться и кто может помочь реально я изменяю комментарий так как мне удалось заказать виртуальную карту от банка и зарегистрировал его в этом приложении с горем пополам но смог,-1
👍👍👍👍,5,payme,,1
ребята может стоит рассмотреть вопрос об уменьшении процентов,3,payme,ребята может стоит рассмотреть вопрос об уменьшении процентов,1
Кэшбек не работает подключила подписку но все равно накопила достаточно денег но оплата кэшбеком все таки не сработала исправьте это а так приложение супер,5,payme,кэшбек не работает подключила подписку но все равно накопила достаточно денег но оплата кэшбеком все таки не сработала исправьте это а так приложение супер,-1
"приложение хорошее и удобное. вопрос- почему в последние дни при входе в приложение оно просит обновление, при этом переходя в плей маркет обновление отсутствует? приложение переустановила , не помогло",5,payme,приложение хорошее и удобное вопрос почему в последние дни при входе в приложение оно просит обновление при этом переходя в плей маркет обновление отсутствует приложение переустановила не помогло,-1
"Не скачивайте данное приложение, списывают деньги за низачто, списывают я не выдумываю проверяйте",1,payme,не скачивайте данное приложение списывают деньги за низачто списывают я не выдумываю проверяйте,-1
number 1 in uzbekistan,5,payme,number in uzbekistan,1
Опа,5,payme,опа,1
"списали плату за без комиссии переводы, а комиссию снимают. почему?",1,payme,списали плату за без комиссии переводы а комиссию снимают почему,-1
Зур,5,payme,зур,1
zoʼr ilova,5,payme,zor ilova,1
"не могу зарегистрироватся, пока ждеш СМС с кодом минута кончается, каждый раз код меняется, минута кончается, и всё надо начинать сначала.",1,payme,не могу зарегистрироватся пока ждеш смс с кодом минута кончается каждый раз код меняется минута кончается и всё надо начинать сначала,-1
"Оплачивала через приложение и заметила пару багов: 1. Если после завершения платежа вернуться на главный экран при помощи кнопки ""назад"" на телефоне (а не при помощи кнопки в интерфейсе приложения), появляется сообщение об ошибке. 2. Если совершить несколько платежей на разные суммы, то в разделе ""Последние транзакции"" суммы будут смещены относительно последовательности платежей на один платеж (т.е. суммы будут не соответствовать) до перезапуска приложения",4,payme,оплачивала через приложение и заметила пару багов если после завершения платежа вернуться на главный экран при помощи кнопки назад на телефоне а не при помощи кнопки в интерфейсе приложения появляется сообщение об ошибке если совершить несколько платежей на разные суммы то в разделе последние транзакции суммы будут смещены относительно последовательности платежей на один платеж те суммы будут не соответствовать до перезапуска приложения,-1
paymeni reklamasida keshbekni 3% tulaydi degani uchun urnatdim,5,payme,paymeni reklamasida keshbekni tulaydi degani uchun urnatdim,1
отлично,5,payme,отлично,1
"весь 2025 год не отображаются квитанции оплаты, именно за газ, и не обновляется баланс газа.",3,payme,весь год не отображаются квитанции оплаты именно за газ и не обновляется баланс газа,-1
"Ассалому алайкум илтимос янги йилгча кейинрок тулов хизматини ишга туширила, жудаям купчиликга котта фойдаси тегвотудиде)))",5,payme,ассалому алайкум илтимос янги йилгча кейинрок тулов хизматини ишга туширила жудаям купчиликга котта фойдаси тегвотудиде,-1
Super 👍👍,5,payme,super,1
👎🏼 Oson программа яхши,1,payme,oson программа яхши,-1
musor,1,payme,musor,-1
👍,3,payme,,1
яхши,5,payme,яхши,-1
"Hamma ILOVALARDA MIJOZNI UCHUN ISHLASA PAYME DA MIJOZŇI SHILISH UCHUN ISHLAR EKAN MASALAN KESHBEKNI ISHLATISH UCHUN 50 MING SÕM KESHBEK YIĠIB KEYIN PAYME+ USLUGASINI 40 MING SÓMGA YOQIB KEYIN ISHLATISH MUMKUN BU QANAQA AXMOQGARCHILIK,👎👎👎👎👎👎👎👎👎👎👎👎👎👎👎👎👎👎👎👎👎👎👎👎🏿👎🏿👎🏿👎🏿👎🏿👎🏿👎🏿👎🏿👎🏿👎🏿",1,payme,hamma ilovalarda mijozni uchun ishlasa payme da mijozi shilish uchun ishlar ekan masalan keshbekni ishlatish uchun ming sm keshbek yiib keyin payme uslugasini ming smga yoqib keyin ishlatish mumkun bu qanaqa axmoqgarchilik,-1
отлично приложении,5,payme,отлично приложении,1
"нету в приложении суммы перевода. есть только сумма платежа и стоимость услугу. как объяснить клиенту на какую сумму был сделан перевод? посмотрим, один голос решит ли вопрос в приложении. 12.2025 так ничего и не изменили. В чеке можно же указать сумма перевода, комиссия, общая списанная сумма, для этого и делается подробно кнопка в чеке.",1,payme,нету в приложении суммы перевода есть только сумма платежа и стоимость услугу как объяснить клиенту на какую сумму был сделан перевод посмотрим один голос решит ли вопрос в приложении так ничего и не изменили в чеке можно же указать сумма перевода комиссия общая списанная сумма для этого и делается подробно кнопка в чеке,-1
zor rosa qulay,5,payme,zor rosa qulay,1
не работает а Беларуси...печалька,1,payme,не работает а беларусипечалька,-1
ок,5,payme,ок,1
супер,5,payme,супер,1
ужасно работает,1,payme,ужасно работает,-1
ок,5,payme,ок,1
payme zòr,4,payme,payme zr,1
почему не работает оплата кешбеком я оформил подписку и все равно не работает оплата кешбеком,4,payme,почему не работает оплата кешбеком я оформил подписку и все равно не работает оплата кешбеком,-1
umuman bumaydi tortmanglar bulmaydi,1,payme,umuman bumaydi tortmanglar bulmaydi,-1
Очень нравится приложение.Я считаю себя частью Payme и с этим очень горжусь.,5,payme,очень нравится приложениея считаю себя частью payme и с этим очень горжусь,1
СПАСИБО,5,payme,спасибо,1
Раньше было лучше. Не все данные по картам отображаются. Неудобное использование фильтров.,3,payme,раньше было лучше не все данные по картам отображаются неудобное использование фильтров,-1
обслугани камро олишни иложи йукми,2,payme,обслугани камро олишни иложи йукми,1
"здесь не говорят правду, например: После добавления карты, она станет доступна для переводов и оплат ЧЕРЕЗ 1 ЧАС. Это предупреждение должно быть написано в приложении. Так бы сделали честные, не ленивые разработчики",1,payme,здесь не говорят правду например после добавления карты она станет доступна для переводов и оплат через час это предупреждение должно быть написано в приложении так бы сделали честные не ленивые разработчики,-1
juda zor,5,payme,juda zor,1
Ассалому алайкум мен бу иловадан фойдаланмай ўчириб ташлаганман нима учун хизмат кўрсатиш учун менинг картамдан 4 990 сўм ечиб олинаяпти,1,payme,ассалому алайкум мен бу иловадан фойдаланмай чириб ташлаганман нима учун хизмат крсатиш учун менинг картамдан см ечиб олинаяпти,-1
avtotransportlarda skaner qlishda kop muamolar bor,1,payme,avtotransportlarda skaner qlishda kop muamolar bor,1
"Манда баллик система экан, бошкаларда кешбек ли экан. Манга бал керакмас кешбек ли килса булмийдими?",5,payme,манда баллик система экан бошкаларда кешбек ли экан манга бал керакмас кешбек ли килса булмийдими,-1
поставил бы 5 звезда но пайме машеничает не возможно использовать кешбек я подписчик пайме плюс зачем берети оплату за подписку 39000 ну зачем объясните мне,1,payme,поставил бы звезда но пайме машеничает не возможно использовать кешбек я подписчик пайме плюс зачем берети оплату за подписку ну зачем объясните мне,-1
👍,5,payme,,1
zor ekan,3,payme,zor ekan,1
hechbeklani kamroq payti ham ishlatsa bòladimi shunaqa qilsayizla yaxshi bòlardi,5,payme,hechbeklani kamroq payti ham ishlatsa bladimi shunaqa qilsayizla yaxshi blardi,1
"В моём телефоне нет приложение пайме, почему с моей карты снимает деньги за услугу. Что это такое? Верните мои 5000 сум обратно в карту.",1,payme,в моём телефоне нет приложение пайме почему с моей карты снимает деньги за услугу что это такое верните мои сум обратно в карту,-1
Rahmat,5,payme,rahmat,1
"Мне очень нравится приложение, но последние несколько месяцев не работала оплата кешбеком при включенной подписке плюс. Кешбек копился, но использовать его не могла, при переходе на оплату за услугу слайдер на использование кешбека просто отсутствовал. Рада, что после последнего обновления баги устранены. Спасибо разработчикам!!!",5,payme,мне очень нравится приложение но последние несколько месяцев не работала оплата кешбеком при включенной подписке плюс кешбек копился но использовать его не могла при переходе на оплату за услугу слайдер на использование кешбека просто отсутствовал рада что после последнего обновления баги устранены спасибо разработчикам,-1
zor ekan,4,payme,zor ekan,1
ok,5,payme,ok,1
juda zõ,5,payme,juda z,1
"Assalomu alaykum mobil telefonga to'lov qilishni iloji bo'lmayabti, ro'yxat chiqmayabti",1,payme,assalomu alaykum mobil telefonga tolov qilishni iloji bolmayabti royxat chiqmayabti,-1
порядок в оплате порядок в деталях,5,payme,порядок в оплате порядок в деталях,1
Dastur zo'r yazshi ishlayapti. Lekin dasturga mastercard world va visa world kartasini qo'shdim lekin u yerda pul o'tkazmalarini amalga oshirib bo'lmaydi deyapti. Qolgan hamma narsa yaxshi ishlayapti. Shu xalqaro kartalardan pul o'tkazish va qabul qilishni yoqsangiz hammasi ideal bo'lar edi.,3,payme,dastur zor yazshi ishlayapti lekin dasturga mastercard world va visa world kartasini qoshdim lekin u yerda pul otkazmalarini amalga oshirib bolmaydi deyapti qolgan hamma narsa yaxshi ishlayapti shu xalqaro kartalardan pul otkazish va qabul qilishni yoqsangiz hammasi ideal bolar edi,-1
удобно,5,payme,удобно,1
отлично спасибо,5,payme,отлично спасибо,1
"ужасное приложение, раньше работало отлично, а сейчас постоянно зависает и выдаёт ошибки. служба поддержки ничего путного сделать не может, только подаёт заявки на рассмотрение, которые рассматриваются 24 часа. если не оплачиваешь коммунальные платежи несколько месяцев - предыдущие квитанции куда-то исчезают. обещали исправить эту ошибку - ничего не исправили! Буду переходить на другое приложение",1,payme,ужасное приложение раньше работало отлично а сейчас постоянно зависает и выдаёт ошибки служба поддержки ничего путного сделать не может только подаёт заявки на рассмотрение которые рассматриваются часа если не оплачиваешь коммунальные платежи несколько месяцев предыдущие квитанции кудато исчезают обещали исправить эту ошибку ничего не исправили буду переходить на другое приложение,-1
Отлично,5,payme,отлично,1
регистрация тупит,1,payme,регистрация тупит,1
juda zur ishlarimni ancha yengil qildi,5,payme,juda zur ishlarimni ancha yengil qildi,1
nima bu har 5 soniyada kod soʻraydi 0,1,payme,nima bu har soniyada kod soraydi,-1
не получается снять кэшбэки,5,payme,не получается снять кэшбэки,-1
👍Зур,5,payme,зур,1
лучше всех,5,payme,лучше всех,-1
очень сильно тормазит,1,payme,очень сильно тормазит,1
Когда добавите оплату по позже я иногда пользовался этим услугой сейчас не работает,4,payme,когда добавите оплату по позже я иногда пользовался этим услугой сейчас не работает,-1
Класм,5,payme,класм,1
juda yaxshi ilova,5,payme,juda yaxshi ilova,1
👍,1,payme,,1
большые % в переводе и приложения зависает при входе,3,payme,большые в переводе и приложения зависает при входе,-1
keshbek beriladi deganiga ishonib kommunalkaga toʻlov qilgandim faqat payme+ sotib olinsa berarkan. Oʻchirib tashlayman,1,payme,keshbek beriladi deganiga ishonib kommunalkaga tolov qilgandim faqat payme sotib olinsa berarkan ochirib tashlayman,-1
ok,5,payme,ok,1
просто Супер Pay me,5,payme,просто супер pay me,1
"Сделал Оплата час назад на электричество, всё ещё сидим в темноте. А мой средств стоит в облаках, операторы обешали ускорит",5,payme,сделал оплата час назад на электричество всё ещё сидим в темноте а мой средств стоит в облаках операторы обешали ускорит,-1
дорого,1,payme,дорого,1
"Программа Payme списывала с пластика шесть месяцев подряд по 44 990 сумов (39 990 — сервис, 5 000 — мониторинг) за услугу Payme Plus. Оператор сказал, что я сам включил этот тариф. В итоге я удалил приложение. Больше им не пользуюсь. Бестолковое приложение.",1,payme,программа payme списывала с пластика шесть месяцев подряд по сумов сервис мониторинг за услугу payme plus оператор сказал что я сам включил этот тариф в итоге я удалил приложение больше им не пользуюсь бестолковое приложение,-1
yaxwi,3,payme,yaxwi,1
"Приложение ужасное. Во-первых, бесят уведомления, что мне надо пройти идентификацию. Во-вторых, идентификацию можно пройти только с 18 лет, а в других сервисах таких же идентификация доступна даже с 14 лет. Не понимаю, что им трудного ограничение возраста изменить.",1,payme,приложение ужасное вопервых бесят уведомления что мне надо пройти идентификацию вовторых идентификацию можно пройти только с лет а в других сервисах таких же идентификация доступна даже с лет не понимаю что им трудного ограничение возраста изменить,-1
фоизлари нимага куп,5,payme,фоизлари нимага куп,-1
Спасибо разработчикам. Очень удобное приложение,5,payme,спасибо разработчикам очень удобное приложение,1
yaxshi,5,payme,yaxshi,1
"процент переводов не устраивает,а в целом всё нормально!",3,payme,процент переводов не устраиваета в целом всё нормально,1
"Скачал, удалил все карты и аккаунт. Приложение во всём уступает Click и Paynet.",1,payme,скачал удалил все карты и аккаунт приложение во всём уступает click и paynet,1
zo'r,5,payme,zor,1
ploha rabotayet,1,payme,ploha rabotayet,1
"приложение начало навязывать платные услуги,хочу поменять ,в процессе выбора.",1,payme,приложение начало навязывать платные услугихочу поменять в процессе выбора,1
Без моего ведома с моей карты сняли деньги! - Это как ?,1,payme,без моего ведома с моей карты сняли деньги это как,-1
приложение хуже стало,1,payme,приложение хуже стало,-1
juda yaxshi ilova tavsiya qilaman,5,payme,juda yaxshi ilova tavsiya qilaman,1
Assalomu alekum peyme ilovasi juda qulay va tushunarli ajoyib ilova faqat foizni judda katta qoyyapszlar iltimos sal kamaytirizlar,5,payme,assalomu alekum peyme ilovasi juda qulay va tushunarli ajoyib ilova faqat foizni judda katta qoyyapszlar iltimos sal kamaytirizlar,1
ок,5,payme,ок,1
отлично работает,5,payme,отлично работает,1
жуда қулай. разработчикларга катта раҳмат.,5,payme,жуда улай разработчикларга катта рамат,-1
Зур,5,payme,зур,1
манга жуда ёкти хато интернет бомасаям пул откиса болади 👍👍,5,payme,манга жуда ёкти хато интернет бомасаям пул откиса болади,-1
Почему запретили делать скриншот?!😓Теперь очень не удобно.. А так очень удобное приложение.Только не предупредили когда цена за обслуживание карты повысилась..,4,payme,почему запретили делать скриншоттеперь очень не удобно а так очень удобное приложениетолько не предупредили когда цена за обслуживание карты повысилась,1
zor juda juda,5,payme,zor juda juda,1
"почему с карты на карту обе мои,берут проценты",5,payme,почему с карты на карту обе моиберут проценты,-1
я ненавижу вас верните мои деньги,1,payme,я ненавижу вас верните мои деньги,-1
yaxshi,5,payme,yaxshi,1
класна,5,payme,класна,1
"1 foiz emas 1.25 foiz komissiya ovossila. keshbekniyam pay me plus ga obuna bo'sagina bervossila, bu ilovani boshqa ishlatmiyman kartaga qancha pul tushganini ham hatto ko'rsatmiydi pay me plus ga obuna bo'sagina ko'rsatadi insofsizla.nima bo'sayam siladakala to'ysin, xalqni pulini har tomonlama yeb. xizmatni yaxshilash bahona pay me plusga pul olishmi, aslida ishlab chqgan programmela aholini qulayligi uchunmasmi hamma narsela pullik bosa, payme plus bo'masa daje tushgan pulniyam ko'rsatmisila",1,payme,foiz emas foiz komissiya ovossila keshbekniyam pay me plus ga obuna bosagina bervossila bu ilovani boshqa ishlatmiyman kartaga qancha pul tushganini ham hatto korsatmiydi pay me plus ga obuna bosagina korsatadi insofsizlanima bosayam siladakala toysin xalqni pulini har tomonlama yeb xizmatni yaxshilash bahona pay me plusga pul olishmi aslida ishlab chqgan programmela aholini qulayligi uchunmasmi hamma narsela pullik bosa payme plus bomasa daje tushgan pulniyam korsatmisila,-1
зур рахмат,5,payme,зур рахмат,1
очень хорошее приложение,5,payme,очень хорошее приложение,1
spasibo,5,payme,spasibo,1
O'zidan ozi br narsalarga ulanb pul yechib oladi,1,payme,ozidan ozi br narsalarga ulanb pul yechib oladi,-1
👍,5,payme,,1
пожалуйста добавте оплату на телеграм премиум на 1 месячный,3,payme,пожалуйста добавте оплату на телеграм премиум на месячный,-1
payme zõrda barubir,5,payme,payme zrda barubir,-1
xorosho,5,payme,xorosho,1
я не могу зайти через весз айди тоже неможет меня узнать,3,payme,я не могу зайти через весз айди тоже неможет меня узнать,-1
👍,5,payme,,1
"payme ga ming bor rahmat, visa kartalarga bemalol tashlash mumkin misol uzum karta bu ishni juda oson qiladi",5,payme,payme ga ming bor rahmat visa kartalarga bemalol tashlash mumkin misol uzum karta bu ishni juda oson qiladi,-1
ок,5,payme,ок,1
круто,5,payme,круто,1
поступления средств на карте иногда невидно,5,payme,поступления средств на карте иногда невидно,-1
добрый день скажите пожалуста почему пейме не возможно скриншот делать раньше было можно,4,payme,добрый день скажите пожалуста почему пейме не возможно скриншот делать раньше было можно,-1
zo'r,5,payme,zor,1
паймидан пул йечип Олди нимага йечип куйди,5,payme,паймидан пул йечип олди нимага йечип куйди,-1
за переводы на виза карты очень дорого(,2,payme,за переводы на виза карты очень дорого,-1
отлично,5,payme,отлично,1
ок,1,payme,ок,1
"После обновление не открывается приложение , запускаю , спрашивает пароль, и после закрывается",1,payme,после обновление не открывается приложение запускаю спрашивает пароль и после закрывается,-1
negadur bugun buzilib qoldi,1,payme,negadur bugun buzilib qoldi,-1
👍🏻,5,payme,,1
"сейчас очень нужно а оно вылетает,пишет ошибка..",1,payme,сейчас очень нужно а оно вылетаетпишет ошибка,-1
после обновления не работает не заходит в приложение,2,payme,после обновления не работает не заходит в приложение,-1
telefon shotidegi pulni notogri korsatvoti,5,payme,telefon shotidegi pulni notogri korsatvoti,-1
Не хороший кеш Бек тоже снимает платные,1,payme,не хороший кеш бек тоже снимает платные,1
super,5,payme,super,1
Постоянно глючит и распознование лица никак не работает как то сумел зайти потом вдруг всё сбросилось и теперь не разпознаёт лицо. Короче отстой,1,payme,постоянно глючит и распознование лица никак не работает как то сумел зайти потом вдруг всё сбросилось и теперь не разпознаёт лицо короче отстой,-1
Пайме плюс га ўзлари ўлаб хар ой 45мингдан пул ечиб олишибди машенниклар розимасман пулимга,1,payme,пайме плюс га злари лаб хар ой мингдан пул ечиб олишибди машенниклар розимасман пулимга,-1
"Добрый вечер. Уважамый коллектив PayMe хотел бв узнать, почему сервис плохо начал работать? Коммунальные мои платежи постоянно обновлялись и показывали точно. Сейчас уже 10 дней ничего не обновляется хотя осуществил много платежей за ком.услуги.",2,payme,добрый вечер уважамый коллектив payme хотел бв узнать почему сервис плохо начал работать коммунальные мои платежи постоянно обновлялись и показывали точно сейчас уже дней ничего не обновляется хотя осуществил много платежей за комуслуги,-1
zor,5,payme,zor,1
keshbeklarni kartamga oʻtqizmoqchiman,5,payme,keshbeklarni kartamga otqizmoqchiman,1
ужасно,1,payme,ужасно,-1
добрый день. Благодарю за хорошее обслуживание.,5,payme,добрый день благодарю за хорошее обслуживание,1
klass,3,payme,klass,1
xorosho,5,payme,xorosho,1
"Qaraqalpaqstan Respublikası aymaǵında jasawshı puqaralar ushın qolaylıq jaratıw maqsetinde ""Qaraqalpaq tili"" variantinda qossańız júdá ájáyip bolar edi.",5,payme,qaraqalpaqstan respublikas aymanda jasawsh puqaralar ushn qolaylq jaratw maqsetinde qaraqalpaq tili variantinda qossaz jd jyip bolar edi,-1
"Бестолковые приложение. Я забыл что даже он есть, пока не понял что у меня по 5к в месяц берёт за мониторинг которым я вообще не пользуюсь. По мимо этого проценты высокие за платежи. Чисто денег рубят с дураков как мы. Есть аналоги бесплатные и по лучше",1,payme,бестолковые приложение я забыл что даже он есть пока не понял что у меня по к в месяц берёт за мониторинг которым я вообще не пользуюсь по мимо этого проценты высокие за платежи чисто денег рубят с дураков как мы есть аналоги бесплатные и по лучше,-1
👍👍,5,payme,,1
"дурацкое приложение. постоянно выходят ошибки, хотя к интернету подключение емть, другие приложения работают, а пэйми нет. два раза списали за 1 услугу, ошибка вышла, а деньги ушли... обратная связь не работает, операторам плевать на обращения...",1,payme,дурацкое приложение постоянно выходят ошибки хотя к интернету подключение емть другие приложения работают а пэйми нет два раза списали за услугу ошибка вышла а деньги ушли обратная связь не работает операторам плевать на обращения,-1
немогу открыть приложение для,1,payme,немогу открыть приложение для,-1
zo'r,5,payme,zor,1
super,5,payme,super,1
не работает приложение,3,payme,не работает приложение,-1
лучше мне нравится удобнее,5,payme,лучше мне нравится удобнее,1
отличное приложение,5,payme,отличное приложение,1
"почему людей обманываете,сказанно было что до 20 поездок кэшбек 100% и где я оплатил не возвращается, написанно что какой то паймиплюс за 39т надо купить и где здесь выгода простым людям",1,payme,почему людей обманываетесказанно было что до поездок кэшбек и где я оплатил не возвращается написанно что какой то паймиплюс за т надо купить и где здесь выгода простым людям,-1
это приложение лучше не использовать комиссия много берет и. так и,1,payme,это приложение лучше не использовать комиссия много берет и так и,-1
Не работает с вчерашнего дня. Что то не так?,5,payme,не работает с вчерашнего дня что то не так,-1
eng zo'ri,5,payme,eng zori,1
klasss,5,payme,klasss,1
Зўр,5,payme,зр,1
необновляется приложение тупит медлиный,2,payme,необновляется приложение тупит медлиный,1
"Payme kuyib bankrot bolib ket.Mendan besaroq, meni roziligimsz kartamdan pul yechib olishibdi. Bunga ularni nima xaqi bor, men òz mablaģlarimni qayerga sarflashni òzim hal qilmaymanmi? Kim huquq bergan bu ilovaga shaxsiy hisobga kirib pul yechib olishga.",1,payme,payme kuyib bankrot bolib ketmendan besaroq meni roziligimsz kartamdan pul yechib olishibdi bunga ularni nima xaqi bor men z mablalarimni qayerga sarflashni zim hal qilmaymanmi kim huquq bergan bu ilovaga shaxsiy hisobga kirib pul yechib olishga,-1
Ваше приложение имеет проблемы с аутентификацией лица.,1,payme,ваше приложение имеет проблемы с аутентификацией лица,-1
"по всем пунктам приложение хорошее кроме оплаты через QR. в некоторых местах хорошо читает но если мелкие QR для перевода или оплаты то вообще не берет. Большое спасибо вам. из-за таких маленьких проблем казалось бы мелочных я несколько остановок пропустил. как исправят баг, изменю свой отзыв",1,payme,по всем пунктам приложение хорошее кроме оплаты через qr в некоторых местах хорошо читает но если мелкие qr для перевода или оплаты то вообще не берет большое спасибо вам изза таких маленьких проблем казалось бы мелочных я несколько остановок пропустил как исправят баг изменю свой отзыв,1
"Мониторинг платный, я хз, как отключить мониторинг, поддержка не работает",1,payme,мониторинг платный я хз как отключить мониторинг поддержка не работает,-1
спасибо за подсказку! перезагрузила телефон и всё заработало!,5,payme,спасибо за подсказку перезагрузила телефон и всё заработало,1
👍🏻👍🏻,5,payme,,1
yuzni tanish identifikatsiyasi sifatinpasaygan 1-2 oy ichida bu ilovaga nimadur bo'votti ishlash sifati pasaygan,1,payme,yuzni tanish identifikatsiyasi sifatinpasaygan oy ichida bu ilovaga nimadur bovotti ishlash sifati pasaygan,-1
"невозможно подтвердить личность, выдаёт ошибку ""попробуйте позже"" и так уже 3 недели",1,payme,невозможно подтвердить личность выдаёт ошибку попробуйте позже и так уже недели,-1
не работает при регистрации,1,payme,не работает при регистрации,-1
qulay va onson tez,5,payme,qulay va onson tez,1
"не как не смог пройти идентификацию. как я смотрю на камеру внизу что-то пишет когда хочу читать, пишет смотрите на камеру.",2,payme,не как не смог пройти идентификацию как я смотрю на камеру внизу чтото пишет когда хочу читать пишет смотрите на камеру,-1
Дурацкий ваш пайми без вопросов сам решает что подписка вам нужна подключился один раз теперь автоматом забирает последние деньги удаляю вашу программу ставлю оценку ниже чем должно быть так ладно бы ещё работала отсрочка она уже 5 месяцев не работает техники не могу починить,1,payme,дурацкий ваш пайми без вопросов сам решает что подписка вам нужна подключился один раз теперь автоматом забирает последние деньги удаляю вашу программу ставлю оценку ниже чем должно быть так ладно бы ещё работала отсрочка она уже месяцев не работает техники не могу починить,-1
"Удалила свой аккаунт и само приложение. За что снимаете 5000 су́м? За мониторинг??? Вы серьёзно??? Сейчас практически у каждого банка есть свои приложения с такими же услугами, то есть с мониторингом, историей, кешбеком, оплатой коммунальных услуг и т.д. А чтобы использовать какие-то привелегии, нужна подписка плюс....Да зачем мне платить за то, что можно в другом приложении без всяких там плюсов и минусов?!",1,payme,удалила свой аккаунт и само приложение за что снимаете сум за мониторинг вы серьёзно сейчас практически у каждого банка есть свои приложения с такими же услугами то есть с мониторингом историей кешбеком оплатой коммунальных услуг и тд а чтобы использовать какието привелегии нужна подписка плюсда зачем мне платить за то что можно в другом приложении без всяких там плюсов и минусов,-1
"постоянно вылетает,невозможно произвести оплату",3,payme,постоянно вылетаетневозможно произвести оплату,-1
klass,5,payme,klass,1
zor ilova,5,payme,zor ilova,1
Payme yuklab oldim lekin ishlamayapti ochilmayapti hattoki,1,payme,payme yuklab oldim lekin ishlamayapti ochilmayapti hattoki,-1
Почему эту версию несмогу скачат,1,payme,почему эту версию несмогу скачат,-1
chotkiy,5,payme,chotkiy,1
"нормально,легко в пользование.",5,payme,нормальнолегко в пользование,1
почему я не могу сделать скриншот ?,1,payme,почему я не могу сделать скриншот,-1
яхши,5,payme,яхши,-1
Здравствуйте. когда восстановите услугу отсрочка платежа? выручала.,4,payme,здравствуйте когда восстановите услугу отсрочка платежа выручала,-1
rasvo ekan tolov qilaman desam foyizi juda katta ekan,1,payme,rasvo ekan tolov qilaman desam foyizi juda katta ekan,1
"Вообще никакое приложение Установила его для определённых целей. постоянно зависает начала операцию , оплачивала госуслугу, зависло, деньги а это на минуточку 300 тысяч , сняли, ждала долго, потом пришёл отказ в услуге, деньги не вернули Мужу через это приложение прорвались мошенники удаляю. никому не советую. работает через пень- колода. ещё и деньги воруют",1,payme,вообще никакое приложение установила его для определённых целей постоянно зависает начала операцию оплачивала госуслугу зависло деньги а это на минуточку тысяч сняли ждала долго потом пришёл отказ в услуге деньги не вернули мужу через это приложение прорвались мошенники удаляю никому не советую работает через пень колода ещё и деньги воруют,-1
чудесно,5,payme,чудесно,1
ummuman tavsiya bermiman uzidan uzi kartadagi pulni yechib oladi 👎👎👎👎👎👎👎👎👎👎,1,payme,ummuman tavsiya bermiman uzidan uzi kartadagi pulni yechib oladi,-1
me+ ne ponyatno kak izpolzovat keshbek ili ne rabotaet,1,payme,me ne ponyatno kak izpolzovat keshbek ili ne rabotaet,-1
приложение супер спасибо большое!!!,5,payme,приложение супер спасибо большое,1
umuman tushunib bulamayapti bularga obuna uchun majburiymi nima balo uzidan uzi kartadan yechib oladi 👎👎👎,1,payme,umuman tushunib bulamayapti bularga obuna uchun majburiymi nima balo uzidan uzi kartadan yechib oladi,-1
Как всегда супер удобно,5,payme,как всегда супер удобно,1
целый день прога не работала,2,payme,целый день прога не работала,-1
"Это приложение опасно для пользователей, несмотря на то,что 2 года назад села в лужу из-за Фаберлик я заново скачала.Мошенничеств много.Первый раз какая-то неизвестная компания украла мои деньги,сообщила в банк, он ответил надо обратиться на пэйми,написала в бот не помогли. И сегодня второй раз,меня подписали в тариф пэйми плюс,без моего разрешения,на это тоже списали деньги.😡😡😡 Если у вас нет необходимости на оплату Фаберлик,лучше не скачайте",1,payme,это приложение опасно для пользователей несмотря на точто года назад села в лужу изза фаберлик я заново скачаламошенничеств многопервый раз какаято неизвестная компания украла мои деньгисообщила в банк он ответил надо обратиться на пэйминаписала в бот не помогли и сегодня второй разменя подписали в тариф пэйми плюсбез моего разрешенияна это тоже списали деньги если у вас нет необходимости на оплату фаберликлучше не скачайте,-1
Всё удобно!,5,payme,всё удобно,1
shaq shaq огонь ))),5,payme,shaq shaq огонь,-1
assalom alaykum men plastika pul tashadim 67mingday 29ming ob quydi qaytarib bering yuqsa sutga boraman,1,payme,assalom alaykum men plastika pul tashadim mingday ming ob quydi qaytarib bering yuqsa sutga boraman,-1
ок,5,payme,ок,1
не работает,1,payme,не работает,-1
"раньше говорили много хорошего про это приложение, хотел установить это приложение. Но позвонил знакомой , она сказала ,что не стоит этого делать. Почитал отзывы и действительно , очень много негатива. Передумал устанавливать!!!",1,payme,раньше говорили много хорошего про это приложение хотел установить это приложение но позвонил знакомой она сказала что не стоит этого делать почитал отзывы и действительно очень много негатива передумал устанавливать,-1
"Тўғриси ЧИЧВОРЯПСИЛАР! Толов бўлимида доимий узилишлар,толов ўтмай осилиб қолишлари,яна майда чуйдалар.Ўчирворилар Плэй Маркетдан,одамлар овора бўлиб Мегабайт сарфлаб тортиб юрманглар.ПЭЙМИ МУСОР!!!",1,payme,триси чичворяпсилар толов блимида доимий узилишлартолов тмай осилиб олишларияна майда чуйдаларчирворилар плэй маркетданодамлар овора блиб мегабайт сарфлаб тортиб юрмангларпэйми мусор,-1
ужасно,1,payme,ужасно,-1
комиссия а**ная а без комиссии плюс надо купить если не заплатишь на плюс они сами снимут,1,payme,комиссия аная а без комиссии плюс надо купить если не заплатишь на плюс они сами снимут,-1
it's so Beautiful,5,payme,its so beautiful,1
payme plus,1,payme,payme plus,-1
"пользуюсь давно, очень нравится",5,payme,пользуюсь давно очень нравится,1
foiz stavka owibdi perevotiki,1,payme,foiz stavka owibdi perevotiki,1
Payme зор илова экан дахшат 👍🏻,5,payme,payme зор илова экан дахшат,-1
ок,5,payme,ок,1
очень удобно,5,payme,очень удобно,1
работает отлично,5,payme,работает отлично,1
zur,5,payme,zur,1
prosta menga juda kerak,5,payme,prosta menga juda kerak,-1
хали энди янгисини обновит килдим яхши ёмонмас.,5,payme,хали энди янгисини обновит килдим яхши ёмонмас,-1
Удобное приложение,5,payme,удобное приложение,1
удобно и быстро,5,payme,удобно и быстро,1
тормозит программа,1,payme,тормозит программа,-1
Очень удобно приложение. Спасибо тому кто придумал,5,payme,очень удобно приложение спасибо тому кто придумал,1
"здравствуйте, за оплату некоторых услуг есть кэшбэк который возвращается, я бы хотела узнать где эти кэшбеки хранятся и как ими воспользоваться.",3,payme,здравствуйте за оплату некоторых услуг есть кэшбэк который возвращается я бы хотела узнать где эти кэшбеки хранятся и как ими воспользоваться,-1
приложения вапше ишламаябди HTTP 403 ошибка бервоти керакли пайта тулов клиб бомаябди...приложения узига криб бомаябди,1,payme,приложения вапше ишламаябди http ошибка бервоти керакли пайта тулов клиб бомаябдиприложения узига криб бомаябди,-1
"здравствуйте почему стало нельзя сделать скриншот в приложениях платежа ? Когда смотрю камунальные и другие оплаты услуг и хочу сделать скриншот,у меня написано нельзя сделать скриншот этой страницы",1,payme,здравствуйте почему стало нельзя сделать скриншот в приложениях платежа когда смотрю камунальные и другие оплаты услуг и хочу сделать скриншоту меня написано нельзя сделать скриншот этой страницы,-1
коммунальные услуги не показывают,1,payme,коммунальные услуги не показывают,-1
"Очень классное приложение для оплаты, но нормальная сумма комисии. а так всё хорошо ;]",5,payme,очень классное приложение для оплаты но нормальная сумма комисии а так всё хорошо,1
👌,5,payme,,1
нормалная приложение,5,payme,нормалная приложение,1
ок,5,payme,ок,1
удобный,5,payme,удобный,1
ажойиб!,5,payme,ажойиб,1
"часто не работает, вхожу в ком.услуги не работает.",3,payme,часто не работает вхожу в комуслуги не работает,-1
ochen xorosho,5,payme,ochen xorosho,1
zoʻr,4,payme,zor,1
я не поняла каким образом с меня сняли 29990 сум?,3,payme,я не поняла каким образом с меня сняли сум,-1
foizi katta,1,payme,foizi katta,1
Не скачивай данное приложение.2 дня не могу пройти проверку НЕ СОВЕТУЮ.,1,payme,не скачивай данное приложение дня не могу пройти проверку не советую,-1
работает отлично.ок.,5,payme,работает отличноок,-1
"Часто оплачиваю несколько платежей сразу, так вот, после оплаты платежа с помощью QR кода кнопка назад сворачивает приложение и нужно вновь заходить с помошью пин кода или отпечатка. Сделайте чтобы возвращался на главный экран приложения.",4,payme,часто оплачиваю несколько платежей сразу так вот после оплаты платежа с помощью qr кода кнопка назад сворачивает приложение и нужно вновь заходить с помошью пин кода или отпечатка сделайте чтобы возвращался на главный экран приложения,-1
Пака нормально,5,payme,пака нормально,1
мой мнения из карти банки не взяли без моего соглашения,5,payme,мой мнения из карти банки не взяли без моего соглашения,-1
приложение начел работать очень медленно и часто тормозит в то время как у аналогичных приложение работает все нормально. это у вас в payme что-то переполнено. приложение обновлен и стоит самая последняя версия.,1,payme,приложение начел работать очень медленно и часто тормозит в то время как у аналогичных приложение работает все нормально это у вас в payme чтото переполнено приложение обновлен и стоит самая последняя версия,-1
почему отчёты не выходят на табло . расходов,5,payme,почему отчёты не выходят на табло расходов,-1
Қулай илова,4,payme,улай илова,1
Ок,5,payme,ок,1
zoʻr,5,payme,zor,1
payme дан норозиман. 450 000 пулимни возврат қилиши керак эди фақат бахона килишти ходимлари. Туширдик банк дан бориб руйхатни чикартиринг деб. 2 марта чикардим менга туширмаган лекин бахона қилиб кайтармади сизлар эхтиёт булинглар. туловни возврат килишда сизга эмас узларига тушар экан. Шунча йиллик ишончимни паймол килишти,1,payme,payme дан норозиман пулимни возврат илиши керак эди фаат бахона килишти ходимлари туширдик банк дан бориб руйхатни чикартиринг деб марта чикардим менга туширмаган лекин бахона илиб кайтармади сизлар эхтиёт булинглар туловни возврат килишда сизга эмас узларига тушар экан шунча йиллик ишончимни паймол килишти,-1
зор,5,payme,зор,1
pay,5,payme,pay,1
inogda Zavisnet i kew baka netu,4,payme,inogda zavisnet i kew baka netu,1
ok,5,payme,ok,1
пока что всё хорошо,5,payme,пока что всё хорошо,1
Здравствуйте ) у меня вопрос почему вы запрашиваете id 🪪 или pinfl вы же вроде не государственное учреждение ?,5,payme,здравствуйте у меня вопрос почему вы запрашиваете id или pinfl вы же вроде не государственное учреждение,-1
ok,5,payme,ok,1
"В новой версии невозможно сделать скриншот экрана ""детали платежа"" в коммунальных услугах. Раньше такая удобная возможность была.",1,payme,в новой версии невозможно сделать скриншот экрана детали платежа в коммунальных услугах раньше такая удобная возможность была,-1
Гап йук,5,payme,гап йук,1
зур,5,payme,зур,1
В последнее время работает приложение плохо. Думаю надо удалить и начать пользоваться другим,2,payme,в последнее время работает приложение плохо думаю надо удалить и начать пользоваться другим,-1
удобно,5,payme,удобно,1
"Из избранных платежей пропала оплата за allplay, а за другие услуги остались. В истории оплаты попытались сохранить в избранное, добавляю визбранное, выходит сообщение что сохранено, но по факту в избранных оплата за allplay по прежнему нет. Попытались сохранить после оплаты и вышло то же самое 'Сохранено', а по факту всё так же отсутсвует",3,payme,из избранных платежей пропала оплата за allplay а за другие услуги остались в истории оплаты попытались сохранить в избранное добавляю визбранное выходит сообщение что сохранено но по факту в избранных оплата за allplay по прежнему нет попытались сохранить после оплаты и вышло то же самое сохранено а по факту всё так же отсутсвует,-1
спосиба,5,payme,спосиба,1
zor,5,payme,zor,1
"Купил новый телефон, решил перевести туда все данные, все программы перешли без проблем, кроме payme. Месяц разборок, тех поддержка отвечает попробуйте через 24 часа, пробую, пишет заявка принята. На этом всё. Пока не исправят, оценку не поменяю.",2,payme,купил новый телефон решил перевести туда все данные все программы перешли без проблем кроме payme месяц разборок тех поддержка отвечает попробуйте через часа пробую пишет заявка принята на этом всё пока не исправят оценку не поменяю,-1
"я значит купила подписку для того чтобы переводить деньги без комиссии, а вы играетесь!! и издеваетесь? это просто игра в угадайку, снимут тебы проценты или нет, я из-за вас столько денег потеряла, и подписку купила и проценты сняли! браво! спасибо! да я лучше другим банком буду пользоватся тбс даже платить не надо за без процентную комиссию. зачемтак делать???",1,payme,я значит купила подписку для того чтобы переводить деньги без комиссии а вы играетесь и издеваетесь это просто игра в угадайку снимут тебы проценты или нет я изза вас столько денег потеряла и подписку купила и проценты сняли браво спасибо да я лучше другим банком буду пользоватся тбс даже платить не надо за без процентную комиссию зачемтак делать,-1
Qachon kim kartamga pul tashagani kòrinmayapti,4,payme,qachon kim kartamga pul tashagani krinmayapti,-1
иногда тормозит,4,payme,иногда тормозит,-1
приложение отличное . только прошу пожалуйста включите функцию отмена авто платежа. нечаянно включила. списывает по два раза. Я разорюсь ато так.,5,payme,приложение отличное только прошу пожалуйста включите функцию отмена авто платежа нечаянно включила списывает по два раза я разорюсь ато так,1
"скатилось в мусорку. кэшбеком можно оплатить только телефон, без процента всего 5 миллионов переводы и конечно же отсрочку уже никогда не вернут, а нам 3 месяца врут про технические работы. я ухожу в другое приложение!",1,payme,скатилось в мусорку кэшбеком можно оплатить только телефон без процента всего миллионов переводы и конечно же отсрочку уже никогда не вернут а нам месяца врут про технические работы я ухожу в другое приложение,-1
Всё история не сохраняется,4,payme,всё история не сохраняется,-1
мне нравится всё работает,5,payme,мне нравится всё работает,1
Спасибо за вашу работу!,5,payme,спасибо за вашу работу,1
супер,5,payme,супер,1
роств супир приложения,5,payme,роств супир приложения,1
нормально работает,5,payme,нормально работает,1
последний время очень плоха,1,payme,последний время очень плоха,1
Приложение очень понравилось. Но очень прошу решить вопрос с отсрочкой платежа: она уже 2-3 месяца не работает по техническим причинам. Отсрочка не слабо так выручала в разных жизненных ситуациях. Очень её не хватает.,5,payme,приложение очень понравилось но очень прошу решить вопрос с отсрочкой платежа она уже месяца не работает по техническим причинам отсрочка не слабо так выручала в разных жизненных ситуациях очень её не хватает,-1
норма,5,payme,норма,1
🥰,5,payme,,1
ааааааатлична,5,payme,ааааааатлична,1
qulayli taraflari zõr,5,payme,qulayli taraflari zr,1
👍👍👍👍👍,5,payme,,1
отличная,5,payme,отличная,1
"почему когда остаток на карте 15 тысяч я не могу оплатить коммуналку или сделать покупку, приложение пишет у вас недостаточно средств на балансе.почему я не могу пользоваться своими деньгами?",2,payme,почему когда остаток на карте тысяч я не могу оплатить коммуналку или сделать покупку приложение пишет у вас недостаточно средств на балансепочему я не могу пользоваться своими деньгами,-1
постоянные сбои приложения,1,payme,постоянные сбои приложения,1
"me+ не работает, т.е. через него не возможно оплатить. другие приложения работают лучше",2,payme,me не работает те через него не возможно оплатить другие приложения работают лучше,-1
ok,5,payme,ok,1
Очень хорошо работает если интернет будет,5,payme,очень хорошо работает если интернет будет,1
"люблю пейми, очень удобный интерфейс... НО! раньше было много стимулирующих призов, меня это реально мотивировало использовать приложение. Сейчас по факту кэшбек который недоступен без Плюса (поэтому выгодно платить в др.приложении). И дорогущий перевод который тоже дорог без Плюса (поэтому использую ""бепуль""). Поэтому оценку снижаю на 4. Желаю не уходить на 2й план.)))",5,payme,люблю пейми очень удобный интерфейс но раньше было много стимулирующих призов меня это реально мотивировало использовать приложение сейчас по факту кэшбек который недоступен без плюса поэтому выгодно платить в дрприложении и дорогущий перевод который тоже дорог без плюса поэтому использую бепуль поэтому оценку снижаю на желаю не уходить на й план,-1
"В коммунальном невидно оплаты с другого приложения, раньше показывали?",5,payme,в коммунальном невидно оплаты с другого приложения раньше показывали,-1
клас,5,payme,клас,1
Zo‘r🥳,5,payme,zor,1
здравствуйте когда добавят кошелек и виса карту онлайн ?,4,payme,здравствуйте когда добавят кошелек и виса карту онлайн,-1
👍👍👍👍👍,5,payme,,1
ең зоны шу,5,payme,е зоны шу,-1
Воййй,5,payme,воййй,1
👍,5,payme,,1
"постоянно выплывает разрешить или включить гео локацию, ну я не хочу гео включать ради того что бы проверять баланс, задал бывает, можно убрать это? убрать просто в настройки или туда где гео нужно, спрашивает пусть только в нужный момент (оплата на месте и прочее) но не на главной странице же. чисто из-за этого меньше стал заходить, чаще клик.",3,payme,постоянно выплывает разрешить или включить гео локацию ну я не хочу гео включать ради того что бы проверять баланс задал бывает можно убрать это убрать просто в настройки или туда где гео нужно спрашивает пусть только в нужный момент оплата на месте и прочее но не на главной странице же чисто изза этого меньше стал заходить чаще клик,-1
Почему убрали функцию снимок экрана-Мой Дом-??? Верните пожалуйста.,4,payme,почему убрали функцию снимок экранамой дом верните пожалуйста,-1
жуда кулай ман учун..,5,payme,жуда кулай ман учун,-1
норм,5,payme,норм,1
"последние время не показывает сумму когда плачу коммунальные услуги, как стоит старая сумма так и стоит,и незнаешь теперь сколько же ушло на электричество или газ и так далее, ТОРМОЗИТ",1,payme,последние время не показывает сумму когда плачу коммунальные услуги как стоит старая сумма так и стоити незнаешь теперь сколько же ушло на электричество или газ и так далее тормозит,-1
класс спасибо,5,payme,класс спасибо,1
zo'r,5,payme,zor,1
super,5,payme,super,1
kommunal xizmatlarni to'lovini almalga oshirish uchun juda qulay ilova,5,payme,kommunal xizmatlarni tolovini almalga oshirish uchun juda qulay ilova,1
Здравствуйте я не как не могу использовать накапившие кежбек как это использовать.,3,payme,здравствуйте я не как не могу использовать накапившие кежбек как это использовать,-1
juda yahshi ilova,5,payme,juda yahshi ilova,1
удобно и понятно.,5,payme,удобно и понятно,1
Yaxshi ishlamaydi har yangi kirganda oq oyna paydo buladi tulovlar qilib bulmaydi har kirganda tilni ugrartishrish kerak xullass 1 emas 2 bahoo,1,payme,yaxshi ishlamaydi har yangi kirganda oq oyna paydo buladi tulovlar qilib bulmaydi har kirganda tilni ugrartishrish kerak xullass emas bahoo,-1
очень хороший приложение,5,payme,очень хороший приложение,1
"вы своевольно списывали 3 месяца деньги за услугу все включено. когда я позвонила в колл центр, меня сделали виноватой и сказали: ""надо было внимательнее читать оферту, там все написано"" и ""все уведомления приходят в приложение надо было заходить и проверять"". вы прекрасно знаете, что 90% пользователей не читают оферту от и до и пользуетесь этим. компания вашего уровня не должна опускаться до такого уровня. а работа с клиентами и колл центр у вас просто отвратительная",1,payme,вы своевольно списывали месяца деньги за услугу все включено когда я позвонила в колл центр меня сделали виноватой и сказали надо было внимательнее читать оферту там все написано и все уведомления приходят в приложение надо было заходить и проверять вы прекрасно знаете что пользователей не читают оферту от и до и пользуетесь этим компания вашего уровня не должна опускаться до такого уровня а работа с клиентами и колл центр у вас просто отвратительная,-1
Ещё бы продумать разделение квитков по оплате гор воды и отопления.,5,payme,ещё бы продумать разделение квитков по оплате гор воды и отопления,1
👍👍👍👍👍👍👍👍👍👍👍👍👍👍👍👍👍👍👍👍👍,5,payme,,1
good,5,payme,good,1
удобно,5,payme,удобно,1
ZUR,5,payme,zur,1
Зўр,5,payme,зр,1
nice 👍🏻,5,payme,nice,1
🤮,5,payme,,1
ok,5,payme,ok,1
super,5,payme,super,1
oppoq,5,payme,oppoq,1
zur,5,payme,zur,1
"Всем кто читает искренне советую не скачивать это приложение, потому что они списывают деньги по 20 30 тысяч незаметно, причём каждые 15 20 дней, так что не скачивайте и удалите у кого есть Они не списывают когда на карте по меньше денег, но когда побольше списывают по 28 38 21 чтобы было незаметно.",1,payme,всем кто читает искренне советую не скачивать это приложение потому что они списывают деньги по тысяч незаметно причём каждые дней так что не скачивайте и удалите у кого есть они не списывают когда на карте по меньше денег но когда побольше списывают по чтобы было незаметно,-1
надоели назойливые требования о включении геолокации!,1,payme,надоели назойливые требования о включении геолокации,-1
Задолбали с постоянной просьбой включить геолокацию!,1,payme,задолбали с постоянной просьбой включить геолокацию,1
приложение сворачивается не открывается.,4,payme,приложение сворачивается не открывается,-1
😃,5,payme,,1
👍👍👍,5,payme,,1
👍👍👍🤲,5,payme,,1
ассалому алайкум. после обновления приложения не работает. ошибка какая-то возникла как исправить ошибку?????,1,payme,ассалому алайкум после обновления приложения не работает ошибка какаято возникла как исправить ошибку,-1
нимага ишламаяпти? кирсам отворвотти...,5,payme,нимага ишламаяпти кирсам отворвотти,-1
исправьте пожалуйста у меня как захожу вылетает,1,payme,исправьте пожалуйста у меня как захожу вылетает,-1
сегодня престал работать,2,payme,сегодня престал работать,-1
"Почему нету новой версии 2.84., у меня не выходит? помогите мне илтимос?",5,payme,почему нету новой версии у меня не выходит помогите мне илтимос,-1
Ваше вот этот видео при регистрации не работает face id,1,payme,ваше вот этот видео при регистрации не работает face id,-1
Ишламайди яхши,1,payme,ишламайди яхши,-1
juda murakkab qilib tashlagan funksiyalarini ishlatishni. kesh ekni ishlatish uchuna. qayergadir podpiska bolish kerak. podpiska bolgandan keyin esa umuman ishlatib bolmaydi keshbekni. Ahmoqgarchilik. shundoga. 1 foiz oladi perevodga,1,payme,juda murakkab qilib tashlagan funksiyalarini ishlatishni kesh ekni ishlatish uchuna qayergadir podpiska bolish kerak podpiska bolgandan keyin esa umuman ishlatib bolmaydi keshbekni ahmoqgarchilik shundoga foiz oladi perevodga,-1
Очин хароше прложена мне нравится и удобная ползвитса,5,payme,очин хароше прложена мне нравится и удобная ползвитса,1
Сегодня вообще не могу зайти в программу. Всё время выкидывает. Что происходит?,1,payme,сегодня вообще не могу зайти в программу всё время выкидывает что происходит,-1
"То что вы резко сделали 10000 сум за абон. плату я ещё молчу... Но почему сейчас непонятно куда деньги ушли, вообще непонятно.",1,payme,то что вы резко сделали сум за абон плату я ещё молчу но почему сейчас непонятно куда деньги ушли вообще непонятно,-1
"Уважаемая команда PayME! Хочу выразить своё разочарование последними изменениями в вашем приложении. В то время как другие сервисы снижают комиссии за переводы и услуги, вы, наоборот, снова добавили дополнительный процент. Как это понимать? Такое решение выглядит как проявление неуважения к своим пользователям. Да, вы можете сказать, что у вас есть подписка PayME Plus, позволяющая избежать переплат, но ведь и у неё есть лимит! В итоге постоянные пользователи оказываются в невыгодном положении.",1,payme,уважаемая команда payme хочу выразить своё разочарование последними изменениями в вашем приложении в то время как другие сервисы снижают комиссии за переводы и услуги вы наоборот снова добавили дополнительный процент как это понимать такое решение выглядит как проявление неуважения к своим пользователям да вы можете сказать что у вас есть подписка payme plus позволяющая избежать переплат но ведь и у неё есть лимит в итоге постоянные пользователи оказываются в невыгодном положении,-1
"почему в разделе мониторинг показывает только расходы, доходы показаны только в сентябре месяце, то что начислено на мою карту в октябре-нет вообще. ни в мониторинге, ни в переводах не выходят доходы. это как понимать? это после вашего обновления чтоли так получилось? доработайте свою программу и не мучайте людей.",1,payme,почему в разделе мониторинг показывает только расходы доходы показаны только в сентябре месяце то что начислено на мою карту в октябренет вообще ни в мониторинге ни в переводах не выходят доходы это как понимать это после вашего обновления чтоли так получилось доработайте свою программу и не мучайте людей,-1
good,5,payme,good,1
раньше приложение работала отлично. но вопрос почему с сентября масяца начали снимать сумму почти 5 тысяч сум на услуги мониторинга и почему не спрашивают об этом пользователей? а без спроса спокойно снимают деньги?!!! и снимают уже второй месяц ?!!! теперь услуга мониторинга платная стала? по моему сначала предупредить об этом пользователя а не просто без спроса снимать деньги с карточки пользователя .,1,payme,раньше приложение работала отлично но вопрос почему с сентября масяца начали снимать сумму почти тысяч сум на услуги мониторинга и почему не спрашивают об этом пользователей а без спроса спокойно снимают деньги и снимают уже второй месяц теперь услуга мониторинга платная стала по моему сначала предупредить об этом пользователя а не просто без спроса снимать деньги с карточки пользователя,-1
Нет никаких переводов без процента,3,payme,нет никаких переводов без процента,-1
qachon qoshasizlar keyinroq to'lovni 3oydan beri texnik ishlar olib boriladi,1,payme,qachon qoshasizlar keyinroq tolovni oydan beri texnik ishlar olib boriladi,-1
So‘ramasdan pul echib olib yotipdi qaranglar,1,payme,soramasdan pul echib olib yotipdi qaranglar,-1
почему не показывает мониторинг?,5,payme,почему не показывает мониторинг,-1
супер,5,payme,супер,1
"Хорошее приложение,оценка отличная 5 звёздочек",5,payme,хорошее приложениеоценка отличная звёздочек,1
Qo'llab quvvatlashga yozdim telefon ham qildim hechkim javob bermadiku mandan payme plus uchun pul olishgan,1,payme,qollab quvvatlashga yozdim telefon ham qildim hechkim javob bermadiku mandan payme plus uchun pul olishgan,-1
Umuman foydalanmaslik kerak,1,payme,umuman foydalanmaslik kerak,-1
🤗,5,payme,,1
ок,5,payme,ок,1
zor,5,payme,zor,1
go,5,payme,go,1
"payme у вас совести нет, 5000 тыс за мониторинг. 🤮",1,payme,payme у вас совести нет тыс за мониторинг,-1
Не работает Payme+,4,payme,не работает payme,-1
zoʻr,5,payme,zor,1
tulov before buldi dedi lekin pulni qaytarmadi,5,payme,tulov before buldi dedi lekin pulni qaytarmadi,-1
супер,5,payme,супер,1
zor,5,payme,zor,1
juda juda yomon usluga xizmati kop bu ancha noqulaylik iploslar,1,payme,juda juda yomon usluga xizmati kop bu ancha noqulaylik iploslar,-1
keshbek pul korsatadi lekin ishlatib bomidi keyin kop kamisya ob qoladi,1,payme,keshbek pul korsatadi lekin ishlatib bomidi keyin kop kamisya ob qoladi,-1
👎🏻,1,payme,,1
👍👍👍👍👍👍,5,payme,,1
"добрый день, никак не могу ввойти в payme, говорит что старый пароль не действительный. Нажимаю забыли пароль, пытаюсь ввести код, он только крутиться будто загружается, но не входит. уже несколько часов. что делать?????",1,payme,добрый день никак не могу ввойти в payme говорит что старый пароль не действительный нажимаю забыли пароль пытаюсь ввести код он только крутиться будто загружается но не входит уже несколько часов что делать,-1
"постоянно сбрасывает. набираешь сложные комбинации, и в этот момент сбрасывает. придётся начинать всё сначала.",1,payme,постоянно сбрасывает набираешь сложные комбинации и в этот момент сбрасывает придётся начинать всё сначала,-1
raxmat,5,payme,raxmat,1
"Просит данные от карты, вы что нас за лохов держите??????",1,payme,просит данные от карты вы что нас за лохов держите,-1
ваше не показывет приход раньше было лучше оценка 1/10,1,payme,ваше не показывет приход раньше было лучше оценка,-1
Связ нето. уже удалил приложение,1,payme,связ нето уже удалил приложение,-1
"почему не отображается баланс если оплата была произведена с другого приложения? Пример ""Хазна""оплата за тепло энергию - Виолия",4,payme,почему не отображается баланс если оплата была произведена с другого приложения пример хазнаоплата за тепло энергию виолия,-1
к черту этот скачала прилодение не работает спрашивает пинкод пишу а там не поддерживает просто достал,1,payme,к черту этот скачала прилодение не работает спрашивает пинкод пишу а там не поддерживает просто достал,-1
"не обновляются цифры.заплатил за горячую воду 2 октября, до сих пор сумма не изменилась. да и за свет тоже не меняется. что случилось? Я понял. Ваша задача не помочь человеку, а просто отписаться. обьясняю ещё раз. положил деньги на горячую воду, цифры до сих пор не поменялись со второго числа. сегодня заплатил за свет, и тоже самое. цифры не меняются. спрашиваю вас почему так происходит, может ваше приложение глючит или ещё что нибудь?",1,payme,не обновляются цифрызаплатил за горячую воду октября до сих пор сумма не изменилась да и за свет тоже не меняется что случилось я понял ваша задача не помочь человеку а просто отписаться обьясняю ещё раз положил деньги на горячую воду цифры до сих пор не поменялись со второго числа сегодня заплатил за свет и тоже самое цифры не меняются спрашиваю вас почему так происходит может ваше приложение глючит или ещё что нибудь,-1
zur,5,payme,zur,1
"мой, любимый",5,payme,мой любимый,1
очен харашо,5,payme,очен харашо,1
нормально,4,payme,нормально,1
там не показывает транзакции что делать? а так все хорошо,5,payme,там не показывает транзакции что делать а так все хорошо,-1
judaman maqul,5,payme,judaman maqul,1
Bir Tiyinga Qimmat Identifikatsyadan otish uchun 3 kun ovvora boldim komissyalari ham katta,1,payme,bir tiyinga qimmat identifikatsyadan otish uchun kun ovvora boldim komissyalari ham katta,-1
не рекомендую поздний отстой ???,1,payme,не рекомендую поздний отстой,1
"masofadan to'lov imkoniyati borligi uchun rahmat. kommunal to'lovlarni mening uyimga yig'ib qo'yganman. Ancha vaqtdan beri eng oxirgi ko'rsatkichlarni noto'g'ri ko'rsatib kelayapti. O'chirin boshqatdan o'rnatganman, keshiniyam tozalab ko'rganman bu kamchipik tuzalmadi. Lekin alohida to'lovlarga kirib izlab topsam to'g'ri ko'rsatadi, mening uyimda esa yo'q.",1,payme,masofadan tolov imkoniyati borligi uchun rahmat kommunal tolovlarni mening uyimga yigib qoyganman ancha vaqtdan beri eng oxirgi korsatkichlarni notogri korsatib kelayapti ochirin boshqatdan ornatganman keshiniyam tozalab korganman bu kamchipik tuzalmadi lekin alohida tolovlarga kirib izlab topsam togri korsatadi mening uyimda esa yoq,-1
rahmat,5,payme,rahmat,1
молодцы,5,payme,молодцы,1
"система кэшбека с подпиской Пэйми+ невыгодная сделка для пользователей. лучше бы сделали вариант доступнее. а вот функция ""отмена"" платежей- классно работает, молодцы!",4,payme,система кэшбека с подпиской пэйми невыгодная сделка для пользователей лучше бы сделали вариант доступнее а вот функция отмена платежей классно работает молодцы,1
🤬🤬🤬🤬,1,payme,,1
poo,5,payme,poo,1
оккееее зурррр,5,payme,оккееее зурррр,1
Дорогие разработчики прекратите блокировать звонки по Вотсапу тогда оценку исправлю,1,payme,дорогие разработчики прекратите блокировать звонки по вотсапу тогда оценку исправлю,-1
супер,5,payme,супер,1
Отменить на хрен все плотижи без согласие,1,payme,отменить на хрен все плотижи без согласие,-1
super,5,payme,super,1
soramasdan premiumga pul yechib olyabdi ayyorlik qilib payme boshqa prilojeniyaga o'tib olinglar....,1,payme,soramasdan premiumga pul yechib olyabdi ayyorlik qilib payme boshqa prilojeniyaga otib olinglar,-1
👌,5,payme,,1
Либо я что-то делаю не то либо реально каммисия взлетела,1,payme,либо я чтото делаю не то либо реально каммисия взлетела,-1
ок,5,payme,ок,1
на этапе регистрации запрашивает пин код придумать и потом пишет операция недоступна,1,payme,на этапе регистрации запрашивает пин код придумать и потом пишет операция недоступна,-1
"Почему то мониторинг не работает вообще, что случилось? Куда смотрят разработчики приложения, как отслеживать приход и расход, если не за работает мониторинг - то приложение бесполезное",1,payme,почему то мониторинг не работает вообще что случилось куда смотрят разработчики приложения как отслеживать приход и расход если не за работает мониторинг то приложение бесполезное,-1
отлично,5,payme,отлично,1
Промокод на itv подписку pro+ не работает,1,payme,промокод на itv подписку pro не работает,-1
"да, совет помог",5,payme,да совет помог,1
❤️,5,payme,,1
"ПОСЛЕ ТОГО КАК СНЯЛИ 5% КОМИССИИ ЗА ОБЫЧНЫЙ ПЕРЕВОД, УДАЛЯЮ НАСОВСЕМ! В СЛУЖБЕ ПОДДЕРЖКИ СКАЗАЛИ ЧТО У НИХ СЕЙЧАС ИДЁТ ТАКАЯ МЕГА АКЦИЯ. ВИДНО РАЗВИВАЮТСЯ и ДЛЯ НАРОДА СТАРАЮТСЯ )))))))))))))",1,payme,после того как сняли комиссии за обычный перевод удаляю насовсем в службе поддержки сказали что у них сейчас идёт такая мега акция видно развиваются и для народа стараются,-1
хорошо,5,payme,хорошо,1
класс,5,payme,класс,1
zor,5,payme,zor,1
zor,5,payme,zor,1
"при регистрации просит придумать пин, ввожу, повторяю ввод, пишет данная операция не доступна(",5,payme,при регистрации просит придумать пин ввожу повторяю ввод пишет данная операция не доступна,-1
спасибо всетхорошо,5,payme,спасибо всетхорошо,1
Мошенники без предупреждения деньги снимают,1,payme,мошенники без предупреждения деньги снимают,-1
супер,5,payme,супер,1
зур,5,payme,зур,1
musrrrrrrr,1,payme,musrrrrrrr,1
o'ta dabdala programma 3martta identification qilishga urindim nimani hisobiga bekor bo'lyapti tushunmadim nima keragi bor bunaqa narsani,1,payme,ota dabdala programma martta identification qilishga urindim nimani hisobiga bekor bolyapti tushunmadim nima keragi bor bunaqa narsani,-1
klassno,5,payme,klassno,1
поддержка очень долго отвечает в тг,3,payme,поддержка очень долго отвечает в тг,-1
хорошо работает,5,payme,хорошо работает,1
Ок,5,payme,ок,1
жуда кулай,5,click,жуда кулай,-1
supper,5,click,supper,1
👍👍👍👍,5,click,,1
layki,5,click,layki,1
класс!!!,5,click,класс,1
"супер,зур.",5,click,суперзур,1
zur,5,click,zur,1
class,5,click,class,1
вообще не обновляется,1,click,вообще не обновляется,-1
zur,5,click,zur,1
Zo'r,5,click,zor,1
good,5,click,good,1
ну почему нужна блокировка в клик.денши мои не могу10минут ждал пока ответит оператор и недождался ползоватся ???,1,click,ну почему нужна блокировка в кликденши мои не могуминут ждал пока ответит оператор и недождался ползоватся,-1
👍,5,click,,1
Ko'p qulay funktsiyalari bor 10 yildan beri ishlataman qizig'i izoh qoldirmagan ekanman hech ham,5,click,kop qulay funktsiyalari bor yildan beri ishlataman qizigi izoh qoldirmagan ekanman hech ham,1
просто расво невожможно испо.,1,click,просто расво невожможно испо,1
все супер,5,click,все супер,1
"пару дней уже глючит, переводы не отправляются, в Мой Дом счета не обновляются и не проходит оплата. плюс комиссию ввели за квартплату. пока другие раздают кешбэк, вы его не просто урезаете, но и вводите дополнительные поборы.",3,click,пару дней уже глючит переводы не отправляются в мой дом счета не обновляются и не проходит оплата плюс комиссию ввели за квартплату пока другие раздают кешбэк вы его не просто урезаете но и вводите дополнительные поборы,-1
I'm away xzxbĺ or 6hbhh can't b hhh how ji hhhhj p hhhj,3,click,im away xzxb or hbhh cant b hhh how ji hhhhj p hhhj,1
фоизни камайтирпйлик,5,click,фоизни камайтирпйлик,1
Безупречно молодцы,5,click,безупречно молодцы,1
Ок.,5,click,ок,1
zur,5,click,zur,1
Здравствуйте администрация клик помогите пожалуйста не могу добраться до карт чтобы оплатить коммунальные платежи и.т.д не фиксирует мое лицо био данные уже всё перепробовал нет результата обещали помочь а помощи нет от вас жду новую версию нет как мне быть,4,click,здравствуйте администрация клик помогите пожалуйста не могу добраться до карт чтобы оплатить коммунальные платежи итд не фиксирует мое лицо био данные уже всё перепробовал нет результата обещали помочь а помощи нет от вас жду новую версию нет как мне быть,-1
"Kirib bomyapti, bitta qurilmada bolishi kere dvotti Sim karta. Manda bitta qurilmada. Razrablani uvolit qvor loxla",1,click,kirib bomyapti bitta qurilmada bolishi kere dvotti sim karta manda bitta qurilmada razrablani uvolit qvor loxla,-1
thank you,5,click,thank you,1
спасибо за обслуживание,5,click,спасибо за обслуживание,1
на,3,click,на,-1
super,5,click,super,1
деньги часто снимают,1,click,деньги часто снимают,-1
удобно,5,click,удобно,1
01.06.2025 дан nfc. хумо пай ишламаябди,1,click,дан nfc хумо пай ишламаябди,-1
тупизм вобще,1,click,тупизм вобще,1
Отличное качество приложения!,5,click,отличное качество приложения,1
класно,5,click,класно,1
Zo‘r,5,click,zor,1
зур,5,click,зур,1
зор,5,click,зор,1
👍,5,click,,1
бест,5,click,бест,1
basharamdi tanimadiku,1,click,basharamdi tanimadiku,1
класс,5,click,класс,1
Правильно кажеться удобный приложение,5,click,правильно кажеться удобный приложение,1
удобна,5,click,удобна,1
Удобный хороший сервис.,5,click,удобный хороший сервис,1
YAXSHI LEKIN AYRIM KAMCHILIKLARI BOR RASSIYADAGI MUKAMMAL PLATFORMADAK EMAS!.,4,click,yaxshi lekin ayrim kamchiliklari bor rassiyadagi mukammal platformadak emas,1
"не могу зарегистрироваться, 10 кодов и пишет что не зарегистрирован, не понятно что ещё надо, замучили со своими кодами, ничего не понятно",1,click,не могу зарегистрироваться кодов и пишет что не зарегистрирован не понятно что ещё надо замучили со своими кодами ничего не понятно,-1
ok,5,click,ok,1
отлично,5,click,отлично,1
super,5,click,super,1
Zor,5,click,zor,1
👍👍,5,click,,1
не работает,1,click,не работает,-1
zo'r,5,click,zor,1
Polat,4,click,polat,1
ishlashiga gap yo,5,click,ishlashiga gap yo,1
Отлично работает,5,click,отлично работает,1
menga juda ham kulai,5,click,menga juda ham kulai,1
👍🏻,5,click,,1
Что] гггяш0ш0ш0ш0ш0ш0ш0ш0ш0ш0ш0ш0ш0ш0ш0ш0ш0ш0ш0ш0ш0ш0ш0ш0ш0ш0ш0ш0ш0ш0ш0ш0ш0ш0ш0ш0ш0ш0ш0ш0ш0ш0ш0ш0ш0ш0ш0ш0ш0ш0ш0ш0ш0ш0ш0ш0ш0ш0ш0ш0ш0ш0ш0ш0 г0г0г0г0г0г0г0г0ггг0г0ш0ш0,3,click,что гггяшшшшшшшшшшшшшшшшшшшшшшшшшшшшшшшшшшшшшшшшшшшшшшшшшшшшшшшшшшшшшшшш ггггггггггггшш,-1
klass,5,click,klass,1
иногда перевести деньги не возможно а так нормально,3,click,иногда перевести деньги не возможно а так нормально,-1
За два года приложение с наихудшего перешёл на сверхнаихудший. Грабят средь бело дня. Отстойное приложение отстойного банка kapital. Не советую никому,1,click,за два года приложение с наихудшего перешёл на сверхнаихудший грабят средь бело дня отстойное приложение отстойного банка kapital не советую никому,-1
У меня Андроид 5 и не смог подтвердить личность хотя телефон с нфс и передней камерой,1,click,у меня андроид и не смог подтвердить личность хотя телефон с нфс и передней камерой,-1
класс,5,click,класс,1
⁰pèalpl,1,click,palpl,1
zõr,5,click,zr,1
разблокировка 🔓 очень плохо работает,1,click,разблокировка очень плохо работает,-1
Abdullayev A,5,click,abdullayev a,1
"хохласа ишлайди, хохласа йук саволларга умуман жавоб бермайди",1,click,хохласа ишлайди хохласа йук саволларга умуман жавоб бермайди,-1
зур,5,click,зур,1
ок,5,click,ок,1
супер!,5,click,супер,1
атлично,5,click,атлично,1
Жуда қулай,5,click,жуда улай,1
klas,5,click,klas,1
👍,5,click,,1
otlichna,5,click,otlichna,1
отлично 👍,5,click,отлично,1
ploha,1,click,ploha,1
"Плохое приложение. Пишет, что я поменял пароль или устройство, поэтому нужно подтвердить личность. Устройство и пароль я НЕ менял.",1,click,плохое приложение пишет что я поменял пароль или устройство поэтому нужно подтвердить личность устройство и пароль я не менял,-1
foyiz kop,1,click,foyiz kop,1
👍🏻,5,click,,1
zor,5,click,zor,1
Хумансга пул солиб бўлмаяпди,3,click,хумансга пул солиб блмаяпди,-1
зур,5,click,зур,1
удобный,5,click,удобный,1
хорошо,5,click,хорошо,1
Zor,5,click,zor,1
Klass,5,click,klass,1
как использовать в других странах,1,click,как использовать в других странах,-1
zo'r,5,click,zor,1
super,5,click,super,1
juda zur,5,click,juda zur,1
Кулай отказма,5,click,кулай отказма,1
Всё отлично 👍,5,click,всё отлично,1
Super,3,click,super,1
👍,5,click,,1
Ajoyib,5,click,ajoyib,1
"приложение хорошое,таклиф;увеличте шрифт и цифры,слишком маленкие,заранее спасибо",4,click,приложение хорошоетаклифувеличте шрифт и цифрыслишком маленкиезаранее спасибо,1
Super,5,click,super,1
Yaxshi,5,click,yaxshi,1
отлично,5,click,отлично,1
спасибо,5,click,спасибо,1
👍,5,click,,1
5 Супер 👍👏😆,5,click,супер,1
Зўр ишлаяпти,5,click,зр ишлаяпти,1
хорошее приложения,5,click,хорошее приложения,1
ок,5,click,ок,1
👍,5,click,,1
juda yaxshi,5,click,juda yaxshi,1
ok,5,click,ok,1
классное приложение,5,click,классное приложение,1
yaxshi emas,1,click,yaxshi emas,1
Очень хороший предложение,5,click,очень хороший предложение,1
super,5,click,super,1
спасибо,5,click,спасибо,1
суппер,5,click,суппер,1
👍👍👍👍,5,click,,1
Kartadan kartaga pul otgazmaga doimiy 1 foiz oladi.Bu juda kop.Limit yoq. Qolgan tulovlarga yaxshi qulay,3,click,kartadan kartaga pul otgazmaga doimiy foiz oladibu juda koplimit yoq qolgan tulovlarga yaxshi qulay,1
"Кулай, осон, тез Малумот олиш мумкин",5,click,кулай осон тез малумот олиш мумкин,1
judayam zõr va oson,5,click,judayam zr va oson,1
Супер,5,click,супер,1
Мне очень нравится,5,click,мне очень нравится,1
👍,5,click,,1
Хаммаси Яхши Ишлаб Турибди Лекин Фоиз Олмаса Яхши Буларди.,4,click,хаммаси яхши ишлаб турибди лекин фоиз олмаса яхши буларди,-1
ок!!!!!,5,click,ок,1
самое удобное приложение,5,click,самое удобное приложение,1
яхши,5,click,яхши,-1
жуда зур,5,click,жуда зур,1
zoʻr,5,click,zor,1
класс,5,click,класс,1
👍,5,click,,1
👍,5,click,,1
супер,5,click,супер,1
good,5,click,good,1
не могу открыть клик . пишет: для продолжения убедитесь что симка и аккаунт находится на одном устройстве разработчики не могут помочь,1,click,не могу открыть клик пишет для продолжения убедитесь что симка и аккаунт находится на одном устройстве разработчики не могут помочь,-1
Почему мониторинг не работает??? И невозможно включить мониторинг вручную. На карте деньги есть но смс приходит о том что недостаточно средств на карте.,5,click,почему мониторинг не работает и невозможно включить мониторинг вручную на карте деньги есть но смс приходит о том что недостаточно средств на карте,-1
zôr gap yóq,5,click,zr gap yq,1
ok,5,click,ok,1
👍,5,click,,1
удобно,5,click,удобно,1
хорошее приложение,5,click,хорошее приложение,1
зур!,5,click,зур,1
zor.,5,click,zor,1
zor,5,click,zor,1
Суппер,5,click,суппер,1
зўри шу,5,click,зри шу,-1
чётко,5,click,чётко,1
ro'yxatdan o‘tish uchun telefon raqam kiritib kod olish uchun davom etishni bosdim vpn ni o'chiring degan yozuv chiqyapti. vpn o‘chiqku nima sababdan bunday kechadan beri shu ahvol,1,click,royxatdan otish uchun telefon raqam kiritib kod olish uchun davom etishni bosdim vpn ni ochiring degan yozuv chiqyapti vpn ochiqku nima sababdan bunday kechadan beri shu ahvol,-1
👍,5,click,,1
mening oilam bo'limi ajoyib,5,click,mening oilam bolimi ajoyib,1
хорошоооо,5,click,хорошоооо,1
мошнй,5,click,мошнй,1
Ок,5,click,ок,1
Ilova deganiga dunyoni xoxlagan joyidan kirish mumkin qib qo'yilmaydimi Rassiyada turib kirib bo'mayapti,1,click,ilova deganiga dunyoni xoxlagan joyidan kirish mumkin qib qoyilmaydimi rassiyada turib kirib bomayapti,-1
foiz kamaytrili,5,click,foiz kamaytrili,1
👍👍👍,5,click,,1
Клик надоел брать конские комисии,1,click,клик надоел брать конские комисии,1
просто гап йўк,5,click,просто гап йк,1
super,5,click,super,1
ajoyib,5,click,ajoyib,1
харошо спасиба.,5,click,харошо спасиба,1
зор менга ёкади,5,click,зор менга ёкади,1
отлично,5,click,отлично,1
третий день не работает,2,click,третий день не работает,-1
godd,5,click,godd,1
зур.борингизга оллохга шукур.,5,click,зурборингизга оллохга шукур,1
Super,5,click,super,1
bleh,1,click,bleh,1
Zōr,5,click,zr,1
spasiboo,5,click,spasiboo,1
"Sodda, oddiy dasturni nega boʻlar-boʻlmas servislar bilan rasvo qilyabsizlar?! Deyarli hech qaysinisi poytaxtdan tashqarida ishlamasa. Yoki yengilroq versiyasini ham qilinglar",3,click,sodda oddiy dasturni nega bolarbolmas servislar bilan rasvo qilyabsizlar deyarli hech qaysinisi poytaxtdan tashqarida ishlamasa yoki yengilroq versiyasini ham qilinglar,-1
зур,4,click,зур,1
Спасибо за программу,4,click,спасибо за программу,1
зур,5,click,зур,1
👍👍👍👍,5,click,,1
zor,5,click,zor,1
"пользуюсь кликом 5-6 лет , очень надёжный и безопасный , операторы грамотные . Было бы хорошо для клиентов все таки какие нибудь хорошие бонусы накопительные и немного Изменение дизайна)👍🏻",5,click,пользуюсь кликом лет очень надёжный и безопасный операторы грамотные было бы хорошо для клиентов все таки какие нибудь хорошие бонусы накопительные и немного изменение дизайна,1
Qulay va tez,5,click,qulay va tez,1
Judayam zur va qulay asosiysi tezlik,5,click,judayam zur va qulay asosiysi tezlik,1
очень удобно хороший приложениях для использования я аценаю 5,5,click,очень удобно хороший приложениях для использования я аценаю,1
👍,5,click,,1
"самое тупое приложение, которое я мог видеть в жизни.",1,click,самое тупое приложение которое я мог видеть в жизни,1
приложение удобное. вот если бы побольше кэшбека начисляли было бы супер.,5,click,приложение удобное вот если бы побольше кэшбека начисляли было бы супер,1
Суппер,5,click,суппер,1
👍,5,click,,1
здорово!,5,click,здорово,1
комиссия слишком много 🗿,1,click,комиссия слишком много,-1
👍,5,click,,1
👍,5,click,,1
Ilgʻor kompaniya,5,click,ilgor kompaniya,1
зор,5,click,зор,1
zo‘r,5,click,zor,1
отлично,5,click,отлично,1
Пул тўлаш.,1,click,пул тлаш,-1
Nice 👍,4,click,nice,1
"visa в сумах не работает, Uzum карта баланс не отображается..",4,click,visa в сумах не работает uzum карта баланс не отображается,-1
zor,5,click,zor,1
👍,5,click,,1
"Не получается зайти в аккаунт. Ошибка: Проверьте что аккаунт и сим-карта находится на одном устройстве... Upd. Проблему исправили, получилось зайти в аккаунт.",5,click,не получается зайти в аккаунт ошибка проверьте что аккаунт и симкарта находится на одном устройстве upd проблему исправили получилось зайти в аккаунт,-1
qurilmam yangi Edi simkarta ushbu mobil da bolishi kerak demoqda kirolmadim kabinetim ga,1,click,qurilmam yangi edi simkarta ushbu mobil da bolishi kerak demoqda kirolmadim kabinetim ga,-1
"загрузила приложение, но не получается сделать вход, номер пишу приходит смс с кодом, но пишет что номер должен быть на устройстве. А номер то естественно в телефоне. и что мне делать дальше?",1,click,загрузила приложение но не получается сделать вход номер пишу приходит смс с кодом но пишет что номер должен быть на устройстве а номер то естественно в телефоне и что мне делать дальше,-1
класс,5,click,класс,1
молодцы,5,click,молодцы,1
zo'r,5,click,zor,1
отлично супер,5,click,отлично супер,1
Juda qulay va ishonchli,5,click,juda qulay va ishonchli,1
я просто вдахновлён😇👍,5,click,я просто вдахновлён,1
Pul òtkazma foizlari baland,1,click,pul tkazma foizlari baland,-1
"история мониторинга работает плохо, далеко не все траты с карты появляются там, а те, что появляются - появляются не сразу",3,click,история мониторинга работает плохо далеко не все траты с карты появляются там а те что появляются появляются не сразу,-1
yaxwi,3,click,yaxwi,1
ГДЕ ХУМАНС ..ОБНОВИЛИ И УБРАЛИ ХУМАНС,2,click,где хуманс обновили и убрали хуманс,-1
доимо сизларни хизмаиингиздан фойдаоанганман. рахмат.,5,click,доимо сизларни хизмаиингиздан фойдаоанганман рахмат,1
Komissiya,5,click,komissiya,1
супер,5,click,супер,1
зур,5,click,зур,1
почему в приложении невозможно удалить аккаунт с телефонным номером навсегда? почему нет функции удаление аккаунта? у других приложении существует а у вас каменный век. Деревня.,1,click,почему в приложении невозможно удалить аккаунт с телефонным номером навсегда почему нет функции удаление аккаунта у других приложении существует а у вас каменный век деревня,-1
Почему на моем устройстве не открывается приложение Click. Что случилось,1,click,почему на моем устройстве не открывается приложение click что случилось,-1
нормально,5,click,нормально,1
"Скажите я нахожусь в другой стране как можно зарегистрироваться Click,",1,click,скажите я нахожусь в другой стране как можно зарегистрироваться click,-1
"сим карта находится в телефоне и я хочу регистрацию пройти, заполняю поля смс кодом и мне пишут убедитесь что сим карта находится в этом устройстве",1,click,сим карта находится в телефоне и я хочу регистрацию пройти заполняю поля смс кодом и мне пишут убедитесь что сим карта находится в этом устройстве,-1
зор,5,click,зор,1
мани телефоним кирмаяпти сликка нимадан шу ёрдам берила илтимос,2,click,мани телефоним кирмаяпти сликка нимадан шу ёрдам берила илтимос,-1
zor,5,click,zor,1
Супер,5,click,супер,1
"А вообще есть возможность авторизоваться в вашем приложении ? Я не могу пройти авторизацию неделю !!!!! Я думала что я тупая , но оказывается не я одна испытываю трудности в авторизации в вашем приложении ! С этим можно что нибудь сделать или можно выкидывать ваше приложение на помойку ?",1,click,а вообще есть возможность авторизоваться в вашем приложении я не могу пройти авторизацию неделю я думала что я тупая но оказывается не я одна испытываю трудности в авторизации в вашем приложении с этим можно что нибудь сделать или можно выкидывать ваше приложение на помойку,-1
Здравствуйте. Почему у меня не работает это приложение. Вообще не работает и не возможно войти. Пожалуйста ответьте,3,click,здравствуйте почему у меня не работает это приложение вообще не работает и не возможно войти пожалуйста ответьте,-1
"не смогу войти в онлайн никак, тнлефон новый самсунг А57 не знаю в чем проблема!!!",1,click,не смогу войти в онлайн никак тнлефон новый самсунг а не знаю в чем проблема,-1
килик.,5,click,килик,1
"Nomerga adashib 5000som o'tkazib yuboribman, qaytarish imkoni yo'q deb rad etishdi, call centerga tezda tel qilgandim",1,click,nomerga adashib som otkazib yuboribman qaytarish imkoni yoq deb rad etishdi call centerga tezda tel qilgandim,-1
"Не получается установить это приложение,после замены телефона.",1,click,не получается установить это приложениепосле замены телефона,-1
у меня на устройстве не работает отправит отчет запись показывает,3,click,у меня на устройстве не работает отправит отчет запись показывает,-1
Хорошеет приложение.,5,click,хорошеет приложение,1
"Что за бред? Не могу авторизоваться на новом аппарате вношу номер телефона со старой sim картой приходит код,который не действует - нет входа в приложение",1,click,что за бред не могу авторизоваться на новом аппарате вношу номер телефона со старой sim картой приходит кодкоторый не действует нет входа в приложение,-1
"""для продолжения убедитесь, что sim-карта и аккаунт находятся на одном устройстве"". с одного устройства захожу в чем дело? то смс не приходят, то приходят одни и те же коды в смс. через телеграм доходит до ввода пароля, а пароль не правильный, а пароля и не должно быть, первый раз устанавливаю ваше приложение",3,click,для продолжения убедитесь что simкарта и аккаунт находятся на одном устройстве с одного устройства захожу в чем дело то смс не приходят то приходят одни и те же коды в смс через телеграм доходит до ввода пароля а пароль не правильный а пароля и не должно быть первый раз устанавливаю ваше приложение,-1
"берут % за оплату комунальных услуг. делают бабки из воздуха. при оплате за квартиру берут 1 %., это в среднем 1000 сум. а сколько людей в стране оплачивают комуналку через КЛИК",1,click,берут за оплату комунальных услуг делают бабки из воздуха при оплате за квартиру берут это в среднем сум а сколько людей в стране оплачивают комуналку через клик,-1
отлично,5,click,отлично,1
не могу уже неделю привязать номер свой,1,click,не могу уже неделю привязать номер свой,-1
не работает просто выбрасывает не открывается ☹️,1,click,не работает просто выбрасывает не открывается,-1
👍👍,5,click,,1
не могу зайти на новом устройстве. Пишет убедитесь что номер и аккаунт находятся на одном устройстве,5,click,не могу зайти на новом устройстве пишет убедитесь что номер и аккаунт находятся на одном устройстве,-1
клик не работает,5,click,клик не работает,-1
Rahmat Click jamoasiga Mening oilam funksiyasi orqali bolalarimga bez komissiya pul o'tkazyapman,5,click,rahmat click jamoasiga mening oilam funksiyasi orqali bolalarimga bez komissiya pul otkazyapman,1
clickda mening oilam funksiyasi super bez komissiya ota-onayizga pul o'tkazsez bo'larkan,5,click,clickda mening oilam funksiyasi super bez komissiya otaonayizga pul otkazsez bolarkan,1
не работает после обновления выдаёт ошибку и закрывается,3,click,не работает после обновления выдаёт ошибку и закрывается,-1
"Оплатил на мойке через клик куар кодом,деньги сняли,и ушли в неизвестность. Обращение в службу поддержки-промто игнор(пришло смс,что заявку выполнили якобы),а по факту забили болт. Интересно руководство в курсе,как работают люди на местах,сливая только отчеты о проделанной работе? Обновление: снова возникла спорная ситуация на кассе-тех поддержка мертвая,просто сбрасывают звонок!!! Шарашкина контора",1,click,оплатил на мойке через клик куар кодомденьги снялии ушли в неизвестность обращение в службу поддержкипромто игнорпришло смсчто заявку выполнили якобыа по факту забили болт интересно руководство в курсекак работают люди на местахсливая только отчеты о проделанной работе обновление снова возникла спорная ситуация на кассетех поддержка мертваяпросто сбрасывают звонок шарашкина контора,-1
Men ilovaga kira olmayabman,1,click,men ilovaga kira olmayabman,-1
Juda zor va qulay,5,click,juda zor va qulay,1
охирги йагилашдан кейин кликга киролмайапман,5,click,охирги йагилашдан кейин кликга киролмайапман,-1
"Kommunal toʻlov qilganda, oʻzini uslugasi foizi koʻrsatmidi bula",1,click,kommunal tolov qilganda ozini uslugasi foizi korsatmidi bula,1
"после обновления перестало заходить в приложение, версия андроид 9 не поддерживает",1,click,после обновления перестало заходить в приложение версия андроид не поддерживает,-1
манда очмаяпти,5,click,манда очмаяпти,1
Не загружается и не обновляется,1,click,не загружается и не обновляется,-1
рахмат,5,click,рахмат,1
хороший,5,click,хороший,1
yaxwi,5,click,yaxwi,1
"Супер. В последним двух обновление стал неудобно пользоваться приложением. В каждом переходе окожках просит пин код. И не возможно стал добавить карту, в роде дрбавляет но в списке не появился.",5,click,супер в последним двух обновление стал неудобно пользоваться приложением в каждом переходе окожках просит пин код и не возможно стал добавить карту в роде дрбавляет но в списке не появился,-1
"перестало заходить в приложении после обновы, почините а то придется использовать другие приложения",1,click,перестало заходить в приложении после обновы почините а то придется использовать другие приложения,-1
зур,5,click,зур,1
вот уже пияти ден немогу исползовать отключили сказали технические не поладки што у вас неполадки так долга бивает Я на вас всех подам на жалобу,1,click,вот уже пияти ден немогу исползовать отключили сказали технические не поладки што у вас неполадки так долга бивает я на вас всех подам на жалобу,-1
Моя семья это супер,5,click,моя семья это супер,1
zo'r,5,click,zor,1
Спасибо хорошо работаешь,5,click,спасибо хорошо работаешь,1
Телефон сгорел. На новом телефоне выходит сообщение что аккаунт и исим карта находятся на разных устройствах. Что делать мне?,3,click,телефон сгорел на новом телефоне выходит сообщение что аккаунт и исим карта находятся на разных устройствах что делать мне,-1
приложения мукаммал ишланмаган янги номер олиб приложенияга киритсам бошқа инсонни малумотларини очиб берябди нега даже бошқа инсон олдин улаган бўлса шу номерга янги қурилмага очилаётганда идентификация Билан кириш сўралмайди бошқа қурилмага очиб беришади бошқа инсонни малумотини бошқа инсон номерни олиши мумкинку ахир ўшанда хафсизлик учун лицо ёки секретний код ёки шунга ўхшаш хокозо хавсизликлар йўқми ахир разработчиклар нега шу нарсани ўйлашмаса ответ кутиб қоламан,1,click,приложения мукаммал ишланмаган янги номер олиб приложенияга киритсам боша инсонни малумотларини очиб берябди нега даже боша инсон олдин улаган блса шу номерга янги урилмага очилаётганда идентификация билан кириш сралмайди боша урилмага очиб беришади боша инсонни малумотини боша инсон номерни олиши мумкинку ахир шанда хафсизлик учун лицо ёки секретний код ёки шунга хшаш хокозо хавсизликлар йми ахир разработчиклар нега шу нарсани йлашмаса ответ кутиб оламан,-1
bosh ogʻriq raqam oldin kimdur ishlatgan bo'lsa oʻzingizga ocha olmaysiz operatorga qilsangiz qogʻoz ruchga bormi diydimi ye shuni elektronniy hal qiladigan qilsa bo'ladi-yu,1,click,bosh ogriq raqam oldin kimdur ishlatgan bolsa ozingizga ocha olmaysiz operatorga qilsangiz qogoz ruchga bormi diydimi ye shuni elektronniy hal qiladigan qilsa boladiyu,-1
Самое лучшее!!!,5,click,самое лучшее,1
сегодня нисмагу установить не работайит,5,click,сегодня нисмагу установить не работайит,-1
ок,5,click,ок,1
При переводе на пластикувую карту P2P программа отправляеть деньги на свой кошелек и навязываеть свою услугу,1,click,при переводе на пластикувую карту pp программа отправляеть деньги на свой кошелек и навязываеть свою услугу,-1
zoʻr,5,click,zor,1
Yaxshi,4,click,yaxshi,1
"Система работает отлично, есть практически все нужные платежи. Но пользоваться приложением стало максимально не удобно. Везде ненужные кнопки и аппы. Дайте удалить уродливые иконки, они выскакивает когда тыкаеш нужный сервис, нервы делают.",2,click,система работает отлично есть практически все нужные платежи но пользоваться приложением стало максимально не удобно везде ненужные кнопки и аппы дайте удалить уродливые иконки они выскакивает когда тыкаеш нужный сервис нервы делают,1
полезно спасибо,5,click,полезно спасибо,1
ummuman yaxshi emas,1,click,ummuman yaxshi emas,1
Паст бахо чунки факат Узбекистан номерлари бн уланиш мумкин холос. Россия да туриб ишлатиш учун нокулайлик тугдиради.,2,click,паст бахо чунки факат узбекистан номерлари бн уланиш мумкин холос россия да туриб ишлатиш учун нокулайлик тугдиради,-1
goood,5,click,goood,1
мне нравится,5,click,мне нравится,1
shtrafin bor dib eski shtraflani korsatvoti,1,click,shtrafin bor dib eski shtraflani korsatvoti,1
зур,5,click,зур,1
ok,4,click,ok,1
chotki,5,click,chotki,1
БЛАГОДАРЮ,5,click,благодарю,1
"Пополнил клик-кошелек, так как с добавленной visa не мог платить. Оказывается с кошелька нельзя пополнить ATTO-карту((",4,click,пополнил кликкошелек так как с добавленной visa не мог платить оказывается с кошелька нельзя пополнить attoкарту,-1
иловага гап йук,5,click,иловага гап йук,1
A'lo daraja menga click Super app ilova juda xam yoqdi.,5,click,alo daraja menga click super app ilova juda xam yoqdi,1
zur gap yuq,5,click,zur gap yuq,1
Assalomu alaykum. Judayam ajoyib ilova Menga yoqdi.,5,click,assalomu alaykum judayam ajoyib ilova menga yoqdi,1
"после моего последнего использования очень много добавили, и приложения стало намного лучше. рекомендую.",5,click,после моего последнего использования очень много добавили и приложения стало намного лучше рекомендую,-1
süper clik,5,click,sper clik,1
не могу войти,1,click,не могу войти,-1
zor,5,click,zor,1
zoʻr,5,click,zor,1
Мне полчасика установит это продвижена,1,click,мне полчасика установит это продвижена,1
"работа приложения не соответствует никаким законным критериям, выборочно фиксируются переводы и транзакции! мне интересно, кто за это будет отвечать? вся система банков и оплат построена на обмане!",5,click,работа приложения не соответствует никаким законным критериям выборочно фиксируются переводы и транзакции мне интересно кто за это будет отвечать вся система банков и оплат построена на обмане,-1
супер,5,click,супер,1
👍👍👍,5,click,,1
zór dastur.. xisobotlar tekin bólsa undanam zór bólardi,5,click,zr dastur xisobotlar tekin blsa undanam zr blardi,1
Zo'r gapyoq,5,click,zor gapyoq,1
aji boʻji,5,click,aji boji,1
"обновление дали и теперь платежи отрубили, видители устройство сделать доверенным нужно. и сделать индефикацию",1,click,обновление дали и теперь платежи отрубили видители устройство сделать доверенным нужно и сделать индефикацию,-1
Ажойиб,5,click,ажойиб,1
отлично,5,click,отлично,1
Окей,5,click,окей,1
ajoyib,5,click,ajoyib,1
Prosta super 👍,5,click,prosta super,1
👍👍👍,5,click,,1
хорошо,5,click,хорошо,1
прекрасно,5,click,прекрасно,1
👌👌👌👌,5,click,,1
не могу установить приложение,5,click,не могу установить приложение,-1
отлично,5,click,отлично,1
спасибо,5,click,спасибо,1
zor,5,click,zor,1
ok,5,click,ok,1
zoʻr,5,click,zor,1
яхши,5,click,яхши,-1
хорошо,5,click,хорошо,1
yaxshi ilova,4,click,yaxshi ilova,1
iyi,5,click,iyi,1
"выручает когда надо,не подводит",5,click,выручает когда надоне подводит,1
👍👌,5,click,,1
rassiyadaman clic ochaman desam vpndasan deb kod bermayabdi plastik uzimni nomimda ochsa buladimi javobini aytvoringizlar oldindan rahmat,5,click,rassiyadaman clic ochaman desam vpndasan deb kod bermayabdi plastik uzimni nomimda ochsa buladimi javobini aytvoringizlar oldindan rahmat,1
воры за что берёти услуги 1%,1,click,воры за что берёти услуги,-1
ok k,5,click,ok k,1
profilaktika ishlari koʻpayib ketdi puling boʻlsa vaqtida toʻlay olmasang qiyin ekan elektr va mobil operatorlarga toʻlov qilaman deb kirsang profilaktika ishlari olib borilyabdi degan yozuv chiqadi yaxshiyam bular yoʻl qurilish ishlari bilan shugʻullanmaydi yoʻlga umuman chiqib boʻlmasdi,1,click,profilaktika ishlari kopayib ketdi puling bolsa vaqtida tolay olmasang qiyin ekan elektr va mobil operatorlarga tolov qilaman deb kirsang profilaktika ishlari olib borilyabdi degan yozuv chiqadi yaxshiyam bular yol qurilish ishlari bilan shugullanmaydi yolga umuman chiqib bolmasdi,-1
zor,5,click,zor,1
👍👍👍,5,click,,1
"Ну,как всегда глючит. Не могу зайти в аккаунт, пишет, чтобы отключила vpn, а у меня его даже нету.",2,click,нукак всегда глючит не могу зайти в аккаунт пишет чтобы отключила vpn а у меня его даже нету,-1
Foizi ko'p o'tkazmalarni,2,click,foizi kop otkazmalarni,1
зур илова. 🥰🥰🥰🥰👍👍👍🥰🥰🥰🥰,5,click,зур илова,1
zoʻr,5,click,zor,1
дада яхши илова,5,click,дада яхши илова,-1
ajoyib,5,click,ajoyib,1
suoer,5,click,suoer,1
zor ekan,5,click,zor ekan,1
zo'r ilovaga gap yo'q,5,click,zor ilovaga gap yoq,1
"Не рекомендую к установке и использованию. Оказывается премиум подписка не даёт право делать беспроцентные переводы с клик кошелька. А все остальные функции - это просто мусор, они есть бесплатно в других приложениях. Так ребята сразу же подключают автопродление. Но я его, конечно, сразу же отключила. Больше ни сума за этот хлам.",1,click,не рекомендую к установке и использованию оказывается премиум подписка не даёт право делать беспроцентные переводы с клик кошелька а все остальные функции это просто мусор они есть бесплатно в других приложениях так ребята сразу же подключают автопродление но я его конечно сразу же отключила больше ни сума за этот хлам,-1
super,5,click,super,1
zor,5,click,zor,1
"это очень Имба, я недавно перешёл из пайми, и все говарят про вас, я сразу скачал это, и мне понравилось Очень дам 5 звезд🔥💯",5,click,это очень имба я недавно перешёл из пайми и все говарят про вас я сразу скачал это и мне понравилось очень дам звезд,1
zor,5,click,zor,1
zoʻr,5,click,zor,1
отлилично,5,click,отлилично,1
Замечательно Я мало пользовался услугами клик оказывается что он удобен для оплаты.класс.,5,click,замечательно я мало пользовался услугами клик оказывается что он удобен для оплатыкласс,1
Мне очень нравится,5,click,мне очень нравится,1
ок,5,click,ок,1
супер,5,click,супер,1
zor,5,click,zor,1
Очень быстро.,5,click,очень быстро,1
zor,5,click,zor,1
"уважаемые разработчики, пожалуйста сделайте на главный экран сматфона виджет ""HumoPay"" , это было бы удобно, нажимал на виджете оплатил и ушел",4,click,уважаемые разработчики пожалуйста сделайте на главный экран сматфона виджет humopay это было бы удобно нажимал на виджете оплатил и ушел,-1
👍,5,click,,1
Отлично,5,click,отлично,1
foizi juda Qimmat,1,click,foizi juda qimmat,-1
zor,5,click,zor,1
👍👍👍,3,click,,1
"всё быстро и понятно, жаль только что не от всех уплат и перечислений есть кэшбэк",5,click,всё быстро и понятно жаль только что не от всех уплат и перечислений есть кэшбэк,-1
зур,5,click,зур,1
яхши ишлаяти.илова ятувчига катта рахмат. Редми13с,5,click,яхши ишлаятиилова ятувчига катта рахмат редмис,-1
zòr,5,click,zr,1
все плоха,1,click,все плоха,1
все Найс,5,click,все найс,1
👍,5,click,,1
👍 ok,5,click,ok,1
klass,5,click,klass,1
все хорошо,5,click,все хорошо,1
zor,5,click,zor,1
"невозможно зарегестрироваться — выдает ,,проверьте дату,,",1,click,невозможно зарегестрироваться выдает проверьте дату,-1
zor,5,click,zor,1
zo'r,5,click,zor,1
зор зор,5,click,зор зор,1
хорошо работает приложение 👍,5,click,хорошо работает приложение,1
zoʻr,5,click,zor,1
класс,5,click,класс,1
очень удобно и понятно)) просто предложение суперрр,5,click,очень удобно и понятно просто предложение суперрр,1
perfect,5,click,perfect,1
жудаям зор менга кулай тез ишлайди,5,click,жудаям зор менга кулай тез ишлайди,1
"сделал перевод с карты на карту, деньги снялись, а на другую карту не перевелись.хочеш связаться со службой поддержки кидает в телеграм.нахожусь не на територии узбекистана не могу вам написать.",1,click,сделал перевод с карты на карту деньги снялись а на другую карту не перевелисьхочеш связаться со службой поддержки кидает в телеграмнахожусь не на територии узбекистана не могу вам написать,-1
Monitoringni avvalgisi yaxshiroq edi. Hozir pullik boʻlgandan keyin qayerga pul ishlatilganini koʻrsatmaydi,1,click,monitoringni avvalgisi yaxshiroq edi hozir pullik bolgandan keyin qayerga pul ishlatilganini korsatmaydi,-1
zor,5,click,zor,1
не работает приложение,5,click,не работает приложение,-1
zoʼrrrr,5,click,zorrrr,1
ок,5,click,ок,1
ммм,5,click,ммм,1
после последнего обновления раздел отчеты плохо работает. Не всегда выводит данные. нужно обновить страницу несколько раз чтоб увидеть новую информацию. Сами протестируйте прежде чем выпускать новое обновление это же кошмар полный. В старой версии сразу же можно было увидеть операции а здесь без шансов... payme чтоли начать использовать,1,click,после последнего обновления раздел отчеты плохо работает не всегда выводит данные нужно обновить страницу несколько раз чтоб увидеть новую информацию сами протестируйте прежде чем выпускать новое обновление это же кошмар полный в старой версии сразу же можно было увидеть операции а здесь без шансов payme чтоли начать использовать,-1
humo pay ishlamaydi ilovada,1,click,humo pay ishlamaydi ilovada,-1
zor,5,click,zor,1
good,4,click,good,1
zor,5,click,zor,1
Ilova zo'r prosta bitta ikta pamt ishlamedigonla yomon sharh qoldirvotti,5,click,ilova zor prosta bitta ikta pamt ishlamedigonla yomon sharh qoldirvotti,1
превосходно,5,click,превосходно,1
zor,5,click,zor,1
ne ochen horosho rabotaet,1,click,ne ochen horosho rabotaet,-1
click Juda ko'p o'ylayapti Mana 20 mind and beri pulim qayerga ketganini chekini ololmayapman,1,click,click juda kop oylayapti mana mind and beri pulim qayerga ketganini chekini ololmayapman,-1
zoʻr,5,click,zor,1
супер,5,click,супер,1
Juda qulay,5,click,juda qulay,1
super,5,click,super,1
ок,5,click,ок,1
A'lo.,5,click,alo,1
если бы убрали коммисси за платежи цены бы вам не было!)😄,3,click,если бы убрали коммисси за платежи цены бы вам не было,-1
yaxshi,5,click,yaxshi,1
ajoyib,5,click,ajoyib,1
хорошо работает,5,click,хорошо работает,1
"Единица только за то что теперь мне ежедневно приходят уведомления что дерево засохло. Я не хочу об этом знать, из реально доброго дела вы устроили, по факту, донатную игру. Не поддерживаю такую политику, и в будущем постараюсь меньше пользоваться приложением, т.к. уведомления пришлось отключить вообше.",1,click,единица только за то что теперь мне ежедневно приходят уведомления что дерево засохло я не хочу об этом знать из реально доброго дела вы устроили по факту донатную игру не поддерживаю такую политику и в будущем постараюсь меньше пользоваться приложением тк уведомления пришлось отключить вообше,-1
super,5,click,super,1
Зур,5,click,зур,1
красавчики!!!,5,click,красавчики,1
zor,5,click,zor,1
шикарно,5,click,шикарно,1
самый лучший,5,click,самый лучший,1
супер,5,click,супер,1
отлично,5,click,отлично,1
класс не могу изменить номер телефона,5,click,класс не могу изменить номер телефона,-1
Komissiya,1,click,komissiya,1
Удобно но дорого,3,click,удобно но дорого,1
спасибо 10/10,5,click,спасибо,1
👍,5,click,,1
Clickni 5 yildan beri ishlataman. Clickni ishlatishim bu milliy brend va har qanday toʻlovdan eng kamida 0.3% keshbek olishim edi. onlayn toʻlovlarni ragʻbati pulni iqtisod qilish lekin bu yildan koʻplab toʻlovlar uchun keshbek berilmayapti. Bu esa meni bosh ilova ishlatishga undayapti sababi endi oldingidek asosiy ragʻbat keshbeklar berilmasligi. xatto premium olgan taqdirda ham keshbek berilmayapti. Bu oʻzgarishlarni qayta koʻrib chiqishilar kerak!,4,click,clickni yildan beri ishlataman clickni ishlatishim bu milliy brend va har qanday tolovdan eng kamida keshbek olishim edi onlayn tolovlarni ragbati pulni iqtisod qilish lekin bu yildan koplab tolovlar uchun keshbek berilmayapti bu esa meni bosh ilova ishlatishga undayapti sababi endi oldingidek asosiy ragbat keshbeklar berilmasligi xatto premium olgan taqdirda ham keshbek berilmayapti bu ozgarishlarni qayta korib chiqishilar kerak,-1
👍,5,click,,1
it's fantastic,5,click,its fantastic,1
Зор,5,click,зор,1
зор,5,click,зор,1
отлично,5,click,отлично,1
очень удобно..экономия времени...,5,click,очень удобноэкономия времени,1
super,5,click,super,1
best,5,click,best,1
ок,5,click,ок,1
👍👍👍,5,click,,1
очень хорошее и главное удобное приложение,5,click,очень хорошее и главное удобное приложение,1
👍🥰,5,click,,1
Good very good,5,click,good very good,1
только click!!!,5,click,только click,1
"Я немогу ползоватся с предложениям, не могу добавить свой пластик...",4,click,я немогу ползоватся с предложениям не могу добавить свой пластик,-1
отлично👍👏😆,5,click,отлично,1
👍,4,click,,1
zoʻr,5,click,zor,1
juda yaxwi app,5,click,juda yaxwi app,1
класс,5,click,класс,1
zoʻr,5,click,zor,1
не показывает отчёты о расходах а со счета снимает каждый месяц на мониторинг 4500 сумов,1,click,не показывает отчёты о расходах а со счета снимает каждый месяц на мониторинг сумов,-1
суппер 👍👍👍,5,click,суппер,1
"Много лишней информации на экране. Сделайте возможность отключать вручную: 1. Click Business 2. Humo Pay 3. Мой Клик 4. Mini Apps (почему на английском?) 5. И мельтешащий баннер по центру приложения. Пусть пользователи сами решают, как будет выглядеть их главная страница Click.",2,click,много лишней информации на экране сделайте возможность отключать вручную click business humo pay мой клик mini apps почему на английском и мельтешащий баннер по центру приложения пусть пользователи сами решают как будет выглядеть их главная страница click,-1
кешбеклар хисобланмай қўйилдими,1,click,кешбеклар хисобланмай йилдими,1
yaxshi,5,click,yaxshi,1
зур,5,click,зур,1
judaxam qulay,5,click,judaxam qulay,1
Хорошее и удобное приложение.,5,click,хорошее и удобное приложение,1
нормально все,5,click,нормально все,1
"zor uzoq masofani yaqin qiladi tolov ,pul otkazmalarda.",5,click,zor uzoq masofani yaqin qiladi tolov pul otkazmalarda,1
zoʻr,5,click,zor,1
"классное, удобное приложение",5,click,классное удобное приложение,1
"самый популярный приложение, очень удобно",5,click,самый популярный приложение очень удобно,1
все отлично,5,click,все отлично,1
Tõlõvlar zõr va tushunarli,5,click,tlvlar zr va tushunarli,1
Неужели вы добавили функцию бесконтактной оплаты спасибо команде click,5,click,неужели вы добавили функцию бесконтактной оплаты спасибо команде click,1
деньги не переводятся,4,click,деньги не переводятся,-1
очень удобно пользоваться спасибо,5,click,очень удобно пользоваться спасибо,1
удобное и хорошее предложение),5,click,удобное и хорошее предложение,1
zo'r,5,click,zor,1
зависает иногда,2,click,зависает иногда,-1
отлично,5,click,отлично,1
очень удобное Для стариков благодарю.,5,click,очень удобное для стариков благодарю,1
уменьшить перевод денег на хотя бы на 0.8%,3,click,уменьшить перевод денег на хотя бы на,-1
Зор,5,click,зор,1
Yaxshi ilova,5,click,yaxshi ilova,1
"С последним обновлением вообще не показывает переводы, надо 10 раз потянуть вниз обновить чтобы увидить новые расходы или приходы. Раньше таких проблем не было.",3,click,с последним обновлением вообще не показывает переводы надо раз потянуть вниз обновить чтобы увидить новые расходы или приходы раньше таких проблем не было,-1
tranzajsiyala tarixi juda yomon ishlavitti ya'ni pulli karta tarixi xizmati yomon ishlavotti filtrlari tori malumotlani korsatmayapti,3,click,tranzajsiyala tarixi juda yomon ishlavitti yani pulli karta tarixi xizmati yomon ishlavotti filtrlari tori malumotlani korsatmayapti,-1
Клик иловаси қулайлиги туфайли ёқади. Иловалар ичида энг зўри,5,click,клик иловаси улайлиги туфайли ёади иловалар ичида энг зри,1
лучшее,5,click,лучшее,1
просто супер,5,click,просто супер,1
Здравствуйте почему у меня не получается установить эту приложение пишет отключить впн а у меня нет впн.,1,click,здравствуйте почему у меня не получается установить эту приложение пишет отключить впн а у меня нет впн,-1
juda yaxshi premium obuna bilan,5,click,juda yaxshi premium obuna bilan,1
ok,5,click,ok,1
не могу регистрироват в росси,1,click,не могу регистрироват в росси,-1
"в приложении, есть клик дом. после обновление изменился расположение, стал чут не удобный, для просмотра нужно свайпать, старая версия была хорошим как лист всё видно было. измените пожалуйста.",4,click,в приложении есть клик дом после обновление изменился расположение стал чут не удобный для просмотра нужно свайпать старая версия была хорошим как лист всё видно было измените пожалуйста,-1
Nimaga menda ishlamay qoldi bu programma?,1,click,nimaga menda ishlamay qoldi bu programma,-1
zur gap yuq,5,click,zur gap yuq,1
horosho,5,click,horosho,1
click eng zo'ri,5,click,click eng zori,1
juda zur,5,click,juda zur,1
👍🏻👍🏻👍🏻,5,click,,1
"""MENING OILAM"" ga gap yo'q",5,click,mening oilam ga gap yoq,1
очень удобно спасибо 🙏,5,click,очень удобно спасибо,1
отлично,5,click,отлично,1
zor ajayip,5,click,zor ajayip,1
плохо,1,click,плохо,-1
Zor ken' imkaniyatlar,5,click,zor ken imkaniyatlar,1
zor,3,click,zor,1
зур,5,click,зур,1
"очень удобное приложение,меня всё устраивает",5,click,очень удобное приложениеменя всё устраивает,1
класс,5,click,класс,1
👍,5,click,,1
ок,5,click,ок,1
классно,5,click,классно,1
харашо,5,click,харашо,1
zor,5,click,zor,1
zor,5,click,zor,1
Всё отлично!,5,click,всё отлично,1
zor zor,5,click,zor zor,1
очень медленно работает,1,click,очень медленно работает,-1
хорошая 👍,5,click,хорошая,1
хорошо♡♡♡♡,5,click,хорошо,1
рахмат,5,click,рахмат,1
ок,5,click,ок,1
Отчёт по карте опаздывает на 1 день,3,click,отчёт по карте опаздывает на день,-1
не показывает сумму на visa. снимаю ещё одну звезду.Прошёл год и вы не установили в приложении обзор денежных средств на картах visa.,1,click,не показывает сумму на visa снимаю ещё одну звездупрошёл год и вы не установили в приложении обзор денежных средств на картах visa,-1
super 👌,5,click,super,1
"MENING OILAM bólimiga kirish va undan Pul ótkazish tezligi ,, boshqa ótkazmalarga qaraganda ancha past... shuni xam sal sifatini yaxshilash kerak. . lekin gap yóq. yaxshi. boshqa bank ilovalariga qaraganda foizsiz yaxshi",5,click,mening oilam blimiga kirish va undan pul tkazish tezligi boshqa tkazmalarga qaraganda ancha past shuni xam sal sifatini yaxshilash kerak lekin gap yq yaxshi boshqa bank ilovalariga qaraganda foizsiz yaxshi,1
последние время проблема с переводом списание не польные,1,click,последние время проблема с переводом списание не польные,-1
зур,4,click,зур,1
zo'r ilova,5,click,zor ilova,1
сп,5,click,сп,1
отличный приложения,5,click,отличный приложения,1
Круто!,5,click,круто,1
zo'r,5,click,zor,1
kamisa juda koʼp,5,click,kamisa juda kop,1
ok,5,click,ok,1
👍👍👍,5,click,,1
zor,5,click,zor,1
супер,5,click,супер,1
Yaxshi,5,click,yaxshi,1
👍,5,click,,1
zo'r,5,click,zor,1
aʼlo,5,click,alo,1
Отлично,5,click,отлично,1
👍,5,click,,1
Очень много возможностей.,5,click,очень много возможностей,1
super,5,click,super,1
klasss,5,click,klasss,1
класс,5,click,класс,1
zor,2,click,zor,1
круто,5,click,круто,1
ramazon taqvimini qo'shib zo'r qibsila!,5,click,ramazon taqvimini qoshib zor qibsila,1
Харошие,5,click,харошие,1
отлично,5,click,отлично,1
очень хорошый советую👍,5,click,очень хорошый советую,1
👍💯,5,click,,1
из 10 балов 10,5,click,из балов,-1
Click eng zo‘ri 👍,5,click,click eng zori,1
zor,5,click,zor,1
zor,5,click,zor,1
хорошо,5,click,хорошо,1
"Здравствуйте почему берут плату ежемесячно мониторинг с кешбека и с карты по отдельности, раньше кешбек кошелек не трогали.",2,click,здравствуйте почему берут плату ежемесячно мониторинг с кешбека и с карты по отдельности раньше кешбек кошелек не трогали,-1
Супер приложение👍👍,5,click,супер приложение,1
Зор,4,click,зор,1
Вапше зур,5,click,вапше зур,1
zoʻr,5,click,zor,1
yaxshi,5,click,yaxshi,1
супер,5,click,супер,1
круто,5,click,круто,1
zoʻr,5,click,zor,1
ok,5,click,ok,1
ok,5,click,ok,1
zo'r,5,click,zor,1
"Функция Оилам - самое практичное решение в приложении, думаю.",5,click,функция оилам самое практичное решение в приложении думаю,1
"удобное в исполнении положение, много полезных функций для платежей.",5,click,удобное в исполнении положение много полезных функций для платежей,1
зур,5,click,зур,1
zõrrrrrrrr,5,click,zrrrrrrrr,1
"приложение не советую. если смените номер телефона,то придётся заново открывать аккаунт. это совсем неудобно. на других приложениях сделала это без проблем. клик этого не умеет даже при том, что пройдена полная аутенотефекация",1,click,приложение не советую если смените номер телефонато придётся заново открывать аккаунт это совсем неудобно на других приложениях сделала это без проблем клик этого не умеет даже при том что пройдена полная аутенотефекация,-1
проценты берут много чем (Хазна),5,click,проценты берут много чем хазна,-1
Супер,5,click,супер,1
очэн харошо,5,click,очэн харошо,1
м/б слишком много... каждие месяц зачем обнавленя? м/б много что могут използоват толко богатые люди с крутые смартфонами,1,click,мб слишком много каждие месяц зачем обнавленя мб много что могут използоват толко богатые люди с крутые смартфонами,-1
ok,5,click,ok,1
программа нужная работает отлично спасибо всем кто над этим работает.Но сделайте мониторинг бесплатным.,5,click,программа нужная работает отлично спасибо всем кто над этим работаетно сделайте мониторинг бесплатным,1
🫰🫰👍,5,click,,1
код соравоти пул откизганда,1,click,код соравоти пул откизганда,-1
хор,5,click,хор,1
"Ответ на ответ на мой отзыв))) я обращался в поддержку и мне сказали самому удалять карту, это бред, почему вы сами это не делаете при удалении данных из профиля? А если я начну с этой карты делать переводы?",1,click,ответ на ответ на мой отзыв я обращался в поддержку и мне сказали самому удалять карту это бред почему вы сами это не делаете при удалении данных из профиля а если я начну с этой карты делать переводы,-1
Очень удобно и всегда актуально!,5,click,очень удобно и всегда актуально,1
"zo'r ayniqsa yaangiliklardan world cup yo'llanmasi, keshbek, oila a'zolariga bepul o'tkazma",5,click,zor ayniqsa yaangiliklardan world cup yollanmasi keshbek oila azolariga bepul otkazma,1
Endi ishlayapti. Muammo hal bo‘ldi va rahmat javob uchun,4,click,endi ishlayapti muammo hal boldi va rahmat javob uchun,-1
👍👍👍👍,5,click,,1
👍👍👍,5,click,,1
Zo'r,5,click,zor,1
очень удобное приложение спасибо огромное,5,click,очень удобное приложение спасибо огромное,1
👊🏽,2,click,,1
отлично 👍,5,click,отлично,1
yaxshi idea yaxshi qulaylik eng yaxshi xamkor click tizimi zo‘r,5,click,yaxshi idea yaxshi qulaylik eng yaxshi xamkor click tizimi zor,1
очень хорошо,5,click,очень хорошо,1
"верните вкладку отчёты в прежний вид. плохое обновление. стало максимально неудобно. Чтобы повторить платеж приходится делать много лишних движений, а именно 1. листать вниз 2. раньше был удобный шрифт/дизайн в вкладке отчёты. 3. если платеж был в предыдущем месяце, то нужно снова делать много лишних движений, войти в раздел дата и там вводить числа. причем. от и до, и снова листать, т.е. делать кучу движений и тратить время. 4. раньше было удобно. маленький шрифт, сразу все видно, скроли",1,click,верните вкладку отчёты в прежний вид плохое обновление стало максимально неудобно чтобы повторить платеж приходится делать много лишних движений а именно листать вниз раньше был удобный шрифтдизайн в вкладке отчёты если платеж был в предыдущем месяце то нужно снова делать много лишних движений войти в раздел дата и там вводить числа причем от и до и снова листать те делать кучу движений и тратить время раньше было удобно маленький шрифт сразу все видно скроли,-1
классное приложение,5,click,классное приложение,1
тавсия киламан,5,click,тавсия киламан,1
очень удобно все оплачивается не выходя из дома,5,click,очень удобно все оплачивается не выходя из дома,1
удобно в использовании,5,click,удобно в использовании,1
zir,5,click,zir,1
классно,5,click,классно,1
super,5,click,super,1
"вечно кэшбэк снять не получается . вы когда рекламируете, не забудьте про это говорить.",1,click,вечно кэшбэк снять не получается вы когда рекламируете не забудьте про это говорить,-1
Ok,5,click,ok,1
Juda zoʻr!,5,click,juda zor,1
👍,5,click,,1
Raxat,5,click,raxat,1
Zor ilova hamma qulayliklari bor,5,click,zor ilova hamma qulayliklari bor,1
всё отлично!!,5,click,всё отлично,1
👍👌,5,click,,1
👍,5,click,,1
хороши лэхко,5,click,хороши лэхко,1
pul tushumlari hisobot bõlimida kechikish bor pul õtkazma qilganda tezda qancha pul tushgani bilinmaydi oz vaqt utib keyin kõriniyapti shuni tuzatish kerak,2,click,pul tushumlari hisobot blimida kechikish bor pul tkazma qilganda tezda qancha pul tushgani bilinmaydi oz vaqt utib keyin kriniyapti shuni tuzatish kerak,-1
быстро и удобно,5,click,быстро и удобно,1
зур,5,click,зур,1
Супер спасибо,5,click,супер спасибо,1
Отличная программа для платежей.,5,click,отличная программа для платежей,1
какого черта даже мониторинг платный совсем обанкротились что ли?,1,click,какого черта даже мониторинг платный совсем обанкротились что ли,-1
ажойиб,5,click,ажойиб,1
удобно,5,click,удобно,1
ЗУ́Р,5,click,зур,1
gap yoq,5,click,gap yoq,1
Жуда ишончли,5,click,жуда ишончли,-1
klass,5,click,klass,1
zor,5,click,zor,1
оно очень удобное и быстрый работает спасибоо вам♡,5,click,оно очень удобное и быстрый работает спасибоо вам,1
super 👌,5,click,super,1
ok,5,click,ok,1
zoʻr,5,click,zor,1
очень быстро и лёгкий удобный 👍👍👍,5,click,очень быстро и лёгкий удобный,1
супер,5,click,супер,1
отличное приложение,5,click,отличное приложение,1
vapshi zur,5,click,vapshi zur,1
shu premium ni birdaniga 1 yillik olishni xam yolga qoyilar. yillik skidkalik qib arzonroq qb chiqarilar. kopchilik yillik ovoradi. slargayam foydaku,5,click,shu premium ni birdaniga yillik olishni xam yolga qoyilar yillik skidkalik qib arzonroq qb chiqarilar kopchilik yillik ovoradi slargayam foydaku,-1
Спасибо за программу,4,click,спасибо за программу,1
prosta klass,5,click,prosta klass,1
отличная функция переводы между семьёй !,5,click,отличная функция переводы между семьёй,1
😀,5,click,,1
классное приложение,5,click,классное приложение,1
zor zor,5,click,zor zor,1
отлично,5,click,отлично,1
очень отлично спасибо за услуги,5,click,очень отлично спасибо за услуги,1
zor,5,click,zor,1
Juda kerakli ilova ekan 👍,5,click,juda kerakli ilova ekan,1
zo'r,5,click,zor,1
яхши ишламайапти мусор бор копти,1,click,яхши ишламайапти мусор бор копти,-1
ок,5,click,ок,1
"работает хорошо, очень много функциональный возможности для оплаты как гос пошлины так и штрафы........... Пожалвуста добавьте пояснительной тексты в каждом пункте, иногда человек ошибается. оплата не тот раздел идет из-за много раздела.",5,click,работает хорошо очень много функциональный возможности для оплаты как гос пошлины так и штрафы пожалвуста добавьте пояснительной тексты в каждом пункте иногда человек ошибается оплата не тот раздел идет изза много раздела,-1
juda qimmat bolib ketti ishlatish,1,click,juda qimmat bolib ketti ishlatish,-1
ok,5,click,ok,1
хорошо работает,5,click,хорошо работает,1
Yangi obnovleniyada ilova yahshi ishlamayabdi istoriya 5 minut otib yangilanyabdi oylarni sanasiga otib korish kerak bb qolibdi👎,1,click,yangi obnovleniyada ilova yahshi ishlamayabdi istoriya minut otib yangilanyabdi oylarni sanasiga otib korish kerak bb qolibdi,-1
очень хорошо оценка отлично,5,click,очень хорошо оценка отлично,1
отлично,5,click,отлично,1
зуррр,1,click,зуррр,1
отлычно,5,click,отлычно,1
"Здравствуйте, после последнего обновления в приложении мой дом - им стало не удобно пользоваться: - для оплаты школ и детсадов не доступно изменение деталей платежа, приходится заново создавать платёж - сконфигурированная сумма платежа пропала... Особенно неудобно было платить 1й раз после обновления - не все суммы помнил - во 2й раз сумма высвечивается рядом и её надо тапать,и так для каждого платежа..",2,click,здравствуйте после последнего обновления в приложении мой дом им стало не удобно пользоваться для оплаты школ и детсадов не доступно изменение деталей платежа приходится заново создавать платёж сконфигурированная сумма платежа пропала особенно неудобно было платить й раз после обновления не все суммы помнил во й раз сумма высвечивается рядом и её надо тапатьи так для каждого платежа,-1
"Мани телефонимни несовместимость килиб куйибсизлар, обновления булмаяпди, перевод булмаяпди. Нега, хаммада зам янги телефон йукку, манга обновления беринглар.",1,click,мани телефонимни несовместимость килиб куйибсизлар обновления булмаяпди перевод булмаяпди нега хаммада зам янги телефон йукку манга обновления беринглар,-1
klas,5,click,klas,1
vapwe ne vazmohno,1,click,vapwe ne vazmohno,-1
Очень понравилось,5,click,очень понравилось,1
Удобно спасибо,5,click,удобно спасибо,1
"Отличная приложения очень удобная, спасибо разроботчикам",5,click,отличная приложения очень удобная спасибо разроботчикам,1
cashbak deyarli berilmay qoʼydi.,2,click,cashbak deyarli berilmay qoydi,1
goood,5,click,goood,1
Qulay va ishonchli,5,click,qulay va ishonchli,1
👍,5,click,,1
хорошее приложение,5,click,хорошее приложение,1
👍,5,click,,1
Zo'r,5,click,zor,1
👍,5,click,,1
juda noniq ishlvoti,1,click,juda noniq ishlvoti,1
Super,5,click,super,1
oila uchun 0% yoqdi,5,click,oila uchun yoqdi,1
отличное приложение,5,click,отличное приложение,1
"Здравствуйте, пожалуйста в ""Click Дом"" добавьте пункт ""Выбрать по умолчанию"". Когда несколько домов, один всегда больше всех используется. Спасибо.",5,click,здравствуйте пожалуйста в click дом добавьте пункт выбрать по умолчанию когда несколько домов один всегда больше всех используется спасибо,1
zor,5,click,zor,1
zor,1,click,zor,1
всё хорошо работает спасибо!,5,click,всё хорошо работает спасибо,1
зур,2,click,зур,1
ok,5,click,ok,1
супееееер👍,5,click,супееееер,1
"Всё чётко, отлично работает",5,click,всё чётко отлично работает,1
отлично,5,click,отлично,1
не плохой но можно сделать перевод 💸,3,click,не плохой но можно сделать перевод,-1
ha maylin javob berganizgayam rahmat,5,click,ha maylin javob berganizgayam rahmat,1
зор,5,click,зор,1
Boq qipsan interfeysni. adashib birovga to'lov qivordim.,1,click,boq qipsan interfeysni adashib birovga tolov qivordim,-1
отличный,5,click,отличный,1
judayam yahwi,5,click,judayam yahwi,1
Мне приложение нравится 10/10,5,click,мне приложение нравится,1
1 foyiz komisiya jnmisala,1,click,foyiz komisiya jnmisala,1
удобно...,5,click,удобно,1
yaxshi ishlamayapti manda,1,click,yaxshi ishlamayapti manda,-1
очень удобно,5,click,очень удобно,1
"Самое лучшее приложение для перевода средств и оплаты ,особенно если добавить семью в пункт ""Моя Семья"" можно без % переводить ,жене ,детям,матери и т.д.",5,click,самое лучшее приложение для перевода средств и оплаты особенно если добавить семью в пункт моя семья можно без переводить жене детямматери и тд,1
xizmatlar uchun raxmat,5,click,xizmatlar uchun raxmat,1
"Ув. разработчики, может хватит рекламой приложение пичкать? Куда ни ткни - везде навязчивая реклама, всё приложение изгадили. Того и гляди, бесконечная рекламная простыня получится... В повседневной жизни её предостаточно. Сделайте возможность хотя бы отключать рекламу: кому нужна будет - сами включат... Или вам доходов от пользователей мало? И без рекламы по 4500 с каждого пользователя ежемесячно...",1,click,ув разработчики может хватит рекламой приложение пичкать куда ни ткни везде навязчивая реклама всё приложение изгадили того и гляди бесконечная рекламная простыня получится в повседневной жизни её предостаточно сделайте возможность хотя бы отключать рекламу кому нужна будет сами включат или вам доходов от пользователей мало и без рекламы по с каждого пользователя ежемесячно,-1
zo‘r ilova osson ili tushunarli olindro o‘tkazsam bolarkan ishlashi tez,5,click,zor ilova osson ili tushunarli olindro otkazsam bolarkan ishlashi tez,1
Интерфейс перегружен из-за реализации мультиаппа.,4,click,интерфейс перегружен изза реализации мультиаппа,1
"карта visa добавляется, но платить с нее нельзя. пишет недоступно",1,click,карта visa добавляется но платить с нее нельзя пишет недоступно,-1
🤗,4,click,,1
Klik da svetni korsatgichlari haqoniy korsatmayapti bunga klik aypdor👎👎👎👎,1,click,klik da svetni korsatgichlari haqoniy korsatmayapti bunga klik aypdor,1
зур,5,click,зур,1
Зор,5,click,зор,1
супер,5,click,супер,1
Супер,5,click,супер,1
Ваше классное приложение.Почему вы скажите я отвечу на ваш вопрос. Я очень много приложения скачал чтобы переслать деньги но они все сказали что тебе не 18 (16) но это приложение заработало.Спасибо администраторам.,5,click,ваше классное приложениепочему вы скажите я отвечу на ваш вопрос я очень много приложения скачал чтобы переслать деньги но они все сказали что тебе не но это приложение заработалоспасибо администраторам,-1
ok,5,click,ok,1
"Последнее обновление получилось не очень удачным. В частности, раздел ""Мой дом"" стал неудобным и им теперь не хочется пользоваться. Раньше можно было проставить галочки и оплатить все коммунальные услуги разом. Теперь нужно каждый раз заново вносить суммы. Пожалуйста, верните прежний вид раздела Мой дом.",5,click,последнее обновление получилось не очень удачным в частности раздел мой дом стал неудобным и им теперь не хочется пользоваться раньше можно было проставить галочки и оплатить все коммунальные услуги разом теперь нужно каждый раз заново вносить суммы пожалуйста верните прежний вид раздела мой дом,-1
Ок,5,click,ок,1
👍,5,click,,1
харажатлар куринмайдиган килиб куйишган куриш учун пул тулаш керак,3,click,харажатлар куринмайдиган килиб куйишган куриш учун пул тулаш керак,-1
🤗👍,5,click,,1
👍👍👍👍,5,click,,1
зур,5,click,зур,1
juda qulay va zor,5,click,juda qulay va zor,1
очень удобна,5,click,очень удобна,1
zor,5,click,zor,1
zo'r,5,click,zor,1
зорр,5,click,зорр,1
"Испаганили раздел оплаты коммуналки. на пол экрана диван, нужной информации минимум, внизу реклама еще новостроек. Раньше был самый удобный дизайн, теперь нет.",2,click,испаганили раздел оплаты коммуналки на пол экрана диван нужной информации минимум внизу реклама еще новостроек раньше был самый удобный дизайн теперь нет,-1
juda zor,5,click,juda zor,1
клик отлично,5,click,клик отлично,1
Yaxshi,5,click,yaxshi,1
atlichna,5,click,atlichna,1
zorr,5,click,zorr,1
zur ekan,5,click,zur ekan,1
Супер,5,click,супер,1
"Спасибо, удобная приложения!",5,click,спасибо удобная приложения,1
зур,5,click,зур,1
👍🏻,5,click,,1
не заходить пишет проверьте часы у меня правельно стоит часы,1,click,не заходить пишет проверьте часы у меня правельно стоит часы,-1
Click очень удобное предложение,5,click,click очень удобное предложение,1
👍😉,5,click,,1
zor,5,click,zor,1
Pazor ishlashiga👎,1,click,pazor ishlashiga,1
когда надо не работать,1,click,когда надо не работать,-1
зор,5,click,зор,1
raxmat,5,click,raxmat,1
супер,5,click,супер,1
отлично,5,click,отлично,1
zor eka,5,click,zor eka,1
"получил паспорт новый пластиковый, и после не приходят кешбек, и денюшки зависли на старом номере серии поспорта. Не могу обновить в приложении. Что делать???!!!",2,click,получил паспорт новый пластиковый и после не приходят кешбек и денюшки зависли на старом номере серии поспорта не могу обновить в приложении что делать,-1
"Очень быстро работает. Без каких либо ограничений, проблем.",5,click,очень быстро работает без каких либо ограничений проблем,1
Operatorlari zorrr gap yoq😘,5,click,operatorlari zorrr gap yoq,1
отлично,5,click,отлично,1
отлично,5,click,отлично,1
cool😎,4,click,cool,1
Супер 👏,5,click,супер,1
Чётко работе,5,click,чётко работе,1
super,5,click,super,1
qoloq ilova bu,1,click,qoloq ilova bu,1
zo'r,5,click,zor,1
zor,5,click,zor,1
классно 👍👍👍👍👍,5,click,классно,1
комиссия очень много 👎👎👎,1,click,комиссия очень много,1
Zo'r Ajoyib,5,click,zor ajoyib,1
Жуда кулай ва куп фуняли илова,5,click,жуда кулай ва куп фуняли илова,-1
"Погоня за современным дизайном губит функциональность. Поймите, что рядовому пользователю (например, человеку в возрасте 50 лет) важен не визуальный стиль, а простота и скорость операций. В разделе «Мой дом» появилось множество мелких нововведений, которые только усложняют процесс. ​Очень не хочется удалять приложение после стольких лет использования, но подобные обновления — это «выстрел в ногу». Надеюсь, голос обычного пользователя, ценящего простоту и удобство, в этот раз будет услышан 🥲🥲",2,click,погоня за современным дизайном губит функциональность поймите что рядовому пользователю например человеку в возрасте лет важен не визуальный стиль а простота и скорость операций в разделе мой дом появилось множество мелких нововведений которые только усложняют процесс очень не хочется удалять приложение после стольких лет использования но подобные обновления это выстрел в ногу надеюсь голос обычного пользователя ценящего простоту и удобство в этот раз будет услышан,-1
zoʻr,5,click,zor,1
Вы классные!👍 Горжусь,5,click,вы классные горжусь,-1
"Ужасно лагает при попытке захода в семья, это уже в течение года, телефон Honor x9b также лагает у друга Honor x9d, у вас так только с хонорами?",1,click,ужасно лагает при попытке захода в семья это уже в течение года телефон honor xb также лагает у друга honor xd у вас так только с хонорами,-1
отличное приложение,5,click,отличное приложение,1
"Уважаемые разработчики, добавте возможность прямого доступа и оплаты при покупках на платформе AliExpress. И доступ к своему клику из-за рубежа.",4,click,уважаемые разработчики добавте возможность прямого доступа и оплаты при покупках на платформе aliexpress и доступ к своему клику изза рубежа,-1
"быстро, удобно и безопасно",5,click,быстро удобно и безопасно,1
супер,5,click,супер,1
zor,5,click,zor,1
молотцы,5,click,молотцы,1
мне нравиться,5,click,мне нравиться,1
Zor,5,click,zor,1
zoʻr yaxshi,4,click,zor yaxshi,1
xammasi yaxshi lekin ilovada viza carta xam ishlatish mumkin boʻlsa undan xam yaxshi boʻladi.,5,click,xammasi yaxshi lekin ilovada viza carta xam ishlatish mumkin bolsa undan xam yaxshi boladi,1
бир тигинга киммат приложения экан четга пул утказиш имкони йук хамма давлатда борку бундай имконият ха бу Узбекистан 👎,1,click,бир тигинга киммат приложения экан четга пул утказиш имкони йук хамма давлатда борку бундай имконият ха бу узбекистан,-1
supper,5,click,supper,1
😘,5,click,,1
zoʻr,5,click,zor,1
очень хорошо удобно,5,click,очень хорошо удобно,1
zoʻr,5,click,zor,1
Zor,5,click,zor,1
прекрасное приложение,5,click,прекрасное приложение,1
OK,5,click,ok,1
маслахат бермиман пул утказма фоизи кутарилган ва бундан хатто огохлантиришмаган,1,click,маслахат бермиман пул утказма фоизи кутарилган ва бундан хатто огохлантиришмаган,-1
👍👍👍👍,5,click,,1
отлично,5,click,отлично,1
хорошый,5,click,хорошый,1
ок ок,5,click,ок ок,1
👍👍👍👍👍 ЗЎР 😎,5,click,зр,1
zor,5,click,zor,1
clic judaham zor uzingisga pul solishingizmumkun,4,click,clic judaham zor uzingisga pul solishingizmumkun,1
Жуда расво. Киришда муаммо буляпти.,1,click,жуда расво киришда муаммо буляпти,-1
отлично спасибо,5,click,отлично спасибо,1
5 yulduz emas,4,click,yulduz emas,1
zoʻr,5,click,zor,1
отлично,5,click,отлично,1
класс,5,click,класс,1
zor,5,click,zor,1
"Sana va vaqt qanday qilib noto'g'ri o'rnatilgan bolishi mumkin axir. Hammasi to'g'ri ko'rsatilgan, lekin ilova sifatsiz bemanilik bu to'g'ri narsani korsatib Noto'g'ri deb ilovaga kirib bo'lmayaptiku. Jonga tegdi hammasi.",1,click,sana va vaqt qanday qilib notogri ornatilgan bolishi mumkin axir hammasi togri korsatilgan lekin ilova sifatsiz bemanilik bu togri narsani korsatib notogri deb ilovaga kirib bolmayaptiku jonga tegdi hammasi,-1
ok,5,click,ok,1
Ok,5,click,ok,1
Лучшие приложения перевод деньги в Узбекистане 👍,5,click,лучшие приложения перевод деньги в узбекистане,1
Zor,5,click,zor,1
зур,5,click,зур,1
отлично,5,click,отлично,1
super ilova faqat komissiya kop oladi,5,click,super ilova faqat komissiya kop oladi,1
лучший,5,click,лучший,1
молодец,5,click,молодец,1
Juda oson,5,click,juda oson,1
Спасибо хорошо всех,5,click,спасибо хорошо всех,1
всё классно,5,click,всё классно,1
всё отлично,5,click,всё отлично,1
zoor,5,click,zoor,1
раздел Моя семья очень удобная спасибо большое за разработку,5,click,раздел моя семья очень удобная спасибо большое за разработку,1
"кликни очган пайтдаги телефон рақамим хозир ишламаяпти, янги карта қўша олмадим, картанинг смс рақами билан кликники бир хил бўлиши керак экан. кликдаги телефон рақамни қандай ўзгартирса бўлади?",5,click,кликни очган пайтдаги телефон раамим хозир ишламаяпти янги карта ша олмадим картанинг смс раами билан кликники бир хил блиши керак экан кликдаги телефон раамни андай згартирса блади,-1
отлично,5,click,отлично,1
файдалувчи ракамини узгартириш ёки бошка ракамга бириктирищ имкони йук фойдаланувчи эски руками учса янги ракамга биритираолмиди щахси малумотларихам колади .ушбу ракамни олган бошка шахс бемалол фойдаланиши мумкин хавсизлик тарафдан химояланмаган .ёки акаунтни учириб юбориш булими хам йук. (тех поддержка) хам шу саволга жавобераолмади,1,click,файдалувчи ракамини узгартириш ёки бошка ракамга бириктирищ имкони йук фойдаланувчи эски руками учса янги ракамга биритираолмиди щахси малумотларихам колади ушбу ракамни олган бошка шахс бемалол фойдаланиши мумкин хавсизлик тарафдан химояланмаган ёки акаунтни учириб юбориш булими хам йук тех поддержка хам шу саволга жавобераолмади,-1
"klik ilova judayam zo'r va qulay, tavsiya beraman",5,click,klik ilova judayam zor va qulay tavsiya beraman,1
Zor,5,click,zor,1
rosiyadan turib ochishniyam yolga qoysangizlar zor bolardi,3,click,rosiyadan turib ochishniyam yolga qoysangizlar zor bolardi,1
Ок,5,click,ок,1
👍,5,click,,1
yaxwi iwlamayapti manitoringda kop uzuliwla bovoti,1,click,yaxwi iwlamayapti manitoringda kop uzuliwla bovoti,1
yahshi ilova,5,click,yahshi ilova,1
"Спасибо за приложение, очень удобна и проста",5,click,спасибо за приложение очень удобна и проста,1
ok,5,click,ok,1
gloomОдну минуту. Скоро вернусь.,2,click,gloomодну минуту скоро вернусь,1
zor,5,click,zor,1
кллас,5,click,кллас,1
"Привязываются к приложению только карты банков РУ. виза и мастер вообще не работают, даже местных банков.",1,click,привязываются к приложению только карты банков ру виза и мастер вообще не работают даже местных банков,-1
Отлично,5,click,отлично,1
👍click g'ijduvon,4,click,click gijduvon,1
зур,5,click,зур,1
👌,5,click,,1
перестал давать кешбек я перешёл на другое приложение перевод денег между картами большой процент,1,click,перестал давать кешбек я перешёл на другое приложение перевод денег между картами большой процент,-1
Классное приложение. Спасибо разработчикам. Рекомендую всем.,5,click,классное приложение спасибо разработчикам рекомендую всем,1
ЗУР АЪЛО 👍,5,click,зур аъло,1
kamisya oladi,4,click,kamisya oladi,1
спасибо,5,click,спасибо,1
"ужасная система оплаты, не пользуйтесь, снимают комиссию даже при оплате на заправке за бензин не предупредив...",1,click,ужасная система оплаты не пользуйтесь снимают комиссию даже при оплате на заправке за бензин не предупредив,-1
🤗,5,click,,1
не удобно когда другим деньги отправлять постоянно код спрашивает,4,click,не удобно когда другим деньги отправлять постоянно код спрашивает,-1
"жуда қулай платформа, менга ёқади фойдаланиш онсон♥️",5,click,жуда улай платформа менга ёади фойдаланиш онсон,-1
переводы между своими картами почему-то не удается выполнить . просьба исправить ошибку,5,click,переводы между своими картами почемуто не удается выполнить просьба исправить ошибку,-1
"пожалуйста поправьте ошибку когда заходишь платить коммуналку, не корректно показывает сколько у меня предоплата, прошлый 2 месяц подряд показывал на счету за газ 100 тысяч потом через 2 месяца внезапно закончилось денег так как деньги на счету , остаток показывал не верный можете поправить?",3,click,пожалуйста поправьте ошибку когда заходишь платить коммуналку не корректно показывает сколько у меня предоплата прошлый месяц подряд показывал на счету за газ тысяч потом через месяца внезапно закончилось денег так как деньги на счету остаток показывал не верный можете поправить,-1
visa kartada pul tashlashni Ham ilovaga quyshiyla hamma ilova uzcard humo card hammasiga bor,4,click,visa kartada pul tashlashni ham ilovaga quyshiyla hamma ilova uzcard humo card hammasiga bor,-1
это круто,5,click,это круто,1
классная приложения 👍,5,click,классная приложения,1
"Кликга боғланган телефон номерт ўзгарса, яна янги экаунт очиш керак, созламалар йўқ бўлаяпти. яхши эмас",1,click,кликга боланган телефон номерт згарса яна янги экаунт очиш керак созламалар й блаяпти яхши эмас,-1
zoʻr,5,click,zor,1
zor,5,click,zor,1
зор,1,click,зор,1
Клик удобный. 👍,5,click,клик удобный,1
спасибо за поддержку,5,click,спасибо за поддержку,1
супер,5,click,супер,1
Super,5,click,super,1
отлично,5,click,отлично,1
oson foydalanish qulaylik,5,click,oson foydalanish qulaylik,1
chota slabiy ishlavoti reskis yo,1,click,chota slabiy ishlavoti reskis yo,-1
отлично 👍,5,click,отлично,1
"С новым обновлением 2026 клик дом стало не удобно, раньше когда заходил все сервисы были на одном окне и информация об остатках также отображалось, а сейчас каждого надо листать отдельно и это очень не удобно. Прошу исправьте, не тратьте наше время на лишние листание....",4,click,с новым обновлением клик дом стало не удобно раньше когда заходил все сервисы были на одном окне и информация об остатках также отображалось а сейчас каждого надо листать отдельно и это очень не удобно прошу исправьте не тратьте наше время на лишние листание,-1
супер,5,click,супер,1
Zor,5,click,zor,1
"здравствуйте я пользуюсь кликом уже продолжительное время и особенно помогает ussd когда нету интернета, но недавно возникли осложнения после обновления баланс начал отображаться менее понятно а именно когда читаешь сильно путаешься так как отображаются последние 4 цифры карты и баланс карты в одном ряду что крайне не удобно особенно когда пользуются этим люди более пожилые.",3,click,здравствуйте я пользуюсь кликом уже продолжительное время и особенно помогает ussd когда нету интернета но недавно возникли осложнения после обновления баланс начал отображаться менее понятно а именно когда читаешь сильно путаешься так как отображаются последние цифры карты и баланс карты в одном ряду что крайне не удобно особенно когда пользуются этим люди более пожилые,-1
zoʻr,5,click,zor,1
"В какой-то момент перестали работать автоплатежи. У меня на каждый день недели был установлен определенный платеж. Заметил что автоплатежи не проходят. Пишет что недостаточно денег, хотя на карте денег достаточно. Хотел удалить все установленные автоплатежи так они не удаляются. Почините.",4,click,в какойто момент перестали работать автоплатежи у меня на каждый день недели был установлен определенный платеж заметил что автоплатежи не проходят пишет что недостаточно денег хотя на карте денег достаточно хотел удалить все установленные автоплатежи так они не удаляются почините,-1
zoʻr ilova judayam,5,click,zor ilova judayam,1
Assalomu alaykum programma umuman qotip iahlavotti bittada pul otmidi,2,click,assalomu alaykum programma umuman qotip iahlavotti bittada pul otmidi,-1
Zor,5,click,zor,1
Zor,5,click,zor,1
Манга пул ўтказилгани кўринмаяпти,5,click,манга пул тказилгани кринмаяпти,-1
"Не работает. При хорошей связи интернета, пишет что нет интернета. код приходит запоздало",1,click,не работает при хорошей связи интернета пишет что нет интернета код приходит запоздало,-1
очин харашо,5,click,очин харашо,1
НЕМАГУ перевести денежные средства,1,click,немагу перевести денежные средства,1
все хорошо,5,click,все хорошо,1
здорово,5,click,здорово,1
👍,5,click,,1
сарсек,5,click,сарсек,1
Зур,5,click,зур,1
zor,5,click,zor,1
Zoʼr,5,click,zor,1
"Молодцы!!!👍 Везде и по разному ,без самой карты непосредсвенно можно расплачиваться",5,click,молодцы везде и по разному без самой карты непосредсвенно можно расплачиваться,-1
мне кажется хорошо,5,click,мне кажется хорошо,1
zoʻr,5,click,zor,1
good,3,click,good,1
яхши,5,click,яхши,-1
Супер👍💯,5,click,супер,1
Qulay.,5,click,qulay,1
ok,5,click,ok,1
"Хорошо, надеюсь что такого не повторится. А в общем приложение хорошее.",4,click,хорошо надеюсь что такого не повторится а в общем приложение хорошее,1
очень удобная приложение,5,click,очень удобная приложение,1
"Отвратительно,и кто дал баллов 4,8 ? Лохотрон В начале было трудно регистрироваться,долго поступали смс сообщения, затрудняюсь переводы. А сейчас в течении недели уже нормализуется работа, и приходится изменить оценку. благодарю персоналам.",4,click,отвратительнои кто дал баллов лохотрон в начале было трудно регистрироватьсядолго поступали смс сообщения затрудняюсь переводы а сейчас в течении недели уже нормализуется работа и приходится изменить оценку благодарю персоналам,-1
zor,5,click,zor,1
"отлично,но добавьте в приложение донат в игру fc mobile",4,click,отличноно добавьте в приложение донат в игру fc mobile,1
zor,5,click,zor,1
Zor,5,click,zor,1
супер,5,click,супер,1
хорошо,5,click,хорошо,1
пул отказмаларни фоиссиз килилар. колган хаммаси зор,4,click,пул отказмаларни фоиссиз килилар колган хаммаси зор,-1
зур,5,click,зур,1
Атлични приложеня,5,click,атлични приложеня,1
zor,5,click,zor,1
здравствуйте я давно пользуюсь с этим приложением у меня просьба что у приложения клика за какой услугу сколько кешбек отдаётся не показывает можете прибавить,4,click,здравствуйте я давно пользуюсь с этим приложением у меня просьба что у приложения клика за какой услугу сколько кешбек отдаётся не показывает можете прибавить,-1
👍,5,click,,1
неплохо,4,click,неплохо,1
Superr,5,click,superr,1
super 👌,5,click,super,1
Judayam zor sizlargaham tafsiya qilaman hammang #clic hammasi dan zoriiii🫵🫵🫵🫵👍👍👍👍👍🫵🫵🫵👍✅✅✅✅✅✅✅✅✅✅✅✅✅🫵🫵🫵🫵🫵🫵🫵🫵🫵🫵🫵🫵🥰🥰🥰🥰🥰🥰🥰🫵🫵🫵🫵🥰🥰🥰🥰🥰,5,click,judayam zor sizlargaham tafsiya qilaman hammang clic hammasi dan zoriiii,1
zoʻr,5,click,zor,1
очень приятный программа классная,5,click,очень приятный программа классная,1
замечательно 🤟,5,click,замечательно,1
хорошо,5,click,хорошо,1
👍👍👍,5,click,,1
ajoyib,5,click,ajoyib,1
"zoʻr ishlangan, qulay",5,click,zor ishlangan qulay,1
zamechatelno,5,click,zamechatelno,1
очен харашо,5,click,очен харашо,1
зор,5,click,зор,1
все супер,5,click,все супер,1
жудаям кулай,5,click,жудаям кулай,1
ажойиб дастур менга жуда ёкади ишилага омад,5,click,ажойиб дастур менга жуда ёкади ишилага омад,1
super,5,click,super,1
зур,5,click,зур,1
удобно,4,click,удобно,1
☆☆☆☆☆,5,click,,1
👍,3,click,,1
kartadan 1000 som otqazsamam foyizi bilan olasilaya insofila yogakan aynipti oldn yaxwidi,1,click,kartadan som otqazsamam foyizi bilan olasilaya insofila yogakan aynipti oldn yaxwidi,-1
Qulay,5,click,qulay,1
👍👍👍,5,click,,1
проценты очень много,4,click,проценты очень много,1
menga kod kelmayaptiku ocholmayapman,1,click,menga kod kelmayaptiku ocholmayapman,1
супер 👍,5,click,супер,1
зур👍,5,click,зур,1
super,5,click,super,1
spasibo,5,click,spasibo,1
nega viza kartaga perevod ishlamayapti???,4,click,nega viza kartaga perevod ishlamayapti,-1
отлично работает приложение,5,click,отлично работает приложение,1
Qulay,5,click,qulay,1
super,5,click,super,1
ok,5,click,ok,1
"Что случилось с приложением - куда делись сохранение платежи а разделе "" Дом"" . У меня 10 домов - раньше были в виде списка, теперь нужно прописывать горизонтальный список с "" диванчиками""))) И рекламы много очень... Придется переходить на другой софт...",1,click,что случилось с приложением куда делись сохранение платежи а разделе дом у меня домов раньше были в виде списка теперь нужно прописывать горизонтальный список с диванчиками и рекламы много очень придется переходить на другой софт,-1
пока нормально,4,click,пока нормально,1
yaxshi,5,click,yaxshi,1
klasno,5,click,klasno,1
zur ham emas yomon ham emas,4,click,zur ham emas yomon ham emas,-1
Zor,5,click,zor,1
отлично,5,click,отлично,1
Programmaga gap yo'q. Tez ishlaydigan va xavfsiz programma.,5,click,programmaga gap yoq tez ishlaydigan va xavfsiz programma,1
ok,5,click,ok,1
"удобно , быстро и легко",5,click,удобно быстро и легко,1
Класс,5,click,класс,1
"очень часто прилодение не открывается через мобильные данные, только вай фак, хотя остальные прилодентя работают нормально",3,click,очень часто прилодение не открывается через мобильные данные только вай фак хотя остальные прилодентя работают нормально,-1
"Всё круто, есть одно пожелание чтобы разработчики сделали: ""Мой дом как в paynet"" очень удобно уних, я перепробовал почти все банковские приложений и знаю о чём говорю.",5,click,всё круто есть одно пожелание чтобы разработчики сделали мой дом как в paynet очень удобно уних я перепробовал почти все банковские приложений и знаю о чём говорю,1
супер,5,click,супер,1
супер,5,click,супер,1
👍👍👍,5,click,,1
👌👌👌👌,5,click,,1
zoʻr,5,click,zor,1
Oila a‘zolari o‘rtasida pul o‘tkazmalarini bepul qilibsizlar rahmat,5,click,oila azolari ortasida pul otkazmalarini bepul qilibsizlar rahmat,1
норм,5,click,норм,1
👍,5,click,,1
отлично,5,click,отлично,1
Суппер,5,click,суппер,1
Вау,5,click,вау,1
zo'r,5,click,zor,1
nice,5,click,nice,1
Ха деб узгартириши жонга тегди тулов килишни тополмайсан,1,click,ха деб узгартириши жонга тегди тулов килишни тополмайсан,-1
отлично,5,click,отлично,1
"мени исмим Максуда Мен Click Super App приложениясидан фойлаланиш учун телефонимга урнатдим Газ,светга туланадиган пулни Рremium degan joyga bilmasdan oʻtkazdim Oператор пул кайтарилмайди деди Бу приложения узимга бир ойга кешьек булиб тушади эмиш Лекин мен бир ойга 35000 имни кайтариб олмадим кешбек химобидан",1,click,мени исмим максуда мен click super app приложениясидан фойлаланиш учун телефонимга урнатдим газсветга туланадиган пулни рremium degan joyga bilmasdan otkazdim oператор пул кайтарилмайди деди бу приложения узимга бир ойга кешьек булиб тушади эмиш лекин мен бир ойга имни кайтариб олмадим кешбек химобидан,-1
juda ajoyib menga yoqadi bu ilova anson va qulay foyizsiz bolganida yanayam ajoyibbolardi,5,click,juda ajoyib menga yoqadi bu ilova anson va qulay foyizsiz bolganida yanayam ajoyibbolardi,1
яхши,5,click,яхши,-1
зўр,5,click,зр,1
не могу скинуть деньги на виза карту,4,click,не могу скинуть деньги на виза карту,-1
маленький процент кешбека,4,click,маленький процент кешбека,1
Очень удобно,5,click,очень удобно,1
zo'r ilova👍👍👍👍👍👍👍👍👍👍👍👍👍👍👍👍👍👍👍👍👍👍👍👍👍👍👍👍👍👍👍👍👍👍👍👍👍👍👍👍👍👍👍👍👍👍👍👍👍👍👍👍👍👍👐👍👍👍👍👍👍👍👍👍👍👍👍👍👍👍👍👍👍👍👍👍👍👍👍👍👍👍👍👍👐👍👍👍👐👍👍👍👐👍👍👍👍👍👍👍👍👍👍👍👍👍👍👍👍👍👍👍👍👍👍👍👍👍👍👍👍👍👍👍👍👍👍👍👍👍👍👍👍👍👍👍👍👍👍👍👍👍👍👍👍👍👍👍👍👍👍👍👍👍👍👍👍👍👍👍👍👍👍👍👍👍👍👍👍👍👍👍👍👍👍👍👍👍👍👍👍👍👍👍👍👍👍👍👍👍👍👍👍👍👍👍👍👍👍👍👍👍👍👍👍👍👍👍👍👍👍👍👍👍👍👍👍👍👍👍👍,4,click,zor ilova,1
"проста супер 👍🏻,",5,click,проста супер,1
супер,5,click,супер,1
отличное предложение,5,click,отличное предложение,1
жаксы,5,click,жаксы,1
👍🏻,5,click,,1
👍👍👍,5,click,,1
zor,5,click,zor,1
удобно. надёжно и быстро,5,click,удобно надёжно и быстро,1
Функция моя семья радует своей простотой. Спасибо разработчикам.,5,click,функция моя семья радует своей простотой спасибо разработчикам,1
klas,5,click,klas,1
supper,4,click,supper,1
все супер спасибо за связь,5,click,все супер спасибо за связь,1
"самая лучшая приложение. супер, мне очень нравится. ище сделали бы чтобы через клик все банковские приложение управлять блобы круто.",5,click,самая лучшая приложение супер мне очень нравится ище сделали бы чтобы через клик все банковские приложение управлять блобы круто,1
👌👌👌,5,click,,1
ok,5,click,ok,1
зор,5,click,зор,1
otlichno,5,click,otlichno,1
zoʻrrrr,5,click,zorrrr,1
zoʻr,5,click,zor,1
Zo‘t,5,click,zot,1
ok,5,click,ok,1
Зўр,5,click,зр,1
класс удобно,5,click,класс удобно,1
zór ishonli,5,click,zr ishonli,1
классное приложение,5,click,классное приложение,1
zoʻr,5,click,zor,1
"почему невозможно добавить карту виза, хотя другую визу получается добавить?",1,click,почему невозможно добавить карту виза хотя другую визу получается добавить,-1
Очень приятно пользоваться ❤️,5,click,очень приятно пользоваться,1
супер,5,click,супер,1
атлично,5,click,атлично,1
ajoyib ilova,5,click,ajoyib ilova,1
Zor,5,click,zor,1
Ok,5,click,ok,1
✊🏻,5,click,,1
"не хватает функции получить перевод western union, ria на привязаную карту, либо с visa на узкард",4,click,не хватает функции получить перевод western union ria на привязаную карту либо с visa на узкард,-1
Зур,5,click,зур,1
"не работают банкоматы на карте, обращался в поддержку, бесполезно",2,uzum,не работают банкоматы на карте обращался в поддержку бесполезно,-1
oldin oddiy Bankamattan pul yechib olsa kamissiya qaytarilardi hozir juda katta foizda opqovotti,1,uzum,oldin oddiy bankamattan pul yechib olsa kamissiya qaytarilardi hozir juda katta foizda opqovotti,-1
Отлично 👍👍👍,5,uzum,отлично,1
👌,5,uzum,,1
Ассалому Алайкум рахматулохи бароктуху вы с ппрва,1,uzum,ассалому алайкум рахматулохи бароктуху вы с ппрва,-1
👍👍👍,5,uzum,,1
is shu serial,4,uzum,is shu serial,1
не скачивается,1,uzum,не скачивается,-1
zoʻr,5,uzum,zor,1
спасибо,1,uzum,спасибо,1
"Зачем убрали ""мой дом"" с главной?",4,uzum,зачем убрали мой дом с главной,-1
Это приложение когда-нибудь будет работать?,1,uzum,это приложение когданибудь будет работать,-1
👍,5,uzum,,1
"что то не работает, мне надо заплатить кредит, ошибка так упс что то прошло не так :( что это",1,uzum,что то не работает мне надо заплатить кредит ошибка так упс что то прошло не так что это,-1
"удобное и понятное приложение, но единственное нет или же не могу найти функцию оплату номера телефона зарубежных операторов сотовой связи, на данный момент я нахожусь за границей и использую другой номер, хотелось бы оплачивать со своей карты на прямую, может что нибудь придумаете, разработчики",5,uzum,удобное и понятное приложение но единственное нет или же не могу найти функцию оплату номера телефона зарубежных операторов сотовой связи на данный момент я нахожусь за границей и использую другой номер хотелось бы оплачивать со своей карты на прямую может что нибудь придумаете разработчики,-1
часто лагает и не возможно сделать оплату прошу исправить эти неполадки.,4,uzum,часто лагает и не возможно сделать оплату прошу исправить эти неполадки,-1
"новые законы об оплате 500т и подписки 69т,это через чур, чтобы оплата на проезд работало 800 сум,это отпугивает клиентов",1,uzum,новые законы об оплате т и подписки тэто через чур чтобы оплата на проезд работало сумэто отпугивает клиентов,-1
Отлична приложений,5,uzum,отлична приложений,1
Zo'r,5,uzum,zor,1
"я обожаю узум банк, единственный банк от которого у меня ""всё"" но пока что случилась проблема что при попытке повышения лимита узум насия мне повысили лимит на 5.000.000... Но... в обратную сторону так, что теперь у меня минус на балансе и пишет что я должен оплатить, хотя я ничего не покупал на эту сумму. я уже обратился в поддержку но они пока что мне просто сказали что ""приняли вашу жалобу под номером бла бла бла ожидайте"" ну жду чё могу сказать.",1,uzum,я обожаю узум банк единственный банк от которого у меня всё но пока что случилась проблема что при попытке повышения лимита узум насия мне повысили лимит на но в обратную сторону так что теперь у меня минус на балансе и пишет что я должен оплатить хотя я ничего не покупал на эту сумму я уже обратился в поддержку но они пока что мне просто сказали что приняли вашу жалобу под номером бла бла бла ожидайте ну жду чё могу сказать,-1
"отвратительное приложение, тормозит постоянно, не видит сразу наличие денег карты других банков, не могу пополнить из за этого узум карту",1,uzum,отвратительное приложение тормозит постоянно не видит сразу наличие денег карты других банков не могу пополнить из за этого узум карту,-1
непонятно куда делась льготная оплата транспорта в основном табло,3,uzum,непонятно куда делась льготная оплата транспорта в основном табло,1
Всё супер 👍👍👍,5,uzum,всё супер,1
"карта очень хорошая но, есть огромная минус я хотел отправлять денег на карту, МИР оно не доступно моя жена умерала срочно деньги надо было отправить но на карте узум оно не отправляется за эту карту я не мог отправлять денег потом мы разошлись она бросила меня за то, что я не отправил деньги, и это огромный минус в карте узум спасибо большое за такое за вас я потерял свою половинку огромное спасибо.",2,uzum,карта очень хорошая но есть огромная минус я хотел отправлять денег на карту мир оно не доступно моя жена умерала срочно деньги надо было отправить но на карте узум оно не отправляется за эту карту я не мог отправлять денег потом мы разошлись она бросила меня за то что я не отправил деньги и это огромный минус в карте узум спасибо большое за такое за вас я потерял свою половинку огромное спасибо,-1
Аъло,5,uzum,аъло,1
"⅘, я в курсе. я в отпуске до субботы 48",3,uzum,я в курсе я в отпуске до субботы,1
Супер,5,uzum,супер,1
tufta,1,uzum,tufta,1
Не верьте рекламе UzumBank про микрозайм. Обман. При возврате вовремя микрозайма UzumBank накидывает неизвестно откуда взятые проценты. Даже при использовании карты UzumBank.,1,uzum,не верьте рекламе uzumbank про микрозайм обман при возврате вовремя микрозайма uzumbank накидывает неизвестно откуда взятые проценты даже при использовании карты uzumbank,-1
Отлично,5,uzum,отлично,1
х🚻🚸,3,uzum,х,1
"Obuna bo'lsang shartlar amal qilarkan, mijozlar yetarli bo'lganda soqqa qilish boshlanarkanda",2,uzum,obuna bolsang shartlar amal qilarkan mijozlar yetarli bolganda soqqa qilish boshlanarkanda,-1
"Приложение отличное! Не зависает, не глючит.",5,uzum,приложение отличное не зависает не глючит,-1
спасибо отличное работает,5,uzum,спасибо отличное работает,1
супер,5,uzum,супер,1
км,5,uzum,км,1
гапйук,5,uzum,гапйук,1
жудаям секин хеч кимга маслахат бермайман 0 оценка саволларим жавобсиз,1,uzum,жудаям секин хеч кимга маслахат бермайман оценка саволларим жавобсиз,1
class,5,uzum,class,1
"olmanglar ochmanglar musr karta ekan oldin yaxshi edi hozir daje 2,5 % oladi pul yechishga 10 mlngacha foizsiz deyishi yolg'on reklamaga uchmanglar uzummarketda ham skidkasi o'tmayapti chatga yozsam biror muommo haqida quruq gap olib qochishadi",1,uzum,olmanglar ochmanglar musr karta ekan oldin yaxshi edi hozir daje oladi pul yechishga mlngacha foizsiz deyishi yolgon reklamaga uchmanglar uzummarketda ham skidkasi otmayapti chatga yozsam biror muommo haqida quruq gap olib qochishadi,-1
"Уровень обслуживания клиентов низкий, ожидание составляет не менее 4 дней, денежные переводы и входящие платежи осуществляются медленно. Попросил расторгнуть договор, в ответ хотите оформить карту",1,uzum,уровень обслуживания клиентов низкий ожидание составляет не менее дней денежные переводы и входящие платежи осуществляются медленно попросил расторгнуть договор в ответ хотите оформить карту,-1
good ❤️,5,uzum,good,1
Tovarlar qani,1,uzum,tovarlar qani,1
"слишком большие проценты, на микро займ,оно того не стоит",1,uzum,слишком большие проценты на микро займоно того не стоит,-1
"постоянный сбой в системе, и это реально не удобно",1,uzum,постоянный сбой в системе и это реально не удобно,1
Харош,5,uzum,харош,1
uzum bank prilojenyaga kiromyaman,5,uzum,uzum bank prilojenyaga kiromyaman,1
что случилось с приложением ?? ни чего не работает ??,5,uzum,что случилось с приложением ни чего не работает,-1
Супер,5,uzum,супер,1
сколько можно обновлять каждый день его.,1,uzum,сколько можно обновлять каждый день его,-1
"есть баги , в целом нормально, даже на 4 тянет, но сумму на карте неверно отображает, если списали, он позднее это показывает, в истории тоже позже отображается, короче это все с запозданием и ещё баги были",3,uzum,есть баги в целом нормально даже на тянет но сумму на карте неверно отображает если списали он позднее это показывает в истории тоже позже отображается короче это все с запозданием и ещё баги были,-1
uzum vizu kartu ne mogu papolnit ne i panete i cheres prilojiniya uzum banke,1,uzum,uzum vizu kartu ne mogu papolnit ne i panete i cheres prilojiniya uzum banke,-1
"Приложение в целом хорошое по функционалу, но вот обман с кэшбэками это сплошное разочарование, и нет никаких помощи от их чата поддержки. поэтому такая оценка!",1,uzum,приложение в целом хорошое по функционалу но вот обман с кэшбэками это сплошное разочарование и нет никаких помощи от их чата поддержки поэтому такая оценка,-1
1 из бесполезнейщих тех поддержкой и с самыми высокими процентами не рекомендую,1,uzum,из бесполезнейщих тех поддержкой и с самыми высокими процентами не рекомендую,-1
"Я такого банка как Uzum Bank. В жизни не видел. Это великолепно. Особенно акции: Снятье 0% Без самое главное, что переводы по Узбекистану и оплата Продуктов без комиссии. Благодарю что вы делаете такие акции. Желаю успехов в работе!",5,uzum,я такого банка как uzum bank в жизни не видел это великолепно особенно акции снятье без самое главное что переводы по узбекистану и оплата продуктов без комиссии благодарю что вы делаете такие акции желаю успехов в работе,-1
"Акция «Преимущества Uzum карты», которая начинается с 1 июня, получилась совершенно бесполезным нововведением. Какой вообще человек станет покупать товары в Uzum Market на 500 000 сум только ради этой акции? Можно было бы хоть немного продумать всё головой перед тем, как запускать такое. Раньше Uzum Bank был намного лучше, а сейчас с каждым новым обновлением всё больше отталкивает людей. Жду комментарий от разработчиков.",1,uzum,акция преимущества uzum карты которая начинается с июня получилась совершенно бесполезным нововведением какой вообще человек станет покупать товары в uzum market на сум только ради этой акции можно было бы хоть немного продумать всё головой перед тем как запускать такое раньше uzum bank был намного лучше а сейчас с каждым новым обновлением всё больше отталкивает людей жду комментарий от разработчиков,-1
class,5,uzum,class,1
скамерский узум. удалил,1,uzum,скамерский узум удалил,-1
служба поддержки вечно не работает или не прогружается,1,uzum,служба поддержки вечно не работает или не прогружается,-1
Приложение супер хороший.За 2 мин карту открыл без лишних документов.,5,uzum,приложение супер хорошийза мин карту открыл без лишних документов,1
👍,5,uzum,,1
"выдаёт что заблокирован, причину не могут указать.",1,uzum,выдаёт что заблокирован причину не могут указать,-1
🇮🇹💚💚💚💚💚🪐,1,uzum,,1
"Почему баланс карт не обновояется автоматически? каждый раз нужно вручную обновлять страницу, чтобы увидеть реальный баланс. постоянно вводит в заблуждение. ни в одном другом приложении баланс карт не нужно обновлять руками",2,uzum,почему баланс карт не обновояется автоматически каждый раз нужно вручную обновлять страницу чтобы увидеть реальный баланс постоянно вводит в заблуждение ни в одном другом приложении баланс карт не нужно обновлять руками,-1
скорость обслуживания,5,uzum,скорость обслуживания,1
"С какого перепуга банк увеличил процент oif с 0,5% до 1,5% не уведомляя об этом своих клиентов. Жульничать стали. Пора с вами прощаться.",1,uzum,с какого перепуга банк увеличил процент oif с до не уведомляя об этом своих клиентов жульничать стали пора с вами прощаться,-1
Что за беспредел скачать преложение потом еще где-то регистрироваться???? Приложение испорели я больше не хочу пользоваться и не буду этим банком!!!! ВСЕМ СОВЕТУЮ УДАЛЯЙТЕ ЕГО!!!!!!!! Я минимум ещё 10 причин могу назвать что бы не пользоваться ими а лавное отапираторов толку 0 сегодня звонил а тот даже сотовым не умеет пользоваться ужас работники!!!!!,1,uzum,что за беспредел скачать преложение потом еще гдето регистрироваться приложение испорели я больше не хочу пользоваться и не буду этим банком всем советую удаляйте его я минимум ещё причин могу назвать что бы не пользоваться ими а лавное отапираторов толку сегодня звонил а тот даже сотовым не умеет пользоваться ужас работники,-1
норм,4,uzum,норм,1
супер,5,uzum,супер,1
рахмат,5,uzum,рахмат,1
"Менда узум маркет ишламай колди,очмаяпти",5,uzum,менда узум маркет ишламай колдиочмаяпти,-1
Суппер,5,uzum,суппер,1
иногда не работает не могу входить в приложение если не сможешь входить то зачем мне такое банк и такое приложение,1,uzum,иногда не работает не могу входить в приложение если не сможешь входить то зачем мне такое банк и такое приложение,-1
вечно какой-то сбой в системе,3,uzum,вечно какойто сбой в системе,-1
не заходит,1,uzum,не заходит,-1
"уважаемые разработчики большая просьба, когда вы что-то меняете или добавляете в ваше приложение,то можно это делать без перебоев работы самого приложения?",3,uzum,уважаемые разработчики большая просьба когда вы чтото меняете или добавляете в ваше приложението можно это делать без перебоев работы самого приложения,-1
"Умуман ишламай колдику, 8-04-26й дан ишламаяпти. бугун 11-04-ишламаяпти.",5,uzum,умуман ишламай колдику й дан ишламаяпти бугун ишламаяпти,-1
yaxshi,5,uzum,yaxshi,1
👍👍👍,5,uzum,,1
"хороший банк, всегда пользуюсь при покупки с узума маркета",5,uzum,хороший банк всегда пользуюсь при покупки с узума маркета,1
отличное приложение,5,uzum,отличное приложение,1
Рекомендую вообще не свзываться с этим банком. Левый банк! Левые условия! Поддержки вообще нет. Приложение кривое. Остерегайтесь этого банка!,1,uzum,рекомендую вообще не свзываться с этим банком левый банк левые условия поддержки вообще нет приложение кривое остерегайтесь этого банка,-1
"очень не довольна техническим отделом. по какой то причине заблокировали приложение. подавая заявку специалист не сказал что необходимо для принятия заявки, по итогу через сутки уже другой специалист сказал что не хватает селфи. время проходит, никаких движений по разблокировки нет. звонки по указанному номеру не дают никаких результатов. хочу уже жаловаться в другие гос органы. не могу ничего сделать, так как все данные, вклады и деньги на электронном кошельке. просто не могу ничего",1,uzum,очень не довольна техническим отделом по какой то причине заблокировали приложение подавая заявку специалист не сказал что необходимо для принятия заявки по итогу через сутки уже другой специалист сказал что не хватает селфи время проходит никаких движений по разблокировки нет звонки по указанному номеру не дают никаких результатов хочу уже жаловаться в другие гос органы не могу ничего сделать так как все данные вклады и деньги на электронном кошельке просто не могу ничего,-1
"Разработчики молодцы вопросов нет,но Узум банк мошенники,мою сестру надули и никто не помог будьте осторожны",1,uzum,разработчики молодцы вопросов нетно узум банк мошенникимою сестру надули и никто не помог будьте осторожны,-1
"Приложение хорошее, но вот банк - так себе, шарашка какая то. В самый неподходящий момент может перестать работать сервис. Поменяли условия уже открытого вклада - с 21 на 16%. Это уже вообще тянет на жульничество.",4,uzum,приложение хорошее но вот банк так себе шарашка какая то в самый неподходящий момент может перестать работать сервис поменяли условия уже открытого вклада с на это уже вообще тянет на жульничество,-1
Вечные проблемы с загрузкой. Приложение должно летать. А у вас все медленно.,1,uzum,вечные проблемы с загрузкой приложение должно летать а у вас все медленно,-1
❤❤❤❤❤ zor,5,uzum,zor,1
👍,5,uzum,,1
"Здравствуйте. У меня заблокировали лимит, когда я смогу снова использовать лимит?",5,uzum,здравствуйте у меня заблокировали лимит когда я смогу снова использовать лимит,-1
Сделайте СМС уведомления как раньше /зачем кому то PUSH ??Это НЕ УДОБНО..,1,uzum,сделайте смс уведомления как раньше зачем кому то push это не удобно,-1
Ilovaga kirib bolmayapti kirish vaqtincha ishlamayapti deb chiqyapti,3,uzum,ilovaga kirib bolmayapti kirish vaqtincha ishlamayapti deb chiqyapti,-1
iltimos yordam berila üzüm bank akkauntidan chiqqandim operator orgatganidek sababi boshqa sim karta ogandim eski nomerim yani uzum bankga ulangani uje yoq simkartam singandi. endi qayta tiklashga yengi nomerimga üzüm bank ochomayapman idenfikatsiya sabab umuman kiromayapman,3,uzum,iltimos yordam berila zm bank akkauntidan chiqqandim operator orgatganidek sababi boshqa sim karta ogandim eski nomerim yani uzum bankga ulangani uje yoq simkartam singandi endi qayta tiklashga yengi nomerimga zm bank ochomayapman idenfikatsiya sabab umuman kiromayapman,-1
"надоело обновление, каждый раз когда заходиш , спрашивает обновление, хот за ден 100 раз заходи, обязательно 100 раз спрашивает обновление",1,uzum,надоело обновление каждый раз когда заходиш спрашивает обновление хот за ден раз заходи обязательно раз спрашивает обновление,-1
manga yoqti,5,uzum,manga yoqti,1
класс,5,uzum,класс,1
"Uzum eng qulay , zo'r tizimlashtirilgan hamma narsa , boshqa konkurentlar bozorni ololmadi baribir",5,uzum,uzum eng qulay zor tizimlashtirilgan hamma narsa boshqa konkurentlar bozorni ololmadi baribir,1
"Беспричинный выброс из приложения. Я проходил идентификацию, пытаясь войти при помощи идентификации по лицу просят еще и устанавливать сторонние приложения, а у меня их ранее не было. Так почему если моя личность уже подтверждена ещё одно подтверждение нужно? В ближайшие дни всё сделаю только лишь чтобы удалить свою учетку напрочь в этом сервисе.",1,uzum,беспричинный выброс из приложения я проходил идентификацию пытаясь войти при помощи идентификации по лицу просят еще и устанавливать сторонние приложения а у меня их ранее не было так почему если моя личность уже подтверждена ещё одно подтверждение нужно в ближайшие дни всё сделаю только лишь чтобы удалить свою учетку напрочь в этом сервисе,-1
👍👍👍,5,uzum,,1
buyurtma berganda oldindan tolov aslo qilmang yetkazib berishmaydi 5 kun kutdim kelmadi qolizga olganda tolov qiling ishon raqam yoq bot bilan gaplashasiz rasvo,1,uzum,buyurtma berganda oldindan tolov aslo qilmang yetkazib berishmaydi kun kutdim kelmadi qolizga olganda tolov qiling ishon raqam yoq bot bilan gaplashasiz rasvo,-1
Не огюрганизовонно и безответственно относиться к работе.,1,uzum,не огюрганизовонно и безответственно относиться к работе,-1
ok,5,uzum,ok,1
uzumdan qariz oldim ammo tulash uslubi juda qiyin va tushunarsiz shuni soddalshtirish mumkin,1,uzum,uzumdan qariz oldim ammo tulash uslubi juda qiyin va tushunarsiz shuni soddalshtirish mumkin,-1
"zakaz bermela umuman, kuryerlari haromi boshqa joyda turib zakaz op keldim deb aldaydi",1,uzum,zakaz bermela umuman kuryerlari haromi boshqa joyda turib zakaz op keldim deb aldaydi,-1
"уже месяц не зайдет на приложение узум банк , показывает (вход временно недоступен) карта узум тоже не работает чё за такое",1,uzum,уже месяц не зайдет на приложение узум банк показывает вход временно недоступен карта узум тоже не работает чё за такое,-1
Здравствуйте. Очень хороший банк. Всегда работает. Техподдержка на связи. Вежливые и внимательные операторы.,5,uzum,здравствуйте очень хороший банк всегда работает техподдержка на связи вежливые и внимательные операторы,1
приложение просто супер,5,uzum,приложение просто супер,1
классно,5,uzum,классно,1
👍,5,uzum,,1
zo'r,5,uzum,zor,1
Здравствуйте у меня не откроется Uzum bank приложение Что сделать надо? Помогите,1,uzum,здравствуйте у меня не откроется uzum bank приложение что сделать надо помогите,-1
"Зависла оплата мобильного оператора по причине как обычно плохой работы этого приложения. Возврат средств уже третьи сутки. Хорошо что сумма совсем маленькая, а если бы была какая-то большая оплата. Будьте осторожны с этим приложением. Поддержка отписывается просто так.",4,uzum,зависла оплата мобильного оператора по причине как обычно плохой работы этого приложения возврат средств уже третьи сутки хорошо что сумма совсем маленькая а если бы была какаято большая оплата будьте осторожны с этим приложением поддержка отписывается просто так,-1
я случайно вышел из узума после не могу зайти обратно ваш сканер лица вообще не распознает человека операторы тоже не отвечают на сообщения,1,uzum,я случайно вышел из узума после не могу зайти обратно ваш сканер лица вообще не распознает человека операторы тоже не отвечают на сообщения,-1
ilovani xozi ornatdim lekin qachondir ornatilgan parolni soravoti qaysi parol xich kim bilmiydi. tex poddejkadan xam tuzuro malumot berishmadi,1,uzum,ilovani xozi ornatdim lekin qachondir ornatilgan parolni soravoti qaysi parol xich kim bilmiydi tex poddejkadan xam tuzuro malumot berishmadi,-1
"Не даёт зайти, пишет пароль неверный. Хотя пароль верный! Заново прошла face id, но просят Доступ в my.gov!!! Это ещё что такое! Поддержка вообще запросила фото паспорта! Вы кто такие????Тогда верните мне деньги с карты узум и закройте мой профиль",1,uzum,не даёт зайти пишет пароль неверный хотя пароль верный заново прошла face id но просят доступ в mygov это ещё что такое поддержка вообще запросила фото паспорта вы кто такиетогда верните мне деньги с карты узум и закройте мой профиль,-1
zoʻr,5,uzum,zor,1
"uzum kartamga ming soʻm oʻtkazsam, uzcard kartamdan 2500soʻm yechib oldi. yaxshiyam uzum kartamga kattaroq pul oʻtkazmabman. 👎🏼",1,uzum,uzum kartamga ming som otkazsam uzcard kartamdan som yechib oldi yaxshiyam uzum kartamga kattaroq pul otkazmabman,-1
Зўр,5,uzum,зр,1
Juda zoʻr hammasi raxmat kattakon menga juda yoqdi uzum bilan ishlash qoyil qolish kerak.,5,uzum,juda zor hammasi raxmat kattakon menga juda yoqdi uzum bilan ishlash qoyil qolish kerak,1
Класс,5,uzum,класс,1
лучший друг всегда рядом,5,uzum,лучший друг всегда рядом,1
Ахолига қулайликла яратвотканила учун катта рахмат,5,uzum,ахолига улайликла яратвотканила учун катта рахмат,-1
Гап ёк куз тегмасин,5,uzum,гап ёк куз тегмасин,1
Zor,5,uzum,zor,1
Самая худшая тех поддержка среди банков. Заблокировали не за что аккаунт и не кто не может объяснить причину. Звоню и пишу в тех поддержку. Кроме слов о передачи информации специалистам нечего не происходит!,1,uzum,самая худшая тех поддержка среди банков заблокировали не за что аккаунт и не кто не может объяснить причину звоню и пишу в тех поддержку кроме слов о передачи информации специалистам нечего не происходит,-1
Uzum kartaga pul tashlab bo'lmayapti,4,uzum,uzum kartaga pul tashlab bolmayapti,-1
"☝️-Вы хоть читаете отзывы,95 % не довольны вашем приложением☝️Найдите хорошего специалиста и обновите своё дешёвое приложение.Я за все эти негативные отзывы и не стану писать лишний раз ваши недоработки ❗️❗️❗️",1,uzum,вы хоть читаете отзывы не довольны вашем приложениемнайдите хорошего специалиста и обновите своё дешёвое приложениея за все эти негативные отзывы и не стану писать лишний раз ваши недоработки,-1
Не советую покупать на узум маркет не качественный товар.,1,uzum,не советую покупать на узум маркет не качественный товар,-1
zõr ilova,5,uzum,zr ilova,1
скамщики,1,uzum,скамщики,1
"Здравствуйте, я сегодня обновил приложение после этого вообще не заходит в приложение, вход временно недоступен выскакивает (хотя интернет есть) что делать?",5,uzum,здравствуйте я сегодня обновил приложение после этого вообще не заходит в приложение вход временно недоступен выскакивает хотя интернет есть что делать,-1
yaxshi menga yoqdi,5,uzum,yaxshi menga yoqdi,1
мне нравится,5,uzum,мне нравится,1
zor,5,uzum,zor,1
zor hamkor,5,uzum,zor hamkor,1
"Приложение классное, но вот своему братишку не могу открыть. У него есть ID карта но для того что бы зарегистрировать Uzum Visa требуется возраст 16 лет. Если это возможно, сделайте так что бы хотябы с 14 лет можно было получить Uzum Visa Card.",3,uzum,приложение классное но вот своему братишку не могу открыть у него есть id карта но для того что бы зарегистрировать uzum visa требуется возраст лет если это возможно сделайте так что бы хотябы с лет можно было получить uzum visa card,-1
ujasno rabotaet,1,uzum,ujasno rabotaet,1
zor,5,uzum,zor,1
оплата iticket в приложении Uzum Bank не работает,1,uzum,оплата iticket в приложении uzum bank не работает,-1
"Хорошая программа. Пользуюсь часто. Но в один момент надо было срочно сделать перевод на карту узум. Приложение тормозило. Потратил на это 30 минут. Бесполезно. Пришлось переводить через другое приложение, где есть проценты. Плохо, что подвели в нужный момент.",1,uzum,хорошая программа пользуюсь часто но в один момент надо было срочно сделать перевод на карту узум приложение тормозило потратил на это минут бесполезно пришлось переводить через другое приложение где есть проценты плохо что подвели в нужный момент,-1
почему каждый день приходит обновления??,3,uzum,почему каждый день приходит обновления,-1
очин удобна,5,uzum,очин удобна,1
👍,5,uzum,,1
почему не работает программа,3,uzum,почему не работает программа,-1
👍👍👍 Классный банк все легко и просто. Уважительное отношение клиентам. Операторы вежливые бистро отвечают. Сам банк входит в положение клиента с пониманием. Спасибо вам. 👍👍👍,5,uzum,классный банк все легко и просто уважительное отношение клиентам операторы вежливые бистро отвечают сам банк входит в положение клиента с пониманием спасибо вам,1
"Поддержка не работает должным образом! В течении 3 месяцев не могу войти на аккаунт, поддержка бездействует в чате читает сообщение и не отвечает. Колл центр тоже заявку говорят отправили, а на сайте по номеру заявки нет ни какой информации ни кому не советую ужасный банк с отвратительной поддержкой. Никакой помощи, никакого решения проблемы",1,uzum,поддержка не работает должным образом в течении месяцев не могу войти на аккаунт поддержка бездействует в чате читает сообщение и не отвечает колл центр тоже заявку говорят отправили а на сайте по номеру заявки нет ни какой информации ни кому не советую ужасный банк с отвратительной поддержкой никакой помощи никакого решения проблемы,-1
best of the best,5,uzum,best of the best,1
zae....ваши рекламы не удаляю потому что деньги маркет удалила через каждый полчаса приходят рекламы никому не нужные ж,1,uzum,zaeваши рекламы не удаляю потому что деньги маркет удалила через каждый полчаса приходят рекламы никому не нужные ж,-1
juda yaxshi,5,uzum,juda yaxshi,1
zor,4,uzum,zor,1
"частенько зависает и не открывается на кассе, из-за чего платить в том же Makro через UzumPay не всегда получается. скидки при оплате внутри экосистемы копеечные - 1%. условия для получения скидки становятся всё более требовательными (уже 10 оплат, а не 5), а льготы урезают. единственное, что пока удерживает - снятие наличных без комиссии. ну и рассрочка с микрокредитами, если кому-то это нужно. upd. стало открываться стабильнее - гуд. ну, и за обновляемые партнёрские кешбэки все же спасибо.",4,uzum,частенько зависает и не открывается на кассе изза чего платить в том же makro через uzumpay не всегда получается скидки при оплате внутри экосистемы копеечные условия для получения скидки становятся всё более требовательными уже оплат а не а льготы урезают единственное что пока удерживает снятие наличных без комиссии ну и рассрочка с микрокредитами если комуто это нужно upd стало открываться стабильнее гуд ну и за обновляемые партнёрские кешбэки все же спасибо,-1
"Приложение хорошее, очень удобное. Однако так и не понял как открыть вклад, раньше была кнопка на главно экране, сейчас у меня ее нету. В поддержке так и не помогли",5,uzum,приложение хорошее очень удобное однако так и не понял как открыть вклад раньше была кнопка на главно экране сейчас у меня ее нету в поддержке так и не помогли,-1
Umuman yoqmadi xizmatlari,1,uzum,umuman yoqmadi xizmatlari,-1
"Удалите детект кастомного рекавери и разблокированного bootloader в приложении – очень мешает, т.к зайти в приложение не реально. Почему люди, которые просто реанимируют устройство, не могут пользоваться сервисом, учитывая то, что вы продвигаете сервис ДЛЯ ВСЕХ? Кастомное рекавери нужно не только для Root-прав, а для банального восстановления устройства, даже если Root-прав нет на устройстве и нет цели их ставить. Либо же реализуйте вход в сервис, но с какими-то ограничениями (не в платежах).",1,uzum,удалите детект кастомного рекавери и разблокированного bootloader в приложении очень мешает тк зайти в приложение не реально почему люди которые просто реанимируют устройство не могут пользоваться сервисом учитывая то что вы продвигаете сервис для всех кастомное рекавери нужно не только для rootправ а для банального восстановления устройства даже если rootправ нет на устройстве и нет цели их ставить либо же реализуйте вход в сервис но с какимито ограничениями не в платежах,-1
отличная тех поддержка быстро ответили решили мою проблему давно пользуюсь узум банк все работает как надо,5,uzum,отличная тех поддержка быстро ответили решили мою проблему давно пользуюсь узум банк все работает как надо,-1
"низкая оценка за непродуманную комиссию, то есть пополняю узум карту без комиссий, а если обратно на ту же карту - с комиссией, прошу сделать хотя бы лимит на 20 миллионов юез комиссий например",2,uzum,низкая оценка за непродуманную комиссию то есть пополняю узум карту без комиссий а если обратно на ту же карту с комиссией прошу сделать хотя бы лимит на миллионов юез комиссий например,-1
​В истории операций не указан получатель платежа.,5,uzum,в истории операций не указан получатель платежа,-1
пока всё хорошо,5,uzum,пока всё хорошо,1
приучили всех и потом начали свои условия толкать,1,uzum,приучили всех и потом начали свои условия толкать,1
отл,5,uzum,отл,1
сколько дней уже не могу пользоваться приложением. вапше не работает. не могу дозвониться оператором. чат тоже не работает. временная неполадок пишет.,1,uzum,сколько дней уже не могу пользоваться приложением вапше не работает не могу дозвониться оператором чат тоже не работает временная неполадок пишет,-1
удобно всё,5,uzum,удобно всё,1
просто шедевр инновации,5,uzum,просто шедевр инновации,1
Отлично 100%,5,uzum,отлично,1
"The quality of service is very low, the existing limit is blocked, the commission and interest are high",1,uzum,the quality of service is very low the existing limit is blocked the commission and interest are high,-1
спосибо,5,uzum,спосибо,1
50 martalab yangilanish qilmaylar hurmatli ishlab chiquvchilar baribir optimizizatsiya yaxshi boʻlmayapti. Zagruzka koʻp vaqt qilyapti,3,uzum,martalab yangilanish qilmaylar hurmatli ishlab chiquvchilar baribir optimizizatsiya yaxshi bolmayapti zagruzka kop vaqt qilyapti,-1
отличный самый лучший банк,5,uzum,отличный самый лучший банк,1
"не открывается приложение, после обновления",5,uzum,не открывается приложение после обновления,-1
"02.05.2026 г в 22:00 в приложение невозможно зайти. Уже больше часа пишет что ""ЧТО-ТО ПОШЛО НЕ ТАК"". Вайфай подключение стабильное, мобильные данные тоже в порядке. Исправьте свой баг ребята и тогда поставлю 5+ ⭐⭐⭐⭐⭐",1,uzum,г в в приложение невозможно зайти уже больше часа пишет что чтото пошло не так вайфай подключение стабильное мобильные данные тоже в порядке исправьте свой баг ребята и тогда поставлю,-1
"Приложение отстой невозможно с картой на другую карту перевести деньги нужно найти именно на ней подключенную номер спрашивать, а вторая вещь поддержка молчит просто не может помочь я ему отправляю все он говорит но не может на этом разобраться!",1,uzum,приложение отстой невозможно с картой на другую карту перевести деньги нужно найти именно на ней подключенную номер спрашивать а вторая вещь поддержка молчит просто не может помочь я ему отправляю все он говорит но не может на этом разобраться,-1
"отвратительно работают,сначала не оповестили своих клиентов через СМС что у них за перевод между картой на карту платно ,затем куар код во всех станциях метро не читал,теперь вообще не вообще не открываются приложении",1,uzum,отвратительно работаютсначала не оповестили своих клиентов через смс что у них за перевод между картой на карту платно затем куар код во всех станциях метро не читалтеперь вообще не вообще не открываются приложении,-1
"проезд то уже по 800 а в рекламе 650, везде обман, и приложения часто обновляется почти каждый день, а в остальном все нормально!",5,uzum,проезд то уже по а в рекламе везде обман и приложения часто обновляется почти каждый день а в остальном все нормально,-1
все супер спасибо большое,5,uzum,все супер спасибо большое,1
"Честно говоря, надоело постоянное обновление. Как ни зайдёшь в любое приложение Uzum Tezkor, Uzum Market, Uzum Bank постоянно просит обновиться. Это очень сильно раздражает, когда нужно что-то срочное, а тут «обновите...»",3,uzum,честно говоря надоело постоянное обновление как ни зайдёшь в любое приложение uzum tezkor uzum market uzum bank постоянно просит обновиться это очень сильно раздражает когда нужно чтото срочное а тут обновите,-1
добрый день хотел узнать когда появится вклад он исчез из приложение заранее спасибо,5,uzum,добрый день хотел узнать когда появится вклад он исчез из приложение заранее спасибо,1
klasss,5,uzum,klasss,1
Всё чётко-молодцы,5,uzum,всё чёткомолодцы,1
каждый день обновление на 1кв надоело уже,1,uzum,каждый день обновление на кв надоело уже,-1
Отлично 👌,5,uzum,отлично,1
Спасибо за поддержку всех и отличную работу в своей сфере,5,uzum,спасибо за поддержку всех и отличную работу в своей сфере,1
"слишком медленно иногда вообще не работает, зачем такое высокий рейтинг",1,uzum,слишком медленно иногда вообще не работает зачем такое высокий рейтинг,-1
zor,5,uzum,zor,1
"работает без Проблем,😊 и вежливые Сотрудники 🤗",5,uzum,работает без проблем и вежливые сотрудники,1
"поддержка 0, ишламайди, охирги обновления дан кейин баглар купайган набор килятганда катиб колябди, скритни очганда яна хаммаси бошига кайтиб колябди",1,uzum,поддержка ишламайди охирги обновления дан кейин баглар купайган набор килятганда катиб колябди скритни очганда яна хаммаси бошига кайтиб колябди,-1
"Если бы был ноль, поставила бы ноль звёзд. Ужасный сервис! Нету даже номер телефона для поддержания связи с клиентами. Есть чат для обращения и бот в телеграмме, благо мне в последнем ответили, но проблему не решили.Прилоложение тоже не функционирует нормально, собственно из-за этого и обратилась Ок, сразу же в конце дня ответили на мой отзыв тут.Скажу ещё страшнее.В указанный номер позвонила 3 раза, даже не подняли трубку. В телграм боте о котором сказала выше запросили данный моихдругих карт",1,uzum,если бы был ноль поставила бы ноль звёзд ужасный сервис нету даже номер телефона для поддержания связи с клиентами есть чат для обращения и бот в телеграмме благо мне в последнем ответили но проблему не решилиприлоложение тоже не функционирует нормально собственно изза этого и обратилась ок сразу же в конце дня ответили на мой отзыв тутскажу ещё страшнеев указанный номер позвонила раза даже не подняли трубку в телграм боте о котором сказала выше запросили данный моихдругих карт,-1
очень прост в использование легко и доступно.просто лайк,5,uzum,очень прост в использование легко и доступнопросто лайк,1
"Самый честный и классный, верный БАНК это УЗУМ БАНК. СПАСИБО УЗУМ БАНК УДАЧИ И УСПЕХОВ.",5,uzum,самый честный и классный верный банк это узум банк спасибо узум банк удачи и успехов,1
"3 года пользовался приложением, привязав карты другого банка. Все было хорошо и удобно, пока не столкнулся с проблемой. Сломался телефон. Установил приложение на другой и теперь оказалось, что пока я не соглашусь выпустить себе еще и карту Узум банка, в приложение войти не могу, т.к. оно при открытии, сразу после ввода пин кода показывает только предложение открыть карту от которого нельзя отказаться. Войти и отвязать ранее привязанные карты нельзя. Трижды подумайте - правила меняют без согласия",1,uzum,года пользовался приложением привязав карты другого банка все было хорошо и удобно пока не столкнулся с проблемой сломался телефон установил приложение на другой и теперь оказалось что пока я не соглашусь выпустить себе еще и карту узум банка в приложение войти не могу тк оно при открытии сразу после ввода пин кода показывает только предложение открыть карту от которого нельзя отказаться войти и отвязать ранее привязанные карты нельзя трижды подумайте правила меняют без согласия,-1
juda tez va qulay,5,uzum,juda tez va qulay,1
👍,5,uzum,,1
zõr,5,uzum,zr,1
"Перестал пользоваться этим приложением и этим банком. По одной простой причине - стали брать комиссию за любые, даже за минимальные переводы. И даже на свои собственные счёта. Может кто-то объяснить, зачем переводить деньги с комиссией если можно без неё? Вот так жадность банка отпугивает клиентов. Причём во многих других банках никакой комиссии не было и нет. Тот же самый Капитал, прекрасно обходится без всяких комиссий за переводы. И не обеднел же.",1,uzum,перестал пользоваться этим приложением и этим банком по одной простой причине стали брать комиссию за любые даже за минимальные переводы и даже на свои собственные счёта может ктото объяснить зачем переводить деньги с комиссией если можно без неё вот так жадность банка отпугивает клиентов причём во многих других банках никакой комиссии не было и нет тот же самый капитал прекрасно обходится без всяких комиссий за переводы и не обеднел же,-1
"прошло уже несколько месяцев с публикации мною отзыва, все так же поддержка никак не помогает, от одного к другому футболят, одни и те же вопросы задают в службе поддержки в чате в приложении, уже год не могут решить проблему с закрытием счёта карты которую я давно заблокировал, начните нанимать квалифицированных сотрудников.",1,uzum,прошло уже несколько месяцев с публикации мною отзыва все так же поддержка никак не помогает от одного к другому футболят одни и те же вопросы задают в службе поддержки в чате в приложении уже год не могут решить проблему с закрытием счёта карты которую я давно заблокировал начните нанимать квалифицированных сотрудников,-1
почему чтобы зайти в приложение и воспользоваться услугами я должна согласиться на открытие карты узум?! Приложением пользоваться нельзя если не согласишься на открытие карты!,1,uzum,почему чтобы зайти в приложение и воспользоваться услугами я должна согласиться на открытие карты узум приложением пользоваться нельзя если не согласишься на открытие карты,-1
самый лучший банк.,5,uzum,самый лучший банк,1
Зоррррррррррррррррррррррррррррррррррррррррррррррррррррррррррррррррррррррррррррррррррррррррррррррррррррррррррррррррррррррррррррооорррррррррррррррррррррррррррррррр,5,uzum,зоррррррррррррррррррррррррррррррррррррррррррррррррррррррррррррррррррррррррррррррррррррррррррррррррррррррррррррррррррррррррррррооорррррррррррррррррррррррррррррррр,1
"профессионализм снижается все сильнее, к сожалению. Пока удобно платить за покупки в узуме оставляю, но буду искать альтернативу. p.s. дополняю. поддержка стала ещё хуже. при попытке переводить деньги с карты на карту-выдало ошибку. поддержка отвечала 20 минут, обвинило меня, что нет смс информирования. если бы я за это время не перевела бы в другом приложении, может быть даже и поверила",2,uzum,профессионализм снижается все сильнее к сожалению пока удобно платить за покупки в узуме оставляю но буду искать альтернативу ps дополняю поддержка стала ещё хуже при попытке переводить деньги с карты на картувыдало ошибку поддержка отвечала минут обвинило меня что нет смс информирования если бы я за это время не перевела бы в другом приложении может быть даже и поверила,-1
хотел оформить карту как нерезидент сунули анкету в 3 страницы как будто готовлюсь в космос полететь.,1,uzum,хотел оформить карту как нерезидент сунули анкету в страницы как будто готовлюсь в космос полететь,-1
Baʼzi funkisiyalar keraksiz va ortiqcha vaqt talab qiladi. Qullab-quvvatlashdagilar juda uzoq vaqtdan kegin javob berishadi.,1,uzum,bazi funkisiyalar keraksiz va ortiqcha vaqt talab qiladi qullabquvvatlashdagilar juda uzoq vaqtdan kegin javob berishadi,-1
zoʻr,5,uzum,zor,1
"Несправедливое отношение к клиенту. Курьер не приезжает, заказ отменяют и обвиняют клиента. Решения проблемы нет.",1,uzum,несправедливое отношение к клиенту курьер не приезжает заказ отменяют и обвиняют клиента решения проблемы нет,-1
Зур,5,uzum,зур,1
2-пластикни кандай учирса болади?,5,uzum,пластикни кандай учирса болади,-1
zoʻr ⭐⭐⭐ foydalanishga qulay,5,uzum,zor foydalanishga qulay,1
best platfotma,5,uzum,best platfotma,1
прятно,5,uzum,прятно,1
umuman ochib bomayapti 100marta harakat qildim ochishga sms yuborilmidi👎reklama qilurgandan kora programmani sifati bilan ishlela,1,uzum,umuman ochib bomayapti marta harakat qildim ochishga sms yuborilmidireklama qilurgandan kora programmani sifati bilan ishlela,-1
Хваток названивать в день по 100 раз!,1,uzum,хваток названивать в день по раз,-1
"после обновления программа не работает .. не идентифицирует клиента.. все работает в штатном режиме, а идентификация не проходит",1,uzum,после обновления программа не работает не идентифицирует клиента все работает в штатном режиме а идентификация не проходит,-1
1 звезда для неодикватних операторов 0 для тех поддержки за долгие и не компетентное ответы,1,uzum,звезда для неодикватних операторов для тех поддержки за долгие и не компетентное ответы,-1
"вечные глюки в приложении, вечно что то случается вообще не удобно, просила бы исправить. то обновление просит, то что то ещё",1,uzum,вечные глюки в приложении вечно что то случается вообще не удобно просила бы исправить то обновление просит то что то ещё,-1
Чётко,5,uzum,чётко,1
"а знаете, я ведь не сам номер телефона сменила. номер остался прежний. а вот только сотового оператора сменила. зато ваши операторы поспешили ответить мне в хамоватой форме, и запретили мне менять номер телефона",2,uzum,а знаете я ведь не сам номер телефона сменила номер остался прежний а вот только сотового оператора сменила зато ваши операторы поспешили ответить мне в хамоватой форме и запретили мне менять номер телефона,-1
супер,5,uzum,супер,1
"Kechadan beri shunaqa sms keladi. Dobro pozhalovat' v Uzum Bank! Perevody na karty, scheta, koshel'ki i po rekvizitam budut dostupny cherez 60 minut. Nima qilish kk???",3,uzum,kechadan beri shunaqa sms keladi dobro pozhalovat v uzum bank perevody na karty scheta koshelki i po rekvizitam budut dostupny cherez minut nima qilish kk,-1
👍👍👍👍,5,uzum,,1
очень хороший приложение но жал что обмен валют не работает,5,uzum,очень хороший приложение но жал что обмен валют не работает,-1
uzum bank imkoniyatlari kòp,5,uzum,uzum bank imkoniyatlari kp,1
мне нравится,5,uzum,мне нравится,1
хорошее предложение и удобно.,5,uzum,хорошее предложение и удобно,1
зор,5,uzum,зор,1
super ilova,5,uzum,super ilova,1
super,5,uzum,super,1
"Здравствуйте я первым делом хочу сказать спасибо разработчикам, Узум банку и всем сотрудникам потому-то вы нам дали удобство в таком обширном формате если умом пользоваться многое можно здесь взять себе на пользу вы о каждом человеке ( клиента) думаете и очень тщательно рассматриваете каждый наш поступок и транзакции и доверяете буквально сегодня у меня лимит повысился было 4 400 000 сумов стало 8 800 000 сумов и с этом я думаю вы не ограничиваете нас еще на большую сумму которую нам понадобитс",5,uzum,здравствуйте я первым делом хочу сказать спасибо разработчикам узум банку и всем сотрудникам потомуто вы нам дали удобство в таком обширном формате если умом пользоваться многое можно здесь взять себе на пользу вы о каждом человеке клиента думаете и очень тщательно рассматриваете каждый наш поступок и транзакции и доверяете буквально сегодня у меня лимит повысился было сумов стало сумов и с этом я думаю вы не ограничиваете нас еще на большую сумму которую нам понадобитс,-1
zoʻr,5,uzum,zor,1
создали дополнительные проблемы для взятия микрозайма разочерован,2,uzum,создали дополнительные проблемы для взятия микрозайма разочерован,-1
здравствуйте разработчики узум банка. приложение на самом деле очень хорошее. есть одно но. мне 19 лет и не могу получить лимит а в приложении лимит даётся с 20 лет. можно ли это как то изменить? спасибо за ранее.,4,uzum,здравствуйте разработчики узум банка приложение на самом деле очень хорошее есть одно но мне лет и не могу получить лимит а в приложении лимит даётся с лет можно ли это как то изменить спасибо за ранее,-1
super,5,uzum,super,1
judayam qulay 🤩,5,uzum,judayam qulay,1
zor,5,uzum,zor,1
отлично👍🫰,5,uzum,отлично,1
Rasvo hizmat ko'rsatish. faqat xalqdan pul o'g'irlashni biladi.,1,uzum,rasvo hizmat korsatish faqat xalqdan pul ogirlashni biladi,-1
👍👍👍👍,5,uzum,,1
"худшее приложение из подобных, долгая регистрация, создаётся карта хотя я об этом не просил, под конец регистрации оно ещё и зависло. неудобная навигация по оплате, как и сам дизайн, по итогу появилось желание удалить аккаунт, но и тут они себя проявили - удаление через общение с техподдержкой, где нужно написать письменное заявление с селфи, чтобы удалили аккаунт.",1,uzum,худшее приложение из подобных долгая регистрация создаётся карта хотя я об этом не просил под конец регистрации оно ещё и зависло неудобная навигация по оплате как и сам дизайн по итогу появилось желание удалить аккаунт но и тут они себя проявили удаление через общение с техподдержкой где нужно написать письменное заявление с селфи чтобы удалили аккаунт,-1
Gap yo zoʻr,5,uzum,gap yo zor,1
ajoyib bank,5,uzum,ajoyib bank,1
Нега нақд пул қилса фоизларни қайтариб бермаяпсила. Лимит ўзгарса нега огохлантирилмаяпти. Узум картани нима афзалликларга қолмоқда??? Транспорт ҳам 1700 сўм.,1,uzum,нега над пул илса фоизларни айтариб бермаяпсила лимит згарса нега огохлантирилмаяпти узум картани нима афзалликларга олмода транспорт ам см,-1
Bankamatan pul yechmoqchidm kartadan puli yechb naxt pul bermadi ariza olb qoliwdi 2 kun boldi qachon hal qberasla ariza raqami : №10704611 boshida yaxshidi lekin nomilaga dog tushrvosila,1,uzum,bankamatan pul yechmoqchidm kartadan puli yechb naxt pul bermadi ariza olb qoliwdi kun boldi qachon hal qberasla ariza raqami boshida yaxshidi lekin nomilaga dog tushrvosila,-1
"К сожалению у меня приложений нету пункт ""Изменить PIN код"" миллион раз обновил но ни#уя нету. Так и уже год не могу использовать карту!",5,uzum,к сожалению у меня приложений нету пункт изменить pin код миллион раз обновил но ниуя нету так и уже год не могу использовать карту,-1
почему не могу снять микрозайми,1,uzum,почему не могу снять микрозайми,-1
зўр гап йўў картани европани исталган жойида ишлатиб юрипман узумга омад ва рахмат 👍👍👍,5,uzum,зр гап й картани европани исталган жойида ишлатиб юрипман узумга омад ва рахмат,-1
👍👍,5,uzum,,1
"поддержка 0 решил написать в 8 часов вечера никого ответа я не получил жду уже больше часа вижу что оператор в сети но он вообще не отвечает Яндекс отправила мне деньги а вот на мою карту с банка не приходит а поддержка и в телеграмме не работает и в самом приложении P.S оператор ответил с одним сообщением рекомендую обратиться в поддержу Яндекс АЛО ЭТО ЧТО ТАКОЕ КТО У ВАС ТАМА СИДИТ, я ему даже скрин скинул что Яндекс отправила деньги а он не ответил даже посмотрев.",1,uzum,поддержка решил написать в часов вечера никого ответа я не получил жду уже больше часа вижу что оператор в сети но он вообще не отвечает яндекс отправила мне деньги а вот на мою карту с банка не приходит а поддержка и в телеграмме не работает и в самом приложении ps оператор ответил с одним сообщением рекомендую обратиться в поддержу яндекс ало это что такое кто у вас тама сидит я ему даже скрин скинул что яндекс отправила деньги а он не ответил даже посмотрев,-1
Очень часто происходят технические сбои.,1,uzum,очень часто происходят технические сбои,-1
Bumiydi limitni yechib bulmayapti,1,uzum,bumiydi limitni yechib bulmayapti,-1
супер очень удобно,5,uzum,супер очень удобно,1
Здравствуйте коллеги вы слишком усложнили нам жизнь с открытием карты!,5,uzum,здравствуйте коллеги вы слишком усложнили нам жизнь с открытием карты,-1
зур,5,uzum,зур,1
отлично,5,uzum,отлично,1
ok,5,uzum,ok,1
хорошый быстрый перевод и без процентов,5,uzum,хорошый быстрый перевод и без процентов,1
👌,5,uzum,,1
zoʻr,5,uzum,zor,1
спасибо Узуму банку!,5,uzum,спасибо узуму банку,1
"yaxshi qulay,lekin banklarda foizi 1,5 % bu qimmat degani men uchun",5,uzum,yaxshi qulaylekin banklarda foizi bu qimmat degani men uchun,1
⚡⚡⚡,5,uzum,,1
"Yahshi ilova ekan, keyinchalik aynib ketmasa hosircha yahshi.",5,uzum,yahshi ilova ekan keyinchalik aynib ketmasa hosircha yahshi,1
kop yecarkan foyiz,1,uzum,kop yecarkan foyiz,1
ok,5,uzum,ok,1
"об изменении условия снятия наличных денег не сообщают своевреммено, либо пишут мелким шрифтом. опоавдываються что нужно зайти в сайт банка и узнать тама о всех измениниях, могли бы хотя эбы отправить СМСку. кто будеть заходить на сайт и читать🤦",1,uzum,об изменении условия снятия наличных денег не сообщают своевреммено либо пишут мелким шрифтом опоавдываються что нужно зайти в сайт банка и узнать тама о всех измениниях могли бы хотя эбы отправить смску кто будеть заходить на сайт и читать,-1
нега звонок кимаса запис кушма екранга банк киргани куймайапти,3,uzum,нега звонок кимаса запис кушма екранга банк киргани куймайапти,-1
"Был удобен до апреля но после убрали карта родных хотя законом не запрещает. Нет инструмента для вклада, нет партнёрства как в Хаёт, нет возможность конвертации. Так Вы Узумбанк или дочерний филиал Капитала?",4,uzum,был удобен до апреля но после убрали карта родных хотя законом не запрещает нет инструмента для вклада нет партнёрства как в хаёт нет возможность конвертации так вы узумбанк или дочерний филиал капитала,-1
очень удобная и полезная программа. Спасибо!!,5,uzum,очень удобная и полезная программа спасибо,1
"Нимага илова ишламаяпти? Кириш имконсиз, деяпти, янгилашдан кейин ҳам ишламади, нега?",1,uzum,нимага илова ишламаяпти кириш имконсиз деяпти янгилашдан кейин ам ишламади нега,-1
"Не рекомендую этот банк, постоянно какие-то сбои, невозможно спокойно пользоваться средствами, 2 раза за месяц подвели, в ответ приходят просто извинения",1,uzum,не рекомендую этот банк постоянно какието сбои невозможно спокойно пользоваться средствами раза за месяц подвели в ответ приходят просто извинения,-1
"При переводе с карты на карту, обе в системе Узюм, возникла ошибка, при этом деньги списались но не зачислились. Уже 2е суток поддержка кормит ""подождите, разбираемся"", а сколько ждать непонятно. деньни в вашей системе, ошибка в вашем приложении, проблемы мои( upd: идет 6й день. никакого решения по зависшим средствам нет. в поддержке только стандартные отбивки ""ожидайте решения""",1,uzum,при переводе с карты на карту обе в системе узюм возникла ошибка при этом деньги списались но не зачислились уже е суток поддержка кормит подождите разбираемся а сколько ждать непонятно деньни в вашей системе ошибка в вашем приложении проблемы мои upd идет й день никакого решения по зависшим средствам нет в поддержке только стандартные отбивки ожидайте решения,-1
сегодня 20 апреля 2026 года 21.28 время не заходит в приложение не с одного устройства не позвонить не написать в поддержку уже пол часа как такая проблема и тишина,1,uzum,сегодня апреля года время не заходит в приложение не с одного устройства не позвонить не написать в поддержку уже пол часа как такая проблема и тишина,-1
"Очен круто! Когда у вас возникают финансовые трудности, он сразу помогает! Uzum Bank Super!",5,uzum,очен круто когда у вас возникают финансовые трудности он сразу помогает uzum bank super,1
zo'r,5,uzum,zor,1
просто супер качество и надежность и на сайте компании по производству и надежность,5,uzum,просто супер качество и надежность и на сайте компании по производству и надежность,1
Частые сбои в приложении,2,uzum,частые сбои в приложении,-1
Ishlash sifati Juda pas,1,uzum,ishlash sifati juda pas,1
"кеш бек нет, и не каких -30% нет",2,uzum,кеш бек нет и не каких нет,-1
"Очень частые технические работы среди белого дня, без какого либо оповещения. Когда нужно срочно приложение, оно не заходит ""временно не работает"". Так же часто неверно показывает цифры в разделе МОЙ ДОМ. Хотя в других приложениях всё отлично",1,uzum,очень частые технические работы среди белого дня без какого либо оповещения когда нужно срочно приложение оно не заходит временно не работает так же часто неверно показывает цифры в разделе мой дом хотя в других приложениях всё отлично,-1
qulay platforma,5,uzum,qulay platforma,1
нравится Узум Банк,5,uzum,нравится узум банк,1
шу узум банк иловасига кираолмаяпманда,2,uzum,шу узум банк иловасига кираолмаяпманда,-1
Okey 👍👌,5,uzum,okey,1
самый лучшей,5,uzum,самый лучшей,1
очень удобно заказать вещи,5,uzum,очень удобно заказать вещи,1
Ok,5,uzum,ok,1
zor,5,uzum,zor,1
"нельзя закрыть карту, говорит что балансе не должно быть бабок но денег нет. и аккаунт нельзя удалить вообще без удобств",1,uzum,нельзя закрыть карту говорит что балансе не должно быть бабок но денег нет и аккаунт нельзя удалить вообще без удобств,-1
👍,5,uzum,,1
в мониторинге карт немгого криво отображаются цифры. Например 2 0 00 150 000,4,uzum,в мониторинге карт немгого криво отображаются цифры например,1
"Заблокировали вход на устройстве, и не могут разблокировать, лол)",1,uzum,заблокировали вход на устройстве и не могут разблокировать лол,-1
👍💪,5,uzum,,1
очень часто приходится обновлять,3,uzum,очень часто приходится обновлять,-1
Зўр карта,5,uzum,зр карта,1
Bir marta mikroqarz oldim. Muddatidan oldin to'ladim.juda qulay ekan. Zarlda olib ishlatdim. Endi bermayapti. Faqat bolib tolash un demoqda. Limitdan qachon olsam boladi pul,5,uzum,bir marta mikroqarz oldim muddatidan oldin toladimjuda qulay ekan zarlda olib ishlatdim endi bermayapti faqat bolib tolash un demoqda limitdan qachon olsam boladi pul,1
процент много бессовестно,2,uzum,процент много бессовестно,1
ок,5,uzum,ок,1
хорошо,5,uzum,хорошо,1
ok,5,uzum,ok,1
обновить телефон не могу войти в свой профиль уже недели мучаюсь техподдержка вообще ноль тупость,1,uzum,обновить телефон не могу войти в свой профиль уже недели мучаюсь техподдержка вообще ноль тупость,-1
Server rasvo chatda ham taynli javob yo'q. Telefon qilsang oparetor chatga yoz dedi chatga yozseng hech kim tayni javob bermidi,1,uzum,server rasvo chatda ham taynli javob yoq telefon qilsang oparetor chatga yoz dedi chatga yozseng hech kim tayni javob bermidi,-1
👍👍👍,5,uzum,,1
Kredit maslasida chinakkam mashinnik banklardan biri.,1,uzum,kredit maslasida chinakkam mashinnik banklardan biri,1
самый беспантовый банк который я встречала.Часами сидишь и ждешь когда откроет.Позор,1,uzum,самый беспантовый банк который я встречалачасами сидишь и ждешь когда откроетпозор,-1
🔥,5,uzum,,1
"Отвратительное приложение и поддержка. Просто не дают поменять номер приложения в профиле на новый. Делаешь всё как пишет поддержка, в итоге перекидывает на оформление узум карты, которая уже есть, хотя мне нужно поменять идентификацию в профиле. Но профиль даже не открывается, сразу перекидывает на карту. Не делайте мобильные приложения, если не умеете",1,uzum,отвратительное приложение и поддержка просто не дают поменять номер приложения в профиле на новый делаешь всё как пишет поддержка в итоге перекидывает на оформление узум карты которая уже есть хотя мне нужно поменять идентификацию в профиле но профиль даже не открывается сразу перекидывает на карту не делайте мобильные приложения если не умеете,-1
отлично спасибо,5,uzum,отлично спасибо,1
зур,5,uzum,зур,1
zo‘r,5,uzum,zor,1
отлично 👍,5,uzum,отлично,1
Спасибо вам Узум Банк Вы Лучшие👍👍👍,5,uzum,спасибо вам узум банк вы лучшие,1
крутая приложение 🥹,5,uzum,крутая приложение,1
Если у Вас голова на плечах не берите кредит. При не уплате за 2 месяца например если вы взяли кусками по 500 тыщ. 8-10 договоров хоть один пройдет они начислят всю сумму кредита хоть вы не использовали их до окончания.,1,uzum,если у вас голова на плечах не берите кредит при не уплате за месяца например если вы взяли кусками по тыщ договоров хоть один пройдет они начислят всю сумму кредита хоть вы не использовали их до окончания,-1
ilovaga kirish doim muammo hammada shundaymi bilmadim kod keladi kiritganda xato deydi bizga bunaqa chala himoya kerak emas,1,uzum,ilovaga kirish doim muammo hammada shundaymi bilmadim kod keladi kiritganda xato deydi bizga bunaqa chala himoya kerak emas,-1
очень удобно,5,uzum,очень удобно,1
самый эгоистический банк. говорят на год и в конце месяца требуют оплатить или на опоздание на день сразу годовую оплату. МАШЕННИКИ.,1,uzum,самый эгоистический банк говорят на год и в конце месяца требуют оплатить или на опоздание на день сразу годовую оплату машенники,-1
server juda yomon ishlayapti,1,uzum,server juda yomon ishlayapti,-1
этот приложение на своей волне то работает то не работает.Что такое почему сбой пишет? и пишет что-то пошло не так.Разберитесь иначе удалю 😡😡😡,1,uzum,этот приложение на своей волне то работает то не работаетчто такое почему сбой пишет и пишет чтото пошло не такразберитесь иначе удалю,-1
Удобный и быстрый,5,uzum,удобный и быстрый,1
Зўр,5,uzum,зр,1
"начал часто не работать, как и сайт и поддержка",1,uzum,начал часто не работать как и сайт и поддержка,-1
"Это работает совершенно неэффективно, и если вы забудете свой пароль, войти снова будет невозможно, абсолютно невозможно.",1,uzum,это работает совершенно неэффективно и если вы забудете свой пароль войти снова будет невозможно абсолютно невозможно,-1
prilojeniyaga kirmayopti👎👎👎👎👎👎,1,uzum,prilojeniyaga kirmayopti,-1
одну проблему не могут решить никому не советую брать карту потому что перевод из другого приложения проблемно там деньги то не поступают на карту не советую,1,uzum,одну проблему не могут решить никому не советую брать карту потому что перевод из другого приложения проблемно там деньги то не поступают на карту не советую,-1
👍👍👍👍,5,uzum,,1
Узумбанкга раҳмат... Ўзимдан ҳам... Ёнимдагилардан ҳам.,5,uzum,узумбанкга рамат зимдан ам ёнимдагилардан ам,1
конкретно мусор все и ни чего не работает и не дают удалить,1,uzum,конкретно мусор все и ни чего не работает и не дают удалить,-1
не получается войти,1,uzum,не получается войти,-1
"как только вас признали лучшими, вы решили брать проценты, была очень разочарована",2,uzum,как только вас признали лучшими вы решили брать проценты была очень разочарована,-1
Расво приложения.Узбеклар умуман бунака приложения ишлаб чикармасин.Бу иш улар учун эмас чунки.Чичиб куйишибди,1,uzum,расво приложенияузбеклар умуман бунака приложения ишлаб чикармасинбу иш улар учун эмас чункичичиб куйишибди,-1
Отлично,5,uzum,отлично,1
"Вечно это приложение выпускает нерабочие обновление. Если не можете поддержать приложение должным образом, то накой чёрт его постоянно обновлять? Кривую архитектуру проекта как не старайся, невозможно поддержать с постоянными обновлениями. Сами замучаетесь в этом бардаке 🤣🤣🤣.",1,uzum,вечно это приложение выпускает нерабочие обновление если не можете поддержать приложение должным образом то накой чёрт его постоянно обновлять кривую архитектуру проекта как не старайся невозможно поддержать с постоянными обновлениями сами замучаетесь в этом бардаке,-1
tufta,1,uzum,tufta,1
"Дабдала программа. Постепенно, вактинчалик ишламаяпти кейинрок киринг девуради.",1,uzum,дабдала программа постепенно вактинчалик ишламаяпти кейинрок киринг девуради,-1
"последнее обновление с ошибкой, при пролистывании товаров через некоторое время окно пролистывается автоматом вверх",5,uzum,последнее обновление с ошибкой при пролистывании товаров через некоторое время окно пролистывается автоматом вверх,-1
Уважаемые разработчики почему приложения перестал работать пишет что временно не доступен,2,uzum,уважаемые разработчики почему приложения перестал работать пишет что временно не доступен,-1
қулай ва осон 👍👍👍,5,uzum,улай ва осон,-1
"Пропала из приложения карта Uzum. Даже уведомление никакое не пришло. Ещё утром с неё спокойно оплатила автобус через приложение, а вечером — её нет! Карта вернулась, но очень бы хотелось видеть в приложении хоть какое-то уведомление о технических неполадках в таких случаях",4,uzum,пропала из приложения карта uzum даже уведомление никакое не пришло ещё утром с неё спокойно оплатила автобус через приложение а вечером её нет карта вернулась но очень бы хотелось видеть в приложении хоть какоето уведомление о технических неполадках в таких случаях,-1
"почему приложение не открывается через wi fi, а с мобильного интернета открывается? Только не грешите на wi fi! Другие приложения работают нормально! исправьте ошибки пожалуйста!!!",1,uzum,почему приложение не открывается через wi fi а с мобильного интернета открывается только не грешите на wi fi другие приложения работают нормально исправьте ошибки пожалуйста,-1
Очень удобно. Спасибо!,5,uzum,очень удобно спасибо,1
good bank,5,uzum,good bank,1
Быстро и удобно👍👍👍,5,uzum,быстро и удобно,1
fine,5,uzum,fine,1
Всё хорошо,5,uzum,всё хорошо,1
ilovani ochmay qolyapti,1,uzum,ilovani ochmay qolyapti,1
Комфорт и надёжность,5,uzum,комфорт и надёжность,1
Yahshi va qulay,5,uzum,yahshi va qulay,1
zor,5,uzum,zor,1
"приложение хорошее, но онлайн поддержка отстой, им пишешь подробно ошибку, они в ответ: ""опишите ошибку"", они ведь могут сами зайти и проверить то что я им написал, у них ведь тоже должно быть это приложение",2,uzum,приложение хорошее но онлайн поддержка отстой им пишешь подробно ошибку они в ответ опишите ошибку они ведь могут сами зайти и проверить то что я им написал у них ведь тоже должно быть это приложение,-1
"тех поддержка не отвечает НЕДЕЛЯМИ ,постоянно сбои хочешь оплатить что-то а ты не можешь так как карта не работает и снять ни как и перевести ни как всё мертво , и так постоянно 2-4 раза в неделю . Не советую вообще как то пользоваться картой .",1,uzum,тех поддержка не отвечает неделями постоянно сбои хочешь оплатить чтото а ты не можешь так как карта не работает и снять ни как и перевести ни как всё мертво и так постоянно раза в неделю не советую вообще как то пользоваться картой,-1
гап йук зур ишлайди,5,uzum,гап йук зур ишлайди,1
zo'r,5,uzum,zor,1
"Невозможно зайти в приложение,",3,uzum,невозможно зайти в приложение,-1
не работает,1,uzum,не работает,-1
вообще не могу зайти в приложение?!,1,uzum,вообще не могу зайти в приложение,-1
Ware good,5,uzum,ware good,1
supeer,5,uzum,supeer,1
"тупой qr код в метро пропускает через раз и приложение не оптимизировано, не советую",1,uzum,тупой qr код в метро пропускает через раз и приложение не оптимизировано не советую,-1
Uzum Bank luchiy super,5,uzum,uzum bank luchiy super,1
nice,5,uzum,nice,1
"Приложение удобное и работает стабильно, в целом всё нравится - ставлю 4 звезды. Хотелось бы добавить несколько функций для банкоматов Узумбанка: выбор номинала купюр при снятии наличных, снятие денег через QR-код без карты и биометрию (распознавание лица). Просьба рассмотреть возможность добавления этих функций - это сделает сервис ещё более удобным и современным.",4,uzum,приложение удобное и работает стабильно в целом всё нравится ставлю звезды хотелось бы добавить несколько функций для банкоматов узумбанка выбор номинала купюр при снятии наличных снятие денег через qrкод без карты и биометрию распознавание лица просьба рассмотреть возможность добавления этих функций это сделает сервис ещё более удобным и современным,1
не даёт войти в приложение и пройти идентификацию с лицом 👎🏻👎🏻👎🏻👎🏻👎🏻👎🏻,1,uzum,не даёт войти в приложение и пройти идентификацию с лицом,-1
минус,1,uzum,минус,1
очень удобная приложения,5,uzum,очень удобная приложения,1
zòr,5,uzum,zr,1
👍,5,uzum,,1
"Ужас, просил выписку банка по карте Узум они мне говорят жди 3 дня, ждал 3 дня, потом мне дают выписку не полного дня и без реквизитов операций получателей от меня, да ещё и обобщённом порядке. в приложениях других банков такого нет, типа ждать или писать в чат или таких недо справок, заходишь и берешь сам. и те ребята из чата поддержки узум вообще не компетентны им объясняешь они тебе суют ту же самую справку по которой не доволен.",1,uzum,ужас просил выписку банка по карте узум они мне говорят жди дня ждал дня потом мне дают выписку не полного дня и без реквизитов операций получателей от меня да ещё и обобщённом порядке в приложениях других банков такого нет типа ждать или писать в чат или таких недо справок заходишь и берешь сам и те ребята из чата поддержки узум вообще не компетентны им объясняешь они тебе суют ту же самую справку по которой не доволен,-1
👍👍👍👍,4,uzum,,1
Ассалому Алейкум ZOR PLAY га хам тулув кошилар олдиндан рахмат! телевидениелар орасида тополмадим,5,uzum,ассалому алейкум zor play га хам тулув кошилар олдиндан рахмат телевидениелар орасида тополмадим,-1
Не возможно войти в приложение! Пишет вход временно не доступен уже каторый час,1,uzum,не возможно войти в приложение пишет вход временно не доступен уже каторый час,-1
классные приложение,5,uzum,классные приложение,1
Спасибо за приложение,5,uzum,спасибо за приложение,1
"Bu tormozizom qachongacha davom etadi? Botga yozzsa javob yuq. Aniq bir javob aytinglar, bormislar yoki yuq buldilaringmi? Boshqa chorasini ko'raylik...",1,uzum,bu tormozizom qachongacha davom etadi botga yozzsa javob yuq aniq bir javob aytinglar bormislar yoki yuq buldilaringmi boshqa chorasini koraylik,-1
Rosiyada pul solsa 1 foiz deb keshbek .uje tushmayapti..oldin tushar edi . otkazyothan payt korsatyaptiyu lekin bermayapti. deylik oylik limit bolsa ham unda perevoda payt 1 fozi keshbek deb nega korsatadi. yolgonchilik,1,uzum,rosiyada pul solsa foiz deb keshbek uje tushmayaptioldin tushar edi otkazyothan payt korsatyaptiyu lekin bermayapti deylik oylik limit bolsa ham unda perevoda payt fozi keshbek deb nega korsatadi yolgonchilik,-1
"не работает когда надо срочно оплатить гости голодные и обиделись , проводите ночью тех работы",1,uzum,не работает когда надо срочно оплатить гости голодные и обиделись проводите ночью тех работы,-1
"10 mlnga komissiya qaytaramiz bankomatdan pul yechganda deyilgan, lekin 5mlnga 75+30 min komissiya ushlab qolishdi va qaytarishmadi, uzum ham aynibdi",1,uzum,mlnga komissiya qaytaramiz bankomatdan pul yechganda deyilgan lekin mlnga min komissiya ushlab qolishdi va qaytarishmadi uzum ham aynibdi,-1
Почему невозможно зайти в приложение?,5,uzum,почему невозможно зайти в приложение,-1
"Ilova yaxshimas, uzum bank kartasidan pul yechish bez foiz deganiga karta zakaz qilib olgandik, lekin bankomatdan pul yechganda 1,5 foizdan yechyapti.",1,uzum,ilova yaxshimas uzum bank kartasidan pul yechish bez foiz deganiga karta zakaz qilib olgandik lekin bankomatdan pul yechganda foizdan yechyapti,-1
Илова ишламаябди,1,uzum,илова ишламаябди,-1
"не получается зайти в само приложение, по этому тут и пишу вам",1,uzum,не получается зайти в само приложение по этому тут и пишу вам,-1
класс,5,uzum,класс,1
"При заказе карты, подумайте несколько раз. Если уже используете, то будьте крайне осторожным. Много скрытых деталей. К тому же, постоянно меняются условия, не в пользу клиента. Будьте осторожны",1,uzum,при заказе карты подумайте несколько раз если уже используете то будьте крайне осторожным много скрытых деталей к тому же постоянно меняются условия не в пользу клиента будьте осторожны,-1
Online chatlarizga ham kirib bo‘lmayapti. Umuman ilovaga kirmayapti. @bahromovmirshod bu telegramim bog‘laninglar manga. Skrinshotlarni beraman.,1,uzum,online chatlarizga ham kirib bolmayapti umuman ilovaga kirmayapti bahromovmirshod bu telegramim boglaninglar manga skrinshotlarni beraman,-1
очень плохо работает,5,uzum,очень плохо работает,-1
"После обновления пришлось переустанавливать приложение, не показывало карту банка, у знакомой тоже проблемы с приложением, она в панике, возраст всё-таки...Вопрос к разработчикам и хозяевам банка: почему такие сбои при обновлении... Кстати, uzummarket переустанавливаю почти после каждого обновления",4,uzum,после обновления пришлось переустанавливать приложение не показывало карту банка у знакомой тоже проблемы с приложением она в панике возраст всётакивопрос к разработчикам и хозяевам банка почему такие сбои при обновлении кстати uzummarket переустанавливаю почти после каждого обновления,-1
когда приложение будет работать нормально? пока 1 звезда,1,uzum,когда приложение будет работать нормально пока звезда,1
Отлично банк,5,uzum,отлично банк,1
не смогу зайти приложению,1,uzum,не смогу зайти приложению,-1
почему не работает?,1,uzum,почему не работает,-1
omonat quymanglar xoxlagan vaqtda foizini pasaytirib olarkan bular,1,uzum,omonat quymanglar xoxlagan vaqtda foizini pasaytirib olarkan bular,1
моя карта узум пропала из приложения. новую открыть не получается. поддержка не отвечает. поменяю оценку как только решат эту проблему!!!,5,uzum,моя карта узум пропала из приложения новую открыть не получается поддержка не отвечает поменяю оценку как только решат эту проблему,-1
"удобно ,быстро ,а главно можно без проблем мгновенно одолжить не много до зарплаты👍",5,uzum,удобно быстро а главно можно без проблем мгновенно одолжить не много до зарплаты,1
bir tiyingga arzimaydi kartalaring. Programmalaring tormoz,1,uzum,bir tiyingga arzimaydi kartalaring programmalaring tormoz,1
Reklamalar zo'r xizmat ko'rsatish 0 muammolar juda ko'p xal qilmoqchi bosen call markaz o'chu o'z kartalaring orasida perevod qilish xam muammo tavsiya qimiman.,1,uzum,reklamalar zor xizmat korsatish muammolar juda kop xal qilmoqchi bosen call markaz ochu oz kartalaring orasida perevod qilish xam muammo tavsiya qimiman,-1
Ok,5,uzum,ok,1
отличный,5,uzum,отличный,1
"вообще не в моменте технические работы, не смог оплатить продукты, не смог оплатить транспорт, теперь приходится возвращаться пешком 13КМ",1,uzum,вообще не в моменте технические работы не смог оплатить продукты не смог оплатить транспорт теперь приходится возвращаться пешком км,-1
"любой момент проводит технические работы и карту использовать не возможно. как можно быть настолько тупым? Уведомление приходят очень поздно, невозможно показать что оплатил за проезд. IT- департамент худшое в этой компании, тестировщики ещё очень плохо работают!",1,uzum,любой момент проводит технические работы и карту использовать не возможно как можно быть настолько тупым уведомление приходят очень поздно невозможно показать что оплатил за проезд it департамент худшое в этой компании тестировщики ещё очень плохо работают,-1
vashe musr xohlagan payt bloklab qoyad tolov qilolmaysz umuman kartani ochrb tashashadi,1,uzum,vashe musr xohlagan payt bloklab qoyad tolov qilolmaysz umuman kartani ochrb tashashadi,-1
"пропала видимость карты с приложения,так же невозможно оплатить картой будто ее нет .так же невозможно снять свои средства с карты .что происходит ?",1,uzum,пропала видимость карты с приложениятак же невозможно оплатить картой будто ее нет так же невозможно снять свои средства с карты что происходит,-1
"после обновления моя узум карта пропала с денгами, не показывает ни где",1,uzum,после обновления моя узум карта пропала с денгами не показывает ни где,-1
"слишком тупое приложение, просто так выкидывает с аккаунта и стирает данные как и деньги на карте, удалите лучше и откройте аккаунт в другом банке",1,uzum,слишком тупое приложение просто так выкидывает с аккаунта и стирает данные как и деньги на карте удалите лучше и откройте аккаунт в другом банке,-1
в приложении перестала отображаться карта. техподдержка не реагирует.,1,uzum,в приложении перестала отображаться карта техподдержка не реагирует,-1
"👎В самые ответственные моменты когда нужно произвести оплату, приложение не работает: то требует обновления 4 раза в неделю; то вовсе исчезает карта с деньгами. Испортилтсь сильно.",1,uzum,в самые ответственные моменты когда нужно произвести оплату приложение не работает то требует обновления раза в неделю то вовсе исчезает карта с деньгами испортилтсь сильно,-1
"Сама по себе в приложение пропала карта UzumBank на которой были все средства. При повторном добавлении выдает ошибку. При оплате попал в неудобное положение. Колцентр не работает, на сообщения в приложении не отвечают.",1,uzum,сама по себе в приложение пропала карта uzumbank на которой были все средства при повторном добавлении выдает ошибку при оплате попал в неудобное положение колцентр не работает на сообщения в приложении не отвечают,-1
"Часто лагает, поддержка очень медленно отвечает",1,uzum,часто лагает поддержка очень медленно отвечает,-1
Nega ishlamayapti na kartamni korsatadi na pulini xech narsam yoq,1,uzum,nega ishlamayapti na kartamni korsatadi na pulini xech narsam yoq,-1
"voobshe kech javob berishadi kere bosa 1sutkayam javobsiz qob ketadi savolm, call centrri yaxshilela",1,uzum,voobshe kech javob berishadi kere bosa sutkayam javobsiz qob ketadi savolm call centrri yaxshilela,-1
"та компания которая наплевать на клиентов, когда у них что-то не работает не уведомляют, поддержка не работает, дозвониться вообще не возможно",1,uzum,та компания которая наплевать на клиентов когда у них чтото не работает не уведомляют поддержка не работает дозвониться вообще не возможно,-1
Oxirgi payt juda kop ishlami qolvotti shuni togirlasela keyn 5yulduz qoyaman,2,uzum,oxirgi payt juda kop ishlami qolvotti shuni togirlasela keyn yulduz qoyaman,-1
Почему я не могу совершить операции с картой узум.,1,uzum,почему я не могу совершить операции с картой узум,-1
остался на улице и без еды из-за вас,1,uzum,остался на улице и без еды изза вас,-1
Не работает (((,1,uzum,не работает,-1
поддержка вообще не отвечает и привязанный номер телефона тоже не работает,1,uzum,поддержка вообще не отвечает и привязанный номер телефона тоже не работает,-1
"не устойчиво работает, поддержка не отвечает не по телефону ни по чат поддержки, микрозайемы оформляются но не поступают деньги",1,uzum,не устойчиво работает поддержка не отвечает не по телефону ни по чат поддержки микрозайемы оформляются но не поступают деньги,-1
не открывается приложение после внесения денежных средств . В решении проблемы служба поддержки не помогла,2,uzum,не открывается приложение после внесения денежных средств в решении проблемы служба поддержки не помогла,-1
елси планируется тех. работы то предупредите за ранее,1,uzum,елси планируется тех работы то предупредите за ранее,-1
лагает и очень медленный зае*** уже,1,uzum,лагает и очень медленный зае уже,-1
"Деньги на Uzum Viza а приложение не работает в итоге остался без денег, не советую...",1,uzum,деньги на uzum viza а приложение не работает в итоге остался без денег не советую,-1
10 baldan 11 bal baxolash kk.,5,uzum,baldan bal baxolash kk,1
постоянно обновляется,1,uzum,постоянно обновляется,-1
класс,5,uzum,класс,1
супер,5,uzum,супер,1
благодарю. Очень удобно.,5,uzum,благодарю очень удобно,1
"удобное приложение, все просто и быстро!",5,uzum,удобное приложение все просто и быстро,1
отлично,5,uzum,отлично,1
не работает,1,uzum,не работает,-1
Отлично,5,uzum,отлично,1
я не понимаю зачем придумали это приложение если в него не возможно войти,1,uzum,я не понимаю зачем придумали это приложение если в него не возможно войти,-1
кийин вазиятда колганда доимо ёнимда узум банк жуда зур,5,uzum,кийин вазиятда колганда доимо ёнимда узум банк жуда зур,-1
zor,5,uzum,zor,1
"Вообще ребята не связывайтесь с этим узум банком, я на 1 месяц ппоспочил кредит так они мне всю историю кредитную испортили, засунули меня в чёрный список теперь у меня во всех банках отказы, не советую никому иметь дел с узум банком, это чистой воды мошенники",1,uzum,вообще ребята не связывайтесь с этим узум банком я на месяц ппоспочил кредит так они мне всю историю кредитную испортили засунули меня в чёрный список теперь у меня во всех банках отказы не советую никому иметь дел с узум банком это чистой воды мошенники,-1
После обновления ничего не работает. Не могу даже зайдти. Висит на пин коде. Увольте програмистов и тестировщиков.,1,uzum,после обновления ничего не работает не могу даже зайдти висит на пин коде увольте програмистов и тестировщиков,-1
"возвращают товар, отменяют когда уже пришел",3,uzum,возвращают товар отменяют когда уже пришел,-1
просто суупеер!!!,5,uzum,просто суупеер,1
Классная программа Рекомендую использовать,5,uzum,классная программа рекомендую использовать,1
zor,5,uzum,zor,1
zor🥳,5,uzum,zor,1
проста супер.,5,uzum,проста супер,1
ваше плохо работыет в начале харашо работыл как лимит повисил начело не выдавать лемит я вовримя платил микрозайм,1,uzum,ваше плохо работыет в начале харашо работыл как лимит повисил начело не выдавать лемит я вовримя платил микрозайм,-1
👍🏻👍🏻👍🏻,5,uzum,,1
"​""Uzum Bank иловаси тез-тез ишламай қолаётгани жуда чарчатди. Агар банк ўз карталарини бошқа тўлов иловаларига улашни тақиқлашда давом этса, тез орада мижозларини йўқотади. Энг керакли вақтда на ўтказма, на тўлов қилиб бўляпти. Бу картага ишониб қолмасликни маслаҳат бераман — маблағингиз «қамалиб» қолиши ва фақат банкоматга қараб қолишингиз мумкин. Ишончсиз хизмат!""",1,uzum,uzum bank иловаси тезтез ишламай олаётгани жуда чарчатди агар банк з карталарини боша тлов иловаларига улашни таилашда давом этса тез орада мижозларини йотади энг керакли ватда на тказма на тлов илиб бляпти бу картага ишониб олмасликни маслаат бераман маблаингиз амалиб олиши ва фаат банкоматга араб олишингиз мумкин ишончсиз хизмат,-1
Все устраивает. Нет проблем,5,uzum,все устраивает нет проблем,1
вы супер,5,uzum,вы супер,1
Очень много проблемы не советую!!!! Даже не получается обнавить приложение что за приложение даже я не могу зайти на свою личную кабинет из за обнавление я обратился к подежке даже Ани не смогли помочь мне с этим проблемом а на счёт телеграм UZUM BANK SUPPORT вообще слов нет не работает поддержка уже 7-10 дней из за этого не советую это предложение UZUM BANK!!!!,1,uzum,очень много проблемы не советую даже не получается обнавить приложение что за приложение даже я не могу зайти на свою личную кабинет из за обнавление я обратился к подежке даже ани не смогли помочь мне с этим проблемом а на счёт телеграм uzum bank support вообще слов нет не работает поддержка уже дней из за этого не советую это предложение uzum bank,-1
"Eng isqirt programma, yuklamelar, yuz skaneri boq ishledi",1,uzum,eng isqirt programma yuklamelar yuz skaneri boq ishledi,1
"Только вас похвалила и за пару месяцев всё изменилось. Конечно ваш маркетинговый ход сработал и все стали приобретать карты, сразу быстренько понизили кешбэк за поездки, теперь проезд по 800 вместо 650. Количество поездок с кешбэком было 50, стало 40. Переводы с карты uzum visa на сторонние карты, даже на свои, стали с процентами, хотя раньше без процентов переводила. Ставку по вкладу тоже понизили. Раньше была 24%, теперь 20,3%. Убрали добавление более двух карт на главную. Скатываетесь...",3,uzum,только вас похвалила и за пару месяцев всё изменилось конечно ваш маркетинговый ход сработал и все стали приобретать карты сразу быстренько понизили кешбэк за поездки теперь проезд по вместо количество поездок с кешбэком было стало переводы с карты uzum visa на сторонние карты даже на свои стали с процентами хотя раньше без процентов переводила ставку по вкладу тоже понизили раньше была теперь убрали добавление более двух карт на главную скатываетесь,-1
отличный и удобный,5,uzum,отличный и удобный,1
Не рекомендую никому. Возрастное ограничение по кредиту слишком низкое. 55 лет потолок. ЧТО это такое!?,1,uzum,не рекомендую никому возрастное ограничение по кредиту слишком низкое лет потолок что это такое,-1
После обновления вообще не загружается приложение,1,uzum,после обновления вообще не загружается приложение,-1
приложение шикарное но оплата в играх курс высокий (,5,uzum,приложение шикарное но оплата в играх курс высокий,1
3день подряд не могу даже зайти в приложение показывает ошибку сети думал ладно обращусь в поддержку но и она не доступна ни в телеграм ни в самом предложении ни в браузерах ничего не работает увы придется оставить 1звезду пока ничего не исправят а так сервис был хорошим:( спустя 5 суток так и не работает ничего ни приложение ни телеграм бот и никаких уведомлений ни предупреждений нет :(,1,uzum,день подряд не могу даже зайти в приложение показывает ошибку сети думал ладно обращусь в поддержку но и она не доступна ни в телеграм ни в самом предложении ни в браузерах ничего не работает увы придется оставить звезду пока ничего не исправят а так сервис был хорошим спустя суток так и не работает ничего ни приложение ни телеграм бот и никаких уведомлений ни предупреждений нет,-1
хорошо,5,uzum,хорошо,1
Узум банк энди кераксиз пул ўтказмаларида процент қирқадиган бўлди,1,uzum,узум банк энди кераксиз пул тказмаларида процент ирадиган блди,-1
Раньше переводы без комиссии было лучше,3,uzum,раньше переводы без комиссии было лучше,-1
супер,5,uzum,супер,1
жуда қулай,5,uzum,жуда улай,1
"Хорошее, удобное приложение, но при пролистывании товаров, в моменте все быстро возвращается в начало. Листаешь с таким интересом, а потом все резко возвращается наверх в начало и приходится опять листать до места, откуда смотрел и так несколько раз. летом был такой баг, потом исправили, а сейчас опять появился.",4,uzum,хорошее удобное приложение но при пролистывании товаров в моменте все быстро возвращается в начало листаешь с таким интересом а потом все резко возвращается наверх в начало и приходится опять листать до места откуда смотрел и так несколько раз летом был такой баг потом исправили а сейчас опять появился,1
Приложение вообще не работает микрозаймы не успеваю закрывать исправьте пожалуйста,1,uzum,приложение вообще не работает микрозаймы не успеваю закрывать исправьте пожалуйста,-1
raxmat,5,uzum,raxmat,1
обнавлениядан кейин иловага кира олмаяпман,1,uzum,обнавлениядан кейин иловага кира олмаяпман,-1
"отлично ,молодцы,спасибо за все...",5,uzum,отлично молодцыспасибо за все,1
"Было бы здорово, если бы появилась возможность оплачивать товары и услуги прямо со смартфона с помощью встроенного модуля NFC. Тогда не нужно было бы постоянно носить с собой карту «Узум».",5,uzum,было бы здорово если бы появилась возможность оплачивать товары и услуги прямо со смартфона с помощью встроенного модуля nfc тогда не нужно было бы постоянно носить с собой карту узум,-1
смски от перевода приходят с задержкой,3,uzum,смски от перевода приходят с задержкой,-1
лучший банк Узбекистана,5,uzum,лучший банк узбекистана,1
"Классное приложение, всегда всё на отлично 👍",5,uzum,классное приложение всегда всё на отлично,1
слишком мно просит обновить,1,uzum,слишком мно просит обновить,-1
zor,5,uzum,zor,1
👍,5,uzum,,1
"много багрв, от открытия после обновления, когда в приложение не заходит, и до такого что при желание сделать перевод сначала выдает табличку успешно, а потом пишет что деньги в обработке или ошибку что не прошли.",4,uzum,много багрв от открытия после обновления когда в приложение не заходит и до такого что при желание сделать перевод сначала выдает табличку успешно а потом пишет что деньги в обработке или ошибку что не прошли,-1
вообще невозможно востановит пароль при сканировка лица не работает очень очень сложно востановит пароль,1,uzum,вообще невозможно востановит пароль при сканировка лица не работает очень очень сложно востановит пароль,-1
zo'r,5,uzum,zor,1
почему висит уже три дня не могу зайти,1,uzum,почему висит уже три дня не могу зайти,-1
gap yuq,5,uzum,gap yuq,1
Отлично,5,uzum,отлично,1
ok,5,uzum,ok,1
"Приложение очень хорошее, но приложение перестало работать и очень сильно тормозит",2,uzum,приложение очень хорошее но приложение перестало работать и очень сильно тормозит,1
зор,5,uzum,зор,1
сделайте пожалуйста переводы на свои карты внутри приложения бесплатной,4,uzum,сделайте пожалуйста переводы на свои карты внутри приложения бесплатной,-1
gap yuq,5,uzum,gap yuq,1
"с 01.04.26 новые тарифы. пополнила карту узум, обратно перевести себе на другую карту 3600 сум от перевода 400 000 сум. За что? Все бонусы которые все получали, теперь будут списывать через комиссию.",1,uzum,с новые тарифы пополнила карту узум обратно перевести себе на другую карту сум от перевода сум за что все бонусы которые все получали теперь будут списывать через комиссию,-1
Зор,5,uzum,зор,1
👍,5,uzum,,1
Спасибо Узуму за предоставленные экономиче ские выгоды нашему народу!,5,uzum,спасибо узуму за предоставленные экономиче ские выгоды нашему народу,1
Гап йўқ,5,uzum,гап й,1
жудаям яхши доим керак махалда аскотябди ташкилотчиларга рахмат,5,uzum,жудаям яхши доим керак махалда аскотябди ташкилотчиларга рахмат,-1
zoʻr,5,uzum,zor,1
otlichno,5,uzum,otlichno,1
не работает вообще,1,uzum,не работает вообще,-1
Uzum bank 3 sutkadan beri ishlamayabti. kirib boʻlmayabti. toʻlovlarni qilib boʻlmayabti.,1,uzum,uzum bank sutkadan beri ishlamayabti kirib bolmayabti tolovlarni qilib bolmayabti,-1
Zor,5,uzum,zor,1
Узум банк легко удобно и проценты низкие ставлю +5 👍👍👍👍👍,5,uzum,узум банк легко удобно и проценты низкие ставлю,1
"работает очень корректно,все операции проводятся без сбоев, похвально!",5,uzum,работает очень корректновсе операции проводятся без сбоев похвально,1
Почему приложение не работает?,1,uzum,почему приложение не работает,-1
🔥,5,uzum,,1
узум маркет зор,5,uzum,узум маркет зор,1
Мне нравится,5,uzum,мне нравится,1
узум банк иловаси сал кийин ишлаши керакли вактида очилмайди. Лекин банк кридитимни бефоиз тулайди.,5,uzum,узум банк иловаси сал кийин ишлаши керакли вактида очилмайди лекин банк кридитимни бефоиз тулайди,-1
Провести оплату очень удобно,5,uzum,провести оплату очень удобно,1
супер,5,uzum,супер,1
"Постоянные сбои, невозможно зайти вообще",1,uzum,постоянные сбои невозможно зайти вообще,-1
"ишламеди, котади😰🤦‍♀️",1,uzum,ишламеди котади,1
рекомендую,5,uzum,рекомендую,1
yangilaniahdan keyin ishlamay qoldi,2,uzum,yangilaniahdan keyin ishlamay qoldi,-1
Огромное спасибо всем разработчикам и коллективу Uzum Bank!Очень доволен приложением!Советую всем.,5,uzum,огромное спасибо всем разработчикам и коллективу uzum bankочень доволен приложениемсоветую всем,1
perfect,5,uzum,perfect,1
"оч крутые вы,по крайней мере номер один пока, спасибо что вы есть,хоть могу брать покупки на большие суммы и платить частями",5,uzum,оч крутые выпо крайней мере номер один пока спасибо что вы естьхоть могу брать покупки на большие суммы и платить частями,1
Очень удобная карта,5,uzum,очень удобная карта,1
"Норм приложение,тут нет ежемесячных бесполезных обновлений без которых приложение тупо не работало бы,удобная,можно кэшбэки хорошие дают,можно привязать карты от других банков",5,uzum,норм приложениетут нет ежемесячных бесполезных обновлений без которых приложение тупо не работало быудобнаяможно кэшбэки хорошие даютможно привязать карты от других банков,1
Norm,5,uzum,norm,1
ok,5,uzum,ok,1
Super,5,uzum,super,1
zo'r,5,uzum,zor,1
ужасно,1,uzum,ужасно,-1
Judayam qulay,5,uzum,judayam qulay,1
zor,5,uzum,zor,1
бешеная комиссия 😭,1,uzum,бешеная комиссия,-1
"постоянно лагает, деньги часто не переводятся на карту. ты переводишь, а они исчезают куда то",2,uzum,постоянно лагает деньги часто не переводятся на карту ты переводишь а они исчезают куда то,-1
zor faqat uzum kartaga boshqa ilovaladan pul tashlay olmaysiz masalan paynet yoki click,5,uzum,zor faqat uzum kartaga boshqa ilovaladan pul tashlay olmaysiz masalan paynet yoki click,1
Очень удобная программа+без комиссии,5,uzum,очень удобная программабез комиссии,1
супер,5,uzum,супер,1
zor,5,uzum,zor,1
zòr,5,uzum,zr,1
👍,5,uzum,,1
супер,5,uzum,супер,1
вабще не работает,1,uzum,вабще не работает,-1
почему приложение не работает в офлайн режиме?,2,uzum,почему приложение не работает в офлайн режиме,-1
👍,5,uzum,,1
Лучшее что есть в Узб!!!,5,uzum,лучшее что есть в узб,1
zor,5,uzum,zor,1
zoʼr👍,5,uzum,zor,1
👍👍👍,5,uzum,,1
Добрый день работники банка.Я третий день не могу зайти посмотреть сколько денег?Вы видимо ставите ограничения когда не особо лестно пишут о Вашем банке?Вы пишите .что Ваша карта лояльности самая лучшая (что проезд по ней 650.а в действительности также как на всем транспорте 1.700 за чем вводить заблуждение.Вы видимо любите когда Вашему банку поют диферамбы диферамбы)но простите.а,1,uzum,добрый день работники банкая третий день не могу зайти посмотреть сколько денегвы видимо ставите ограничения когда не особо лестно пишут о вашем банкевы пишите что ваша карта лояльности самая лучшая что проезд по ней а в действительности также как на всем транспорте за чем вводить заблуждениевы видимо любите когда вашему банку поют диферамбы диферамбыно проститеа,-1
Zoʻr,5,uzum,zor,1
оперативно и надежно!спасибо!,5,uzum,оперативно и надежноспасибо,1
Отлично,5,uzum,отлично,1
хорошо,5,uzum,хорошо,1
"Juda ko'p yangilanish bo'layapti, deyarli har kirganimda yangilash so'rayapti. Yuqoridagi kommentariyalarni ko'rib, men Rossiyani ilovasidan foydalanayapmanmikin deb o'ylab qoldim.",3,uzum,juda kop yangilanish bolayapti deyarli har kirganimda yangilash sorayapti yuqoridagi kommentariyalarni korib men rossiyani ilovasidan foydalanayapmanmikin deb oylab qoldim,-1
отлично,5,uzum,отлично,1
Класс,5,uzum,класс,1
"все понятно и удобно, приложение работает хорошо)",5,uzum,все понятно и удобно приложение работает хорошо,1
👍👍👍👍,5,uzum,,1
Пока все норм.,5,uzum,пока все норм,1
суппер,5,uzum,суппер,1
зу́р,5,uzum,зур,1
ajoyib va g'aroyib. zo'r,5,uzum,ajoyib va garoyib zor,1
Manga juda yoqadi uzum bank silaga kottakon raxmat pul zarur bolganda har doim olaman. man uchun juda ham qulay,5,uzum,manga juda yoqadi uzum bank silaga kottakon raxmat pul zarur bolganda har doim olaman man uchun juda ham qulay,1
супер,5,uzum,супер,1
"у меня самсунг с 25 почему постоянно тормозит именно эта приложение? кеш очищаю, по несколько раз переустанавливаю, интернет хороший, но всё равно узум банк не хочет работать, не заходить, долго думать впускать меня внутрь или нет(((",3,uzum,у меня самсунг с почему постоянно тормозит именно эта приложение кеш очищаю по несколько раз переустанавливаю интернет хороший но всё равно узум банк не хочет работать не заходить долго думать впускать меня внутрь или нет,-1
Приложение удобный и простой,5,uzum,приложение удобный и простой,1
"не работает ваше приложение, и смс не приходит, полная шляпа",1,uzum,не работает ваше приложение и смс не приходит полная шляпа,-1
класно,5,uzum,класно,1
"Приложения хорошая. Понятная, удобная. Успехов в развитии!!!",4,uzum,приложения хорошая понятная удобная успехов в развитии,1
слишком медленно👎,1,uzum,слишком медленно,-1
здравствуйте. в данный момент не работает оплата мобильного оператора,4,uzum,здравствуйте в данный момент не работает оплата мобильного оператора,-1
zor,5,uzum,zor,1
просто огонь и супер удобно спасибо за карту,5,uzum,просто огонь и супер удобно спасибо за карту,1
Узум банк Зор,5,uzum,узум банк зор,1
очень удобная и быстрая предложения рекомендую всем,5,uzum,очень удобная и быстрая предложения рекомендую всем,1
super,5,uzum,super,1
👍,5,uzum,,1
👍👍👍👍,5,uzum,,1
хорошая приложения,5,uzum,хорошая приложения,1
zo'r,5,uzum,zor,1
Всё хорошо работает пока что,5,uzum,всё хорошо работает пока что,1
🥰,5,uzum,,1
ok,5,uzum,ok,1
good,5,uzum,good,1
👍👍👍,5,uzum,,1
"Uzumbank просим наладить службу поддержки. После обновления дизайн приложения очень испортили. Неудобно. Много рекламных продуктов и рассрочки. Зачем навязывать. разработчикам- добавьте функцию оповещения срока карты - в личном уведомлении за 10 дней например, что подходит срок карты. спасибо.",3,uzum,uzumbank просим наладить службу поддержки после обновления дизайн приложения очень испортили неудобно много рекламных продуктов и рассрочки зачем навязывать разработчикам добавьте функцию оповещения срока карты в личном уведомлении за дней например что подходит срок карты спасибо,-1
"программа не работает, не могу оплатить кредит, потом пишут, звонят, угрожают.",1,uzum,программа не работает не могу оплатить кредит потом пишут звонят угрожают,-1
Яхши,5,uzum,яхши,-1
👏,5,uzum,,1
zor qulay,5,uzum,zor qulay,1
zorrrrr tafsiya qilaman,5,uzum,zorrrrr tafsiya qilaman,1
взял деньги в рассрочку а теперь нужно оплатить а приложение не работает)))))))) что делать,1,uzum,взял деньги в рассрочку а теперь нужно оплатить а приложение не работает что делать,-1
рахмат,5,uzum,рахмат,1
yaxshi foyizlarsiz tez,5,uzum,yaxshi foyizlarsiz tez,1
"банкни узини картасидан перевод килса фоиз олмас эди хамма банкда шунака тартиб бор, масалан турон банк иловасидан перевод 1 кунга 5 милиионгача чегирма бор Узум банкда олдин фоиз олмас эди энг кизики микрозайм оляпман банкни хизмати учун хизмат хаккини оляпти, картадан картага ташлагандахам фоиз оляпти. пулга туясизларми?",1,uzum,банкни узини картасидан перевод килса фоиз олмас эди хамма банкда шунака тартиб бор масалан турон банк иловасидан перевод кунга милиионгача чегирма бор узум банкда олдин фоиз олмас эди энг кизики микрозайм оляпман банкни хизмати учун хизмат хаккини оляпти картадан картага ташлагандахам фоиз оляпти пулга туясизларми,-1
zo'r,5,uzum,zor,1
ajoyib,5,uzum,ajoyib,1
very nice,5,uzum,very nice,1
👍,5,uzum,,1
"Узум карта ишлатишга жуда к,улай. Имкониятлари куп. Узум карта, Хар доим узим билан хамрох. Узум банкка катта рахмат.",5,uzum,узум карта ишлатишга жуда кулай имкониятлари куп узум карта хар доим узим билан хамрох узум банкка катта рахмат,-1
Узум банкдан фойдаланиш жуда кулай,5,uzum,узум банкдан фойдаланиш жуда кулай,-1
👍👍👍👍,5,uzum,,1
Sifatsiz ishlarkan. ilovaga kirishni umuman imkoni bo'lmaydi.,1,uzum,sifatsiz ishlarkan ilovaga kirishni umuman imkoni bolmaydi,-1
zor keshbekni karraha qanaqa qilib otqazsa boladi,5,uzum,zor keshbekni karraha qanaqa qilib otqazsa boladi,1
лучший!,5,uzum,лучший,1
Ажойиб,5,uzum,ажойиб,1
удобно,5,uzum,удобно,1
супер,5,uzum,супер,1
"классное приложение, отличные банковские условия",5,uzum,классное приложение отличные банковские условия,1
Ассалому алайкум. Ман хар доим узум банк микро кридитларидан фойдаланардим. Лекин ёшимга қараб тақиқлаб қўйишди. Шу микро кридитларни 60 ёшгача қилсанглар зўр бўлар эди. Чунки роса фойдаси бор эди. Илтимос шу масалани кўриб чиқсангиз,5,uzum,ассалому алайкум ман хар доим узум банк микро кридитларидан фойдаланардим лекин ёшимга араб таилаб йишди шу микро кридитларни ёшгача илсанглар зр блар эди чунки роса фойдаси бор эди илтимос шу масалани криб чисангиз,-1
Уважаемые разработчики где вы учились программированию приложений? Почему у вас обновления получаются с каждым разом всё хуже и хуже. Почему людей заставляете обновить приложение? Почему я не могу пользоваться старой версией приложения? И с кем вы тестировали новую версию приложения? После обновления нельзя пополнить карту АТТО. Приложение в прямом и переносном смысле превращается в г...,1,uzum,уважаемые разработчики где вы учились программированию приложений почему у вас обновления получаются с каждым разом всё хуже и хуже почему людей заставляете обновить приложение почему я не могу пользоваться старой версией приложения и с кем вы тестировали новую версию приложения после обновления нельзя пополнить карту атто приложение в прямом и переносном смысле превращается в г,-1
отлично,5,uzum,отлично,1
"Втихаря начали снимать проценты за переводы. Хотя обещали, что бесплатно и навсегда. Опять обман.",1,uzum,втихаря начали снимать проценты за переводы хотя обещали что бесплатно и навсегда опять обман,-1
супер,5,uzum,супер,1
juda zor,5,uzum,juda zor,1
It's very good 👍,5,uzum,its very good,1
"спасибо разработчикам, очень хорошее приложение",5,uzum,спасибо разработчикам очень хорошее приложение,1
все хорошо работаете,5,uzum,все хорошо работаете,1
qulay ishonchli,5,uzum,qulay ishonchli,1
все норманла,5,uzum,все норманла,1
очень удобно,5,uzum,очень удобно,1
зор,5,uzum,зор,1
отлично работает,5,uzum,отлично работает,1
Manga yoqddi zòr.,5,uzum,manga yoqddi zr,1
"почему за перевод взимается комиссия за перевод денег, всегда было бесплатно",1,uzum,почему за перевод взимается комиссия за перевод денег всегда было бесплатно,-1
нормальная предложение,5,uzum,нормальная предложение,1
zor,5,uzum,zor,1
👍,5,uzum,,1
uzum bank zoʻr,5,uzum,uzum bank zor,1
🇺🇿👍,5,uzum,,1
зор гап юк ишлашига тавсия киламан,5,uzum,зор гап юк ишлашига тавсия киламан,1
Не работает после обновления,5,uzum,не работает после обновления,-1
отличное приложение 👍👍👍,5,uzum,отличное приложение,1
"отличное приложение, особенно удобно что нету никаких комиссий для карты капитал банка",5,uzum,отличное приложение особенно удобно что нету никаких комиссий для карты капитал банка,1
zoʻr,5,uzum,zor,1
5 млн фойдаланувчидан кейн пулни нақтлаштиришдаги лимитни 2 млнга тушуриб яхши қилмапсизлар,4,uzum,млн фойдаланувчидан кейн пулни натлаштиришдаги лимитни млнга тушуриб яхши илмапсизлар,-1
Zo'r,5,uzum,zor,1
Узум банк гап йук,5,uzum,узум банк гап йук,-1
Пользовалься приложение прилично долго. Все супер желаю такого роста всему Узум на постоянной основе. Есть предложение по улучшению. При просмотре банкоматов на карте невозможно передвигать карту в текущем масштабе. Было бы хорошо если можно двигать карту для просмота ближайших банкоматов в удобном мне формате(аналогично работает просмотр ПВЗ в Узум маркете). А также выводит информацию о наличии купюр в банкомате при банкомата в приложении. Всем добра.,5,uzum,пользовалься приложение прилично долго все супер желаю такого роста всему узум на постоянной основе есть предложение по улучшению при просмотре банкоматов на карте невозможно передвигать карту в текущем масштабе было бы хорошо если можно двигать карту для просмота ближайших банкоматов в удобном мне форматеаналогично работает просмотр пвз в узум маркете а также выводит информацию о наличии купюр в банкомате при банкомата в приложении всем добра,-1
uzum market nomer1,5,uzum,uzum market nomer,1
karta telegramdan savdo qilinganda yahshi ishlamedi,4,uzum,karta telegramdan savdo qilinganda yahshi ishlamedi,1
Menga xizmatlari yoqti,5,uzum,menga xizmatlari yoqti,1
Ребята спасибо Вам за вашу работу.,5,uzum,ребята спасибо вам за вашу работу,1
зор,5,uzum,зор,1
Super,5,uzum,super,1
очень удобный мобильный приложение проста супер,5,uzum,очень удобный мобильный приложение проста супер,1
👍👏,5,uzum,,1
очень классное и удобное,5,uzum,очень классное и удобное,1
очень удобно,5,uzum,очень удобно,1
"Увеличили количество оплат с карты для кэшбека по транспорту, сделали 10. Окей. Сделал 9 оплат на свой мобильный номер, 10-ая не проходит никак. На каком основании вы блокируете оплаты? Что не так?",1,uzum,увеличили количество оплат с карты для кэшбека по транспорту сделали окей сделал оплат на свой мобильный номер ая не проходит никак на каком основании вы блокируете оплаты что не так,-1
yaxshi,5,uzum,yaxshi,1
просто супер,5,uzum,просто супер,1
"Afzalliklari judayam koʻp, Uzum bank har doim birinchi!",5,uzum,afzalliklari judayam kop uzum bank har doim birinchi,1
Hammaga tavsiya qilaman vashe zor oson,5,uzum,hammaga tavsiya qilaman vashe zor oson,1
"Uzum bank опустился до смехотворных ограничений по выдаче микрокредитов! Теперь есть ограничения с 20 до 55 лет на получение микрозайма и ваша кредитная история никого не волнует, главное, чтобы возраст подходил. Сегодня 1 апреля и я подумала, что возможно это первоапрельская шутка. Но нет! Пенсионеров дискредитировали! Унизили! И вышвырнули из банковских микрозаймов. Смешно и низко по отношению к сознательным гражданам Узбекистана. Ни в одном банке Мира такого нет, как у нас. Очень печально.",1,uzum,uzum bank опустился до смехотворных ограничений по выдаче микрокредитов теперь есть ограничения с до лет на получение микрозайма и ваша кредитная история никого не волнует главное чтобы возраст подходил сегодня апреля и я подумала что возможно это первоапрельская шутка но нет пенсионеров дискредитировали унизили и вышвырнули из банковских микрозаймов смешно и низко по отношению к сознательным гражданам узбекистана ни в одном банке мира такого нет как у нас очень печально,-1
zo'r,5,uzum,zor,1
zor,5,uzum,zor,1
очень отличная приложения,5,uzum,очень отличная приложения,1
👍👍👍,5,uzum,,1
Kredit bersela bundanam yahshi bulardi,5,uzum,kredit bersela bundanam yahshi bulardi,1
man uzumdan xursandman har tomonlama. market👍🏻bank👍🏻nasiya savdosi👍🏻 narxlar esa hamyonbob. RAXMAT UZUM,5,uzum,man uzumdan xursandman har tomonlama marketbanknasiya savdosi narxlar esa hamyonbob raxmat uzum,1
Яхши раҳмат,5,uzum,яхши рамат,-1
зачем менять условия уже открытых вкладов??,1,uzum,зачем менять условия уже открытых вкладов,-1
сначала дали 25% сейчас 20% по-моему до конца срока должны были ждать потом изменить а так показывается как-то мошенничество,1,uzum,сначала дали сейчас помоему до конца срока должны были ждать потом изменить а так показывается както мошенничество,-1
"Удалите антивирус. Каждое банковское приложение ставит мне антивирус, в результате у меня куча ненужных антивирусов, которые лезут, куда не надо и сажают аккумулятор. И пытаются удалить мне приложения, которые я ставил не из play market, а с официальных сайтов. Ещё и встроенный в телефон антивирус есть + Google play защита. Пришлось даже отказаться от услуг одного банка, потому что он потребовал предоставить ему права Администратора на телефоне.",1,uzum,удалите антивирус каждое банковское приложение ставит мне антивирус в результате у меня куча ненужных антивирусов которые лезут куда не надо и сажают аккумулятор и пытаются удалить мне приложения которые я ставил не из play market а с официальных сайтов ещё и встроенный в телефон антивирус есть google play защита пришлось даже отказаться от услуг одного банка потому что он потребовал предоставить ему права администратора на телефоне,-1
aloo,5,uzum,aloo,1
"мне нравится uzum,и кешбек сразу на карту",5,uzum,мне нравится uzumи кешбек сразу на карту,1
узимга котта Рахмат,5,uzum,узимга котта рахмат,1
👍👍👍👍👍👍,5,uzum,,1
супер,5,uzum,супер,1
Дохлое приложение от слова совсем,1,uzum,дохлое приложение от слова совсем,1
самый лучший платформа!!!,5,uzum,самый лучший платформа,1
"Удалили с приложения карту моей мамы пенсионерки, я им обьяснял что она не умеет пользоваться приложением, но им наплевать. Поддержка на сообщения не отвечает, только боты пишут стандартные ответы",1,uzum,удалили с приложения карту моей мамы пенсионерки я им обьяснял что она не умеет пользоваться приложением но им наплевать поддержка на сообщения не отвечает только боты пишут стандартные ответы,-1
Нормально..,5,uzum,нормально,1
Вапше супер спасибо,5,uzum,вапше супер спасибо,1
кредит тулаган пайт фоиз қушиб оляпти,5,uzum,кредит тулаган пайт фоиз ушиб оляпти,1
"Пожалела, что связалась с этим банком и вкладом. Без согласия вкладчиков изменили процент вклада. После вывода средств на карту узум другие банковские приложения не видят эту карту",1,uzum,пожалела что связалась с этим банком и вкладом без согласия вкладчиков изменили процент вклада после вывода средств на карту узум другие банковские приложения не видят эту карту,-1
dasturnin uzi puldi yechib tushirib bermaskan uzum scam support uxlagan kòtarishmedi yozsezam javob berishmedi Aldanib qomela,1,uzum,dasturnin uzi puldi yechib tushirib bermaskan uzum scam support uxlagan ktarishmedi yozsezam javob berishmedi aldanib qomela,-1
👍👍👍👍👍,5,uzum,,1
zoʻr,5,uzum,zor,1
один минус. минусов нет.,5,uzum,один минус минусов нет,1
зур,5,uzum,зур,1
Отличное обслуживание и грамотные сотрудники,5,uzum,отличное обслуживание и грамотные сотрудники,1
"Как вы надоели со своими почти ежедневными обновами. Только в приложение зайдёшь, обновить просит. Проценты перевода с банка на банк, даже со своего в свой. Ужас... Куда мы катимся...",1,uzum,как вы надоели со своими почти ежедневными обновами только в приложение зайдёшь обновить просит проценты перевода с банка на банк даже со своего в свой ужас куда мы катимся,-1
Zoʻr Zoʻr,5,uzum,zor zor,1
очен удобна и бистра,5,uzum,очен удобна и бистра,1
pragrammaga kirmebti umuman ishlamebti,1,uzum,pragrammaga kirmebti umuman ishlamebti,-1
Zur bank yechmaskan kreditga,5,uzum,zur bank yechmaskan kreditga,1
juda zur ilova foizlarsizutkazmalar,5,uzum,juda zur ilova foizlarsizutkazmalar,1
обожаю это приложение,5,uzum,обожаю это приложение,1
очень удобно,5,uzum,очень удобно,1
круто,5,uzum,круто,1
"Гап йўқ, зўр ишламоқда",5,uzum,гап й зр ишламода,1
yaxshi,4,uzum,yaxshi,1
просто супер,5,uzum,просто супер,1
узум банк зу́р тавсия киламан хаммага,5,uzum,узум банк зур тавсия киламан хаммага,1
отлично,5,uzum,отлично,1
🔥👏,5,uzum,,1
zo'r,5,uzum,zor,1
Supper,5,uzum,supper,1
"ужасная поддержка, абсолютно бесполезная, как можно быть онлайн банком без отделений и при этом иметь настолько плохую поддержку. сотрудники поддержки даже банально не читают что им пишешь, а отвечают какую-то ересь.. сразу видно что во-первых они малейшего представления не имеют ни о чем, во-вторых им просто пофиг. они не хотят париться, не хотят чего-то делать. ужасно. неюзабельно.",1,uzum,ужасная поддержка абсолютно бесполезная как можно быть онлайн банком без отделений и при этом иметь настолько плохую поддержку сотрудники поддержки даже банально не читают что им пишешь а отвечают какуюто ересь сразу видно что вопервых они малейшего представления не имеют ни о чем вовторых им просто пофиг они не хотят париться не хотят чегото делать ужасно неюзабельно,-1
отлично 👍👍👍👍👍,5,uzum,отлично,1
zor,5,uzum,zor,1
Behazl eng yaxshi va zor ilova hammaga tavsiya beraman togrisini aytsam bundan zor kampaniyani Ozbekistonda bilmaganman va kormaganmanham,5,uzum,behazl eng yaxshi va zor ilova hammaga tavsiya beraman togrisini aytsam bundan zor kampaniyani ozbekistonda bilmaganman va kormaganmanham,1
Супер,5,uzum,супер,1
zor manga yoqti. taxmat uzum bankga,5,uzum,zor manga yoqti taxmat uzum bankga,1
bankomat har doim ham ishlamayabdi ayniqsa kerakli paytlarda,1,uzum,bankomat har doim ham ishlamayabdi ayniqsa kerakli paytlarda,-1
"Добрый день. После обновления перестал работать, не открывается. Поддержка в телеграм временно недоступна. в чат не могу зайти, потому что приложение не открывается.",1,uzum,добрый день после обновления перестал работать не открывается поддержка в телеграм временно недоступна в чат не могу зайти потому что приложение не открывается,-1
zurrr,5,uzum,zurrr,1
ok,5,uzum,ok,1
зор,5,uzum,зор,1
жуда зор,5,uzum,жуда зор,1
👍😉 хорошо спасибо большое,5,uzum,хорошо спасибо большое,1
"zo'r ekan dastur,bank",5,uzum,zor ekan dasturbank,1
qulay va oson.,5,uzum,qulay va oson,1
👍👍,5,uzum,,1
alo. отлично,5,uzum,alo отлично,1
judayam zor,5,uzum,judayam zor,1
я очень довольно спасибо Узум банк,5,uzum,я очень довольно спасибо узум банк,1
ok,5,uzum,ok,1
zor,5,uzum,zor,1
🔥🔥🔥🔥🔥,5,uzum,,1
СУПЕР,5,uzum,супер,1
judayam yahshi,5,uzum,judayam yahshi,1
зур омад,5,uzum,зур омад,1
Samarqand 18 domdagi topshirish punkti 2kundan beri ishlamayapti svet yuq ikan hamma da svet bor,1,uzum,samarqand domdagi topshirish punkti kundan beri ishlamayapti svet yuq ikan hamma da svet bor,-1
супер,5,uzum,супер,1
👍👍👍,5,uzum,,1
👍,5,uzum,,1
супер,5,uzum,супер,1
лайк,5,uzum,лайк,1
👍👍👍,5,uzum,,1
👍🏻,5,uzum,,1
Zo'r programma menga yoqdi uzum bank,5,uzum,zor programma menga yoqdi uzum bank,1
Juda qulay va zo'r,5,uzum,juda qulay va zor,1
juda qulay ishonchli tavsiya qilaman ☺☺☺,5,uzum,juda qulay ishonchli tavsiya qilaman,1
Zo'r,5,uzum,zor,1
"спасибо.Я всегда использую Узум банк ,бистро и удобно 👍",5,uzum,спасибоя всегда использую узум банк бистро и удобно,1
zor,5,uzum,zor,1
Отличное приложение,5,uzum,отличное приложение,1
"Ilova ochmay qotib qolaveradi birinchi oynada ""loading"" bòlib, обновить qisak umuman 3-4 kunlab ochmiy qoladi óchirib yana yuklamaguncha uje bu ikkinchi bor!",2,uzum,ilova ochmay qotib qolaveradi birinchi oynada loading blib обновить qisak umuman kunlab ochmiy qoladi chirib yana yuklamaguncha uje bu ikkinchi bor,-1
все очень хорошо очень комфортно,5,uzum,все очень хорошо очень комфортно,1
очень удобно,5,uzum,очень удобно,1
отлично,5,uzum,отлично,1
хаммаси Тез ва осон,5,uzum,хаммаси тез ва осон,-1
zór zór,5,uzum,zr zr,1
zoʻr,5,uzum,zor,1
очень выгодная приложения спасибо разработчикам.,5,uzum,очень выгодная приложения спасибо разработчикам,1
juda zur ilova,5,uzum,juda zur ilova,1
Uzum карта как по мне самая удобная и выгодная карта,5,uzum,uzum карта как по мне самая удобная и выгодная карта,-1
узум банк👍👍,5,uzum,узум банк,-1
good.,5,uzum,good,1
salomi.....,2,uzum,salomi,1
пока не было проблем с узум банком и другими их приложениями👍,5,uzum,пока не было проблем с узум банком и другими их приложениями,1
manga juda yoqadi yuda qulay bank,5,uzum,manga juda yoqadi yuda qulay bank,1
банк ка эрталабдан бери киралмаяпан нима учун ишламаяпти хисоб ракамимга пул утказишлари керей шунча харакат киляпан узум банк ишламаяпти нимага бунака тормоз буляпти,1,uzum,банк ка эрталабдан бери киралмаяпан нима учун ишламаяпти хисоб ракамимга пул утказишлари керей шунча харакат киляпан узум банк ишламаяпти нимага бунака тормоз буляпти,-1
Классно и удобно👍,5,uzum,классно и удобно,1
klasss,5,uzum,klasss,1
Bomayabdi otkazib,1,uzum,bomayabdi otkazib,1
почему сервис недоступен?,1,uzum,почему сервис недоступен,-1
"в последнее время тяжело зайти в банк, в чем причина? и как её устранить, уже удаляля приложение, заново скачивала, но всё равно не получается войти",1,uzum,в последнее время тяжело зайти в банк в чем причина и как её устранить уже удаляля приложение заново скачивала но всё равно не получается войти,-1
Почему то до сих пор не открывают функции открытия вклада и просмотра его деталей. Уже как около месяца так. Когда будет активная функция открытия вклада!?,5,uzum,почему то до сих пор не открывают функции открытия вклада и просмотра его деталей уже как около месяца так когда будет активная функция открытия вклада,-1
"Юзабилити на нуле, спасают только скидки ​Плюсы: Реальная выгода в Uzum Market и Tezkor. ​Минусы: ​История операций — мрак. Числа без пробелов (2502100), сидишь и считаешь нули: 100к там или миллион? Всё сплошным текстом без иконок категорий. ​Лишние действия. Бесит обязаловка указывать цель перевода при каждой транзакции. ​Уведомления. Нет нормальных пушей, зато приложение само лезет читать СМС-коды. ​Исправьте визуал, а то уровень «дешевый блокнот». 3 звезды только за экосистему.",3,uzum,юзабилити на нуле спасают только скидки плюсы реальная выгода в uzum market и tezkor минусы история операций мрак числа без пробелов сидишь и считаешь нули к там или миллион всё сплошным текстом без иконок категорий лишние действия бесит обязаловка указывать цель перевода при каждой транзакции уведомления нет нормальных пушей зато приложение само лезет читать смскоды исправьте визуал а то уровень дешевый блокнот звезды только за экосистему,-1
ЫПАСИБО ✅,5,uzum,ыпасибо,1
мониторинг не работает,1,uzum,мониторинг не работает,-1
QR сканер в метро не считывает QR код в приложении узум. С другого приложения сканирует.,1,uzum,qr сканер в метро не считывает qr код в приложении узум с другого приложения сканирует,-1
зур,5,uzum,зур,1
"Приложение норм, проблем нет. Но вот банкоматы, часто не работают, просто так возвращают карту. Почти всегда натыкаюсь на такие банкоматы",4,uzum,приложение норм проблем нет но вот банкоматы часто не работают просто так возвращают карту почти всегда натыкаюсь на такие банкоматы,-1
"что за мошенники, в начале открытия депозита была ставка 25%, когда все шло нормально вдруг изменили и понизили до 20%, без согласия своих клиентов, надо было для новых депозитов делать! никакого доверия к этому банку, меняет условия когда захочет",1,uzum,что за мошенники в начале открытия депозита была ставка когда все шло нормально вдруг изменили и понизили до без согласия своих клиентов надо было для новых депозитов делать никакого доверия к этому банку меняет условия когда захочет,-1
"Бесполезное приложение. Visa Gold, которая является чуть ли не самой распространённой картой, в приложение нельзя добавить (написали в поддержке). Platinum тоже, кстати, нельзя добавить.",1,uzum,бесполезное приложение visa gold которая является чуть ли не самой распространённой картой в приложение нельзя добавить написали в поддержке platinum тоже кстати нельзя добавить,-1
"Почему у вас такие бестолковые специалисты? Месяц не могут обьяснить за что бан на аке и разблокировать. Ссылаются, что в порядке очереди.",2,uzum,почему у вас такие бестолковые специалисты месяц не могут обьяснить за что бан на аке и разблокировать ссылаются что в порядке очереди,-1
27.03 2026 dagi yangilanishdan soʻng ilova ishlamay qoldi,5,uzum,dagi yangilanishdan song ilova ishlamay qoldi,-1
Ребята не скачайте эту программу они заморозят вашу карту и не будут разморозить операторы как боты умеют ответить только по шаблону и колл центр тоже я уже 20 дней не могу разблокировать карту,1,uzum,ребята не скачайте эту программу они заморозят вашу карту и не будут разморозить операторы как боты умеют ответить только по шаблону и колл центр тоже я уже дней не могу разблокировать карту,-1
Трудна чтота сказат ну прилажения крута,4,uzum,трудна чтота сказат ну прилажения крута,1
бу 3,4,uzum,бу,-1
zor,5,uzum,zor,1
"До этого месяца все было замечательно, сейчас то пишет ""Временно не доступен"", то карта перестала работать онлайн, хотя все переводы внутри приложения можно совершать. Ну и вишенка на торте, это когда за 10 дней до изменений, в условиях процента по депозиту, вам об этом сообщают. А при выводе средств лимит, свыше 100 миллионов 0.9% остаётся банку. Оставлю 4 звёзды, все таки до этого было приятно работать с Узумом.",4,uzum,до этого месяца все было замечательно сейчас то пишет временно не доступен то карта перестала работать онлайн хотя все переводы внутри приложения можно совершать ну и вишенка на торте это когда за дней до изменений в условиях процента по депозиту вам об этом сообщают а при выводе средств лимит свыше миллионов остаётся банку оставлю звёзды все таки до этого было приятно работать с узумом,-1
"не работает основные функции интернет банкинга: вклады, оплата услуг и тд и тп. но кредит в штатном режиме можно получить.... обращаться тех поддержку бесполезно, оператор скажет стандартную чушь по шаблону и все, а проблема не решается вот уже несколько недель. Подозрительно то есть выгода клиента им не важно, им нужны рабы системы.",1,uzum,не работает основные функции интернет банкинга вклады оплата услуг и тд и тп но кредит в штатном режиме можно получить обращаться тех поддержку бесполезно оператор скажет стандартную чушь по шаблону и все а проблема не решается вот уже несколько недель подозрительно то есть выгода клиента им не важно им нужны рабы системы,-1
Много раз бывает когда хочу зайти просто загружается и не заходит потом говорит что пока что не работает когда нужно не работает когда нужно работает,1,uzum,много раз бывает когда хочу зайти просто загружается и не заходит потом говорит что пока что не работает когда нужно не работает когда нужно работает,-1
Yaxshi,5,uzum,yaxshi,1
hardoim xam kirib bo'lmaydi,1,uzum,hardoim xam kirib bolmaydi,-1
"отличное приложение, всегда выручает",5,uzum,отличное приложение всегда выручает,1
Отличное приложение.Я довольна тем что большой процент кэшбэка возвращается немедленно в карту пользователя.Большое количество льготы для пользователей карты uzum bank а,5,uzum,отличное приложениея довольна тем что большой процент кэшбэка возвращается немедленно в карту пользователябольшое количество льготы для пользователей карты uzum bank а,1
класс,5,uzum,класс,1
umuman olganda yaxshi lekin kamchiliklar bor,3,uzum,umuman olganda yaxshi lekin kamchiliklar bor,1
"К самому приложению вопросов нет, но какая же некомпетентная служба поддержки, ни разу нормально не помогли, спрашиваешь одно, отвечают совсем другое",4,uzum,к самому приложению вопросов нет но какая же некомпетентная служба поддержки ни разу нормально не помогли спрашиваешь одно отвечают совсем другое,-1
не удается войти в приложение после загрузки,1,uzum,не удается войти в приложение после загрузки,-1
"приложение через раз работает, позвонил перевели на узум насию от туда перевели обратно. сами нечего не знают",1,uzum,приложение через раз работает позвонил перевели на узум насию от туда перевели обратно сами нечего не знают,-1
zo'r,5,uzum,zor,1
"Приложение не работает. СМС на номер телефона приходит, а дальше приложение совсем не открывается. Приложение не пригодное.",1,uzum,приложение не работает смс на номер телефона приходит а дальше приложение совсем не открывается приложение не пригодное,-1
супер,5,uzum,супер,1
"Rossiaga pul otqiziwni iloji yoq ekan boshqa davlatlar bor, rusnyam qoshib qoysa yaxwi bolardi",4,uzum,rossiaga pul otqiziwni iloji yoq ekan boshqa davlatlar bor rusnyam qoshib qoysa yaxwi bolardi,-1
"Повторно хотел взять кредит, но мне было отказано по причине достижения пенсионного возраста. В службе поддержки, ответили пенсионерам не даём, из-за случаев мошенничества. Говорю у меня хорошая кредитная история, есть лимит на 24 млн.сум. Куплено много товаров в рассрочку. Отвечает рассрочка это другое. Недобросовестная реклама о беспроцентных кредитах. На самом деле эти проценты взимаются через комиссию. И эти расходы превышают проценты в др банках. Куда смотрит Центрбанк? Сплошное беззаконие.",1,uzum,повторно хотел взять кредит но мне было отказано по причине достижения пенсионного возраста в службе поддержки ответили пенсионерам не даём изза случаев мошенничества говорю у меня хорошая кредитная история есть лимит на млнсум куплено много товаров в рассрочку отвечает рассрочка это другое недобросовестная реклама о беспроцентных кредитах на самом деле эти проценты взимаются через комиссию и эти расходы превышают проценты в др банках куда смотрит центрбанк сплошное беззаконие,-1
"Приложение хорошее и удобное,но сегодня вообще не работало и даже не запускалось.Вечб день говорит: Тайм-аут сокета и через пару зайти,прошу устранить баги или дать пояснение что делать",3,uzum,приложение хорошее и удобноено сегодня вообще не работало и даже не запускалосьвечб день говорит таймаут сокета и через пару зайтипрошу устранить баги или дать пояснение что делать,-1
почему узум банк часто не работает не понимаю,3,uzum,почему узум банк часто не работает не понимаю,-1
jovoxir,5,uzum,jovoxir,1
"Постоянно вылетает с приложения,внутреннее наполнение проникается долго,вне зависимости от скорости интернета,в самые неподходящие моменты может не заходить с надписью ""упс, что-то пошло не так"",а это основное приложение банка,какие ,мне платить нужно сейчас,а там упс не скажешь",1,uzum,постоянно вылетает с приложениявнутреннее наполнение проникается долговне зависимости от скорости интернетав самые неподходящие моменты может не заходить с надписью упс чтото пошло не така это основное приложение банкакакие мне платить нужно сейчаса там упс не скажешь,-1
Почему вечером не работает приложение? Не могу пользоваться когда надо😑😑😑,4,uzum,почему вечером не работает приложение не могу пользоваться когда надо,-1
Полный отстой. без причины списывают деньги за не существующий проезд.,1,uzum,полный отстой без причины списывают деньги за не существующий проезд,-1
Assalomu alekum,5,uzum,assalomu alekum,-1
👍,5,uzum,,1
💞,1,uzum,,1
хрен откроеш,3,uzum,хрен откроеш,1
Узум банк кулай ва ишончли банк сизлар га омад,5,uzum,узум банк кулай ва ишончли банк сизлар га омад,-1
"Не понимаю за что оценка у такого прекрасного банка 4.5 Узум на голову выше своих конкурентов, однозначное все 5.0 звёзд!",5,uzum,не понимаю за что оценка у такого прекрасного банка узум на голову выше своих конкурентов однозначное все звёзд,-1
Assalomu alaykum uzum bankamatiga pul tawaganmda kartamga tushmadi keyin ariza qoldrdm koʻrb chqlvotti arizez db etldi mana 1 oy 11 kun boʻldi hali pul tushgani yoʻq juda hafaman pul zarl boʻlgani uchun shoshirvotkandm lekn uzumdan koʻynm qoldi,1,uzum,assalomu alaykum uzum bankamatiga pul tawaganmda kartamga tushmadi keyin ariza qoldrdm korb chqlvotti arizez db etldi mana oy kun boldi hali pul tushgani yoq juda hafaman pul zarl bolgani uchun shoshirvotkandm lekn uzumdan koynm qoldi,-1
"После введения серии паспорта и далее при сканировании лица меня обратно закидывает в ввод серии паспорта и так бесконечно,я не могу зайти с другого телефона""Redmi Note 14"".Решите Пожалуйста решите эту проблему,не первый месяц мучаюсь.Вы мне надоели я никак не могу войти с нового телефона,писал в ваш бот,а нихера не работает просит зайти в ваше приложение,А Я НЕ МОГУ ЗАЙТИ В ВАШЕ ПРИЛОЖЕНИЕ ,а ошибка та же самая.Сколько времени прошло,а ошибку так и не исправили",1,uzum,после введения серии паспорта и далее при сканировании лица меня обратно закидывает в ввод серии паспорта и так бесконечноя не могу зайти с другого телефонаredmi note решите пожалуйста решите эту проблемуне первый месяц мучаюсьвы мне надоели я никак не могу войти с нового телефонаписал в ваш бота нихера не работает просит зайти в ваше приложениеа я не могу зайти в ваше приложение а ошибка та же самаясколько времени прошлоа ошибку так и не исправили,-1
"не работает ничего, операторлар ишламайди умиман",1,uzum,не работает ничего операторлар ишламайди умиман,-1
Dasturlash tomonidan zo'r yaratilgan. Ammo narsalar olgandim sifatsiz keldi nechi marta. Tovarlarni ham yaxshilab qarashingiz kerak.,1,uzum,dasturlash tomonidan zor yaratilgan ammo narsalar olgandim sifatsiz keldi nechi marta tovarlarni ham yaxshilab qarashingiz kerak,1
Снимает деньги автоматически с чужих карт добавленные в приложение. Так нельзя.,1,uzum,снимает деньги автоматически с чужих карт добавленные в приложение так нельзя,-1
👍,5,uzum,,1
спасибо вам большое,5,uzum,спасибо вам большое,1
дайте возможность оплатить через NFC телефона,5,uzum,дайте возможность оплатить через nfc телефона,-1
"WIUT admission requires the payment only from Uzumbank and Infinbank, but both apps are just trolling me. Consistent errors, no exact guideline to correct them.",1,uzum,wiut admission requires the payment only from uzumbank and infinbank but both apps are just trolling me consistent errors no exact guideline to correct them,-1
"сервис не помогает,а после обновления и вообще невозможно использовать",1,uzum,сервис не помогаета после обновления и вообще невозможно использовать,-1
"пока всё отлично, спасибо Узум банк, 👍.",5,uzum,пока всё отлично спасибо узум банк,1
якшы емас отказмаларда код кемайди ва узум картасига пул хам отказолмайсан узум картани олишни маслахат бермастим,1,uzum,якшы емас отказмаларда код кемайди ва узум картасига пул хам отказолмайсан узум картани олишни маслахат бермастим,-1
"энг зур банк, осон ва кулай",5,uzum,энг зур банк осон ва кулай,-1
ohirgi vaqtlar õz õzidan ishlamay qolyapti,1,uzum,ohirgi vaqtlar z zidan ishlamay qolyapti,-1
проблема не решена👎,1,uzum,проблема не решена,-1
"хорошее предложение, но после последнего обновления стало неудобно, не показывает баланс карты. а так пользуюсь только им🫰",4,uzum,хорошее предложение но после последнего обновления стало неудобно не показывает баланс карты а так пользуюсь только им,-1
программа блокирует обсалютно все действия поддерка вообще без полезна,1,uzum,программа блокирует обсалютно все действия поддерка вообще без полезна,-1
nimagadir ishlamayapdi,5,uzum,nimagadir ishlamayapdi,-1
qachon qarama ilovaga kirmaydi aylanib turavuradi udalit qilaman kerakli payt ishlamaydi umuman,1,uzum,qachon qarama ilovaga kirmaydi aylanib turavuradi udalit qilaman kerakli payt ishlamaydi umuman,-1
"дебильные приложение. после очередных безуспешных попыток войти, приходится сносить и устанавливать заново и в очередной раз прозводить ферификацию через сканирование лица, которое не проходит....",1,uzum,дебильные приложение после очередных безуспешных попыток войти приходится сносить и устанавливать заново и в очередной раз прозводить ферификацию через сканирование лица которое не проходит,-1
"упс, что-то пошло не так. не можем определить жизненость вашего банка, попробуйте позже 😅😅😅😅😅😅😅😅😅",1,uzum,упс чтото пошло не так не можем определить жизненость вашего банка попробуйте позже,-1
zor,5,uzum,zor,1
zoʻr,5,uzum,zor,1
"Уже как 2 дня не могу зайти в приложение, всё время обновляется и пишет что ошибка, повторить через некоторое время. Но всё равно нет никаких изменений, почему так?",1,uzum,уже как дня не могу зайти в приложение всё время обновляется и пишет что ошибка повторить через некоторое время но всё равно нет никаких изменений почему так,-1
чоткиии,5,uzum,чоткиии,1
не могу открыть приложение Uzum банк я заказал карту вы написали через два дня я хотел получить карту но мне сказали прийти через месяц но карта уже в пункте выдачи и они мне так сказали,1,uzum,не могу открыть приложение uzum банк я заказал карту вы написали через два дня я хотел получить карту но мне сказали прийти через месяц но карта уже в пункте выдачи и они мне так сказали,-1
wi fi bilan ishlamayapti ekan,5,uzum,wi fi bilan ishlamayapti ekan,-1
"УЖАСНО! заморозили карту с деньгами, уже неделю жду ответа, но его нет. "" уважаемый клиент, ваша заявка на рассмотрении"" - это все что они говорят. не знаю сколько еще ждать придется. ни каких номеров больше нет, кроме тех пождержки и чат бота. в любом банке можно подать жалобу управляющему, а здесь только тех поддержка, которая ничего не решает. буду прощаться с этим банком, после разморозки карты",1,uzum,ужасно заморозили карту с деньгами уже неделю жду ответа но его нет уважаемый клиент ваша заявка на рассмотрении это все что они говорят не знаю сколько еще ждать придется ни каких номеров больше нет кроме тех пождержки и чат бота в любом банке можно подать жалобу управляющему а здесь только тех поддержка которая ничего не решает буду прощаться с этим банком после разморозки карты,-1
как не зайду пишет что приложение не доступно. почему так часто приложение недоступно?,1,uzum,как не зайду пишет что приложение не доступно почему так часто приложение недоступно,-1
последнее время очень тупит. Раньше работал на все сто % а сейчас очень трудно войти в приложению. Вам самим это незаметно?,1,uzum,последнее время очень тупит раньше работал на все сто а сейчас очень трудно войти в приложению вам самим это незаметно,-1
"sotuv punkitida ishchilar samimiymas,bron marta togri ishlamaydi har faqat nosozlik nosozlik nma bulgan tushintirmaydi",1,uzum,sotuv punkitida ishchilar samimiymasbron marta togri ishlamaydi har faqat nosozlik nosozlik nma bulgan tushintirmaydi,-1
зор,3,uzum,зор,1
"приложение совсем не стабильное, постоянно с ним проблемы, элементарно просто открыть невозможно, тормознутое.",1,uzum,приложение совсем не стабильное постоянно с ним проблемы элементарно просто открыть невозможно тормознутое,-1
"почему-то не могу перевести деньги в Казахстан,выдает ошибку",4,uzum,почемуто не могу перевести деньги в казахстанвыдает ошибку,-1
"за год пользования приложением так и не появилась возможность получить чек спустя некоторое время после перевода Р2Р. где взять чек, подтверждающий имя получателя, отправителя, номер карты? очень странно",1,uzum,за год пользования приложением так и не появилась возможность получить чек спустя некоторое время после перевода рр где взять чек подтверждающий имя получателя отправителя номер карты очень странно,-1
"очень нравится, что бесплатно показывает движения по карте",5,uzum,очень нравится что бесплатно показывает движения по карте,1
tufta,1,uzum,tufta,1
Не могу пополнять карту ATTO.,3,uzum,не могу пополнять карту atto,-1
1. Экран карт не читаемый. Нужно как в Click 2. При переводе с Uzcard или Humo на Visa Uzum не хватает кнопки магнит чтобы автоматически взяла всю сумму с учётом комиссии,3,uzum,экран карт не читаемый нужно как в click при переводе с uzcard или humo на visa uzum не хватает кнопки магнит чтобы автоматически взяла всю сумму с учётом комиссии,-1
"Претензия лишь одна. Я на Uzum c 2022 года. За это время очень много мной было куплено у Uzum товаров различного назначения, включая товары из Китая. Но вот захотел приобрести смартфон за 4 миллионов.сум и убедился что мой Uzum мне не доверяет. Из-за моего возраста (мне в последний день февраля исполнилось 78 лет) и нет ни какой возможности взять микрокредит, или купить товар в рассрочку, хотя пенсия позволяет покрыть его даже за 3 месяца. Это оскорбительно до глубины души. Владимир.",5,uzum,претензия лишь одна я на uzum c года за это время очень много мной было куплено у uzum товаров различного назначения включая товары из китая но вот захотел приобрести смартфон за миллионовсум и убедился что мой uzum мне не доверяет изза моего возраста мне в последний день февраля исполнилось лет и нет ни какой возможности взять микрокредит или купить товар в рассрочку хотя пенсия позволяет покрыть его даже за месяца это оскорбительно до глубины души владимир,-1
не работает бесконечная загрузка при входе,1,uzum,не работает бесконечная загрузка при входе,-1
яхшии,5,uzum,яхшии,1
Мошенники!!!!! Я пол месяца жду возврата из-за того что их банкомат не вернул мои деньги когда я хотела пополнить баланс своей картой,1,uzum,мошенники я пол месяца жду возврата изза того что их банкомат не вернул мои деньги когда я хотела пополнить баланс своей картой,-1
"уберите цель перевода,ужасно бесит",2,uzum,уберите цель переводаужасно бесит,-1
Juda qulay va zo‘r aʼlo darajada,5,uzum,juda qulay va zor alo darajada,1
"у меня не открывается, очень жаль я должна была заплатить кредит.",1,uzum,у меня не открывается очень жаль я должна была заплатить кредит,-1
zur gap yuq,5,uzum,zur gap yuq,1
"Главный недостаток- плохая поддержка и отсутствия физического отделения банка, где бы реально могли помочь с проблемами. Сменил номер телефона, теперь по новому номеру не видно мою карту, по телефону говорят одно, в чате другое, в итоге никто проблему не решил. Поддержка просто может перестать отвечать, происходит перекидывание на другого оператора, и так несколько раз. Не рекомендую.",1,uzum,главный недостаток плохая поддержка и отсутствия физического отделения банка где бы реально могли помочь с проблемами сменил номер телефона теперь по новому номеру не видно мою карту по телефону говорят одно в чате другое в итоге никто проблему не решил поддержка просто может перестать отвечать происходит перекидывание на другого оператора и так несколько раз не рекомендую,-1
"здравствуйте, какой раз пытаюсь,но не могу зайти в приложение Узум банк,в чём дело,с оператором разговаривала,ну ничего не меняется, пин-код набираю но не открывается,в чём проблема?",1,uzum,здравствуйте какой раз пытаюсьно не могу зайти в приложение узум банкв чём делос оператором разговаривалану ничего не меняется пинкод набираю но не открываетсяв чём проблема,-1
Зўр комисиясиз пул ўткиздим,5,uzum,зр комисиясиз пул ткиздим,-1
super,5,uzum,super,1
Илова узум банк умуман ишламаябди кириб булмаябди 1 ойдан буён шунака муаммо тугирлаб куйинглар илтимос.,2,uzum,илова узум банк умуман ишламаябди кириб булмаябди ойдан буён шунака муаммо тугирлаб куйинглар илтимос,-1
"что магазин, что банк. НЕ РЕКОМЕНДУЮ. Работают отвратительно, подсовывают бракованный товар, за копейки удавяться готовы, ещё умудряются врать на иностранные магазины. никакого уважения особенно к инвалидам. из-за этих пакостников ещё и тэму закрыли, слава богам хоть другие работают. тут брать ничего не советую. а если захотите взять деньги, то и это только на один месяц. берёшь 500к, отдаёшь чуть ли не миллион. крохоборы. и их ещё и покрывают все инстанции.",1,uzum,что магазин что банк не рекомендую работают отвратительно подсовывают бракованный товар за копейки удавяться готовы ещё умудряются врать на иностранные магазины никакого уважения особенно к инвалидам изза этих пакостников ещё и тэму закрыли слава богам хоть другие работают тут брать ничего не советую а если захотите взять деньги то и это только на один месяц берёшь к отдаёшь чуть ли не миллион крохоборы и их ещё и покрывают все инстанции,-1
"Assalamu alaykum, nega 3-4 kundan beri ilvaga kirib bo‘lmayapti? Visa karta oldim, baloga qoldim. Oldin bunday emas edi....",2,uzum,assalamu alaykum nega kundan beri ilvaga kirib bolmayapti visa karta oldim baloga qoldim oldin bunday emas edi,-1
почему предложение хорошо не работает когда надо не открывается предложение на звездочку даже не тянет,2,uzum,почему предложение хорошо не работает когда надо не открывается предложение на звездочку даже не тянет,-1
узум банк умуман ишламайди заказ оплат йук обновление пастаяно,1,uzum,узум банк умуман ишламайди заказ оплат йук обновление пастаяно,-1
у меня не работает ваше приложение,1,uzum,у меня не работает ваше приложение,-1
"Assalomu Alaykum nima bu ahvol, yangi telefon raqamimni ulab olmoqchidim ulolmadim operatarga telefon qildim, bittasi aytdi ilovadan chiqib ketishni bosing dedi uni qildim ulanmadi va keyin bu kunisiga telefon qildim ilovani oʻchirib 12 soatdan keyin qayta yuklab urinib koʻring dedi 24 soatdan keyin qildim uyam boʻlmadi bu kunisiga yana telefon qildim oʻzlari urinib koʻrdi uyam boʻlmadi endi oʻshanda men qachonki bankga borsam borsam ishlatolamanmi kartamni umuman tushunarsiz",1,uzum,assalomu alaykum nima bu ahvol yangi telefon raqamimni ulab olmoqchidim ulolmadim operatarga telefon qildim bittasi aytdi ilovadan chiqib ketishni bosing dedi uni qildim ulanmadi va keyin bu kunisiga telefon qildim ilovani ochirib soatdan keyin qayta yuklab urinib koring dedi soatdan keyin qildim uyam bolmadi bu kunisiga yana telefon qildim ozlari urinib kordi uyam bolmadi endi oshanda men qachonki bankga borsam borsam ishlatolamanmi kartamni umuman tushunarsiz,-1
хаммаси яхши,5,uzum,хаммаси яхши,-1
"Узум банк иловасига кириб булмаяпти 2 кундан бери , бошкатдан урнатиб хам курдим, нима килиш керак?",4,uzum,узум банк иловасига кириб булмаяпти кундан бери бошкатдан урнатиб хам курдим нима килиш керак,-1
"Раньше хорошо работало, сейчас перестала работать техподдержка в телеграм, бот не отвечает, в Фейсбук отвечают в личку без возможности им ответить, то есть тоже скрывают, что не отвечают, само приложение несколько дней постоянно тормозхило и не работало, требуя обновления, а после обновления обнулялось и опять не работало, комиссия за перевод неоправданно высокая по сравнению с другими банками, по вкладу проценты резко снизили без уведомления клиента,движение по картам не отражается Очень плохо!",1,uzum,раньше хорошо работало сейчас перестала работать техподдержка в телеграм бот не отвечает в фейсбук отвечают в личку без возможности им ответить то есть тоже скрывают что не отвечают само приложение несколько дней постоянно тормозхило и не работало требуя обновления а после обновления обнулялось и опять не работало комиссия за перевод неоправданно высокая по сравнению с другими банками по вкладу проценты резко снизили без уведомления клиентадвижение по картам не отражается очень плохо,-1
Tezligi yahshi,5,uzum,tezligi yahshi,1
judayam yaxshi programma,5,uzum,judayam yaxshi programma,1
отлично,5,uzum,отлично,1
зор гап йук ишларизга омад бунданда янги функсяларни кутиб коламиз пабжи мабайлгаям кушсаизлар талаб катта шу уйингаям,5,uzum,зор гап йук ишларизга омад бунданда янги функсяларни кутиб коламиз пабжи мабайлгаям кушсаизлар талаб катта шу уйингаям,-1
"У вас не работает сканер лица. Я забыл код и хотел его поменять, но приложение просит пройти сканирование лица, а оно не работает. Из-за этого я не могу войти в свой банковский счёт. Мне нужно было срочно зайти. Пожалуйста, исправьте эту проблему или подскажите, как можно войти без сканера лица. операторы тоже не отвечают",1,uzum,у вас не работает сканер лица я забыл код и хотел его поменять но приложение просит пройти сканирование лица а оно не работает изза этого я не могу войти в свой банковский счёт мне нужно было срочно зайти пожалуйста исправьте эту проблему или подскажите как можно войти без сканера лица операторы тоже не отвечают,-1
отлично,5,uzum,отлично,1
"Что стало с вашим приложением, непонятно. Очень часто в него просто невозможно зайти, после некоторого времени ожидани выходит сообщение ""Вход временно недоступен. Пожалуйста, попробуйте чуть позже"". И так может продолжаться от нескольких минут до нескольких часов! Что происходит, объясните пожалуйста?!",1,uzum,что стало с вашим приложением непонятно очень часто в него просто невозможно зайти после некоторого времени ожидани выходит сообщение вход временно недоступен пожалуйста попробуйте чуть позже и так может продолжаться от нескольких минут до нескольких часов что происходит объясните пожалуйста,-1
zor,5,uzum,zor,1
Zo‘r zo‘r,5,uzum,zor zor,1
"Самый выгодный вклад в узуме.Транспорт по карточке почти бесплатный,снятие наличных и переводы без процентов.Сказка!!!Только глючит иногда.",5,uzum,самый выгодный вклад в узуметранспорт по карточке почти бесплатныйснятие наличных и переводы без процентовсказкатолько глючит иногда,-1
супер,5,uzum,супер,1
👏🏻👏🏻,5,uzum,,1
"minus qoyardimu afsus, men bugun limitdan 2 mln som olib dostimni kartasiga tashlagandim karta raqamini yozib pul otkazish paytida kommisiya 0.0 so'm deyilgan edi keyin qarasam yashirincha 5% otkazma uchun kommisiya yechib qolingan ekan shu bilan men 1.9 mln pulni 2.1 mln qilib tolashim kerak ekan, buni chinakkam og'irlik desaham boladi hechqanday ogohlantirishlarsiz oldov yoli bilan pul yechib olishdi, shuni tolasam bu mosheniklarni ilovasini qaytib foydalanmaslikga qasam ichaman",1,uzum,minus qoyardimu afsus men bugun limitdan mln som olib dostimni kartasiga tashlagandim karta raqamini yozib pul otkazish paytida kommisiya som deyilgan edi keyin qarasam yashirincha otkazma uchun kommisiya yechib qolingan ekan shu bilan men mln pulni mln qilib tolashim kerak ekan buni chinakkam ogirlik desaham boladi hechqanday ogohlantirishlarsiz oldov yoli bilan pul yechib olishdi shuni tolasam bu mosheniklarni ilovasini qaytib foydalanmaslikga qasam ichaman,-1
Невозможно зайти в приложение хотел оплатить на узум маркет оно неоткрывается как можно вернут деньги,1,uzum,невозможно зайти в приложение хотел оплатить на узум маркет оно неоткрывается как можно вернут деньги,-1
"Что происходит, почему уже 3 дня приложение недоступно?????? Почему ничего не можете сделать нормально, тем более, что это финансовое приложение..........",1,uzum,что происходит почему уже дня приложение недоступно почему ничего не можете сделать нормально тем более что это финансовое приложение,-1
"после обновления приложения не открывается, в нужный момент это подводит",1,uzum,после обновления приложения не открывается в нужный момент это подводит,-1
Nimaga endi o'tkazma maqsadini yozishim kk har safar,2,uzum,nimaga endi otkazma maqsadini yozishim kk har safar,-1
zor,5,uzum,zor,1
"очень плохое приложение. карта узума очень продвигали, решил открыть, в какой то момент через некоторое время меня просто выкинуло с приложения, зашел снова через тот же номер телефона, почему-то снова просит открыть карту без возможности скипа. снова заполнил форму и зашел, вот я удивился увидев при заходе что моей ранее открытой карты нет. попросил удалить аккаунт, нужно присылать паспорт, фото вместе с паспортом, что же вы там не добавите такую же форму как при оформлении карты. шлак",1,uzum,очень плохое приложение карта узума очень продвигали решил открыть в какой то момент через некоторое время меня просто выкинуло с приложения зашел снова через тот же номер телефона почемуто снова просит открыть карту без возможности скипа снова заполнил форму и зашел вот я удивился увидев при заходе что моей ранее открытой карты нет попросил удалить аккаунт нужно присылать паспорт фото вместе с паспортом что же вы там не добавите такую же форму как при оформлении карты шлак,-1
"Сегодня уже 13.03.2026. не решили вопрос тупо с приложением. хорошо что я ничего не покупал у них. отстойное приложение так же как и операторы. Приложение отстой, операторы некомпетентны и вообще не могут ничего решить, тупо заблокируют если не понравится ваш вопрос. не советую тем кто ценит свое время.",1,uzum,сегодня уже не решили вопрос тупо с приложением хорошо что я ничего не покупал у них отстойное приложение так же как и операторы приложение отстой операторы некомпетентны и вообще не могут ничего решить тупо заблокируют если не понравится ваш вопрос не советую тем кто ценит свое время,-1
Микрокарз олиш жуда кийинлашиб кетган ва операторлар вактида жавоб бермайди,2,uzum,микрокарз олиш жуда кийинлашиб кетган ва операторлар вактида жавоб бермайди,-1
"Не отправляет перевод денег, пишет операция не успешная.",1,uzum,не отправляет перевод денег пишет операция не успешная,-1
o'tkazmadan maqsadni yo ixtiyoriy qilib erkib belgilanadigan qilish yo yo'qotish kerak. hech bo'lmaganda boshqa degan bo'limi bo'lishi kerak,1,uzum,otkazmadan maqsadni yo ixtiyoriy qilib erkib belgilanadigan qilish yo yoqotish kerak hech bolmaganda boshqa degan bolimi bolishi kerak,-1
qulay no tomoni pul tashlashda komissiya oladi.,5,uzum,qulay no tomoni pul tashlashda komissiya oladi,1
"Банк списывает деньги два раза за покупку, при обращении за разъяснениями просит предоставить чек и т.д. и потом молчит, пишут мы расстоим через 30 дней. И тихо возвращает через 70 дней. Также списывает деньги за операции,которых нет и по которым нет подтверждающих документов, т.е. списание есть,но они не могут объяснить его и прислать хоть какой-то документ,где оно отображено. Лучше держать деньги в другом банке. upd решил дать шанс банку... в новой версии ничего не изменилось, одна звезда",1,uzum,банк списывает деньги два раза за покупку при обращении за разъяснениями просит предоставить чек и тд и потом молчит пишут мы расстоим через дней и тихо возвращает через дней также списывает деньги за операциикоторых нет и по которым нет подтверждающих документов те списание естьно они не могут объяснить его и прислать хоть какойто документгде оно отображено лучше держать деньги в другом банке upd решил дать шанс банку в новой версии ничего не изменилось одна звезда,-1
почему приложение не открывается??? вход временно не доступен,1,uzum,почему приложение не открывается вход временно не доступен,-1
foyizlari juda kop,1,uzum,foyizlari juda kop,1
почему через wifi не работает но по мобильном сети работает,4,uzum,почему через wifi не работает но по мобильном сети работает,-1
"последнее время слишком много тормозит, не работает приложение. в чём проблема? разработчики..",3,uzum,последнее время слишком много тормозит не работает приложение в чём проблема разработчики,-1
zor,5,uzum,zor,1
не могу войти в свой аккаунт забыла пароль хотела восстановить не могу поддержка не отвечает. На самом деле ваш приложение не работало и ч удалила его и снова устанавла теперь на могу войти.,1,uzum,не могу войти в свой аккаунт забыла пароль хотела восстановить не могу поддержка не отвечает на самом деле ваш приложение не работало и ч удалила его и снова устанавла теперь на могу войти,-1
"Почему я не могу войти в приложение,когда пытаюсь, просит обновление, но после обновления, долго грузит но не входит?",2,uzum,почему я не могу войти в приложениекогда пытаюсь просит обновление но после обновления долго грузит но не входит,-1
"Здравствуйте,я заново решила войти,но у меня не получается.Лицо не сфоткать,пишит ошибка.Все делаю по правилам снова и снова,но пишет ошибка.Что делать? Подскажите.",5,uzum,здравствуйтея заново решила войтино у меня не получаетсялицо не сфоткатьпишит ошибкавсе делаю по правилам снова и сновано пишет ошибкачто делать подскажите,-1
Очень хороший банк. Спасибо сотрудникам за такие услуги,5,uzum,очень хороший банк спасибо сотрудникам за такие услуги,1
Umiman keraksiz ilova bir tinga qimmat.,1,uzum,umiman keraksiz ilova bir tinga qimmat,-1
very good app,5,uzum,very good app,1
zor,5,uzum,zor,1
"Ужасное приложение. Очень редко открывается. Пытаясь оплатить заказаные товары картой Uzum, переходя в Uzum Bank, невозможно оплатить заказ, так как приложение не открывается. При этом товары, которые пытаешься оплатить, из Корзинки пропадают.",1,uzum,ужасное приложение очень редко открывается пытаясь оплатить заказаные товары картой uzum переходя в uzum bank невозможно оплатить заказ так как приложение не открывается при этом товары которые пытаешься оплатить из корзинки пропадают,-1
Приложения не работает,1,uzum,приложения не работает,-1
"все хорошо работало но почему то со вчерашнего дня я не могу войти в приложение, что случилось? помогите, он не работает, попвталась войти в другом телефоне тоже не работает приложение",5,uzum,все хорошо работало но почему то со вчерашнего дня я не могу войти в приложение что случилось помогите он не работает попвталась войти в другом телефоне тоже не работает приложение,-1
"Тупое, корявое приложение. Начиная с интерфейса, заканчивая функционала. Захотел поменя аккаунт на новый номер телефона, седьмые сутки не могу пройти идентификацию. В поддержке обещают каждый день решить проблему. У меня день остались на карте Uzum, снять или перевести невозможно. Если не хотите головной боли и потерять свои деньги - не пользуйтесь!",1,uzum,тупое корявое приложение начиная с интерфейса заканчивая функционала захотел поменя аккаунт на новый номер телефона седьмые сутки не могу пройти идентификацию в поддержке обещают каждый день решить проблему у меня день остались на карте uzum снять или перевести невозможно если не хотите головной боли и потерять свои деньги не пользуйтесь,-1
50 раз питаюсь просто виртуальный карту открывать но к сожалению не могу просто приложение очень даже не удобно,1,uzum,раз питаюсь просто виртуальный карту открывать но к сожалению не могу просто приложение очень даже не удобно,-1
не работает,5,uzum,не работает,-1
зор,5,uzum,зор,1
"Удерживают деньги и игнорируют в чате! Текст: Худший сервис. 9 марта из-за их ошибки списали 35 990 сумов, заявка №8837557. Технический сбой признали, но деньги не возвращают вторые сутки. Поддержка (Самандар, Алижон и др.) просто кормит обещаниями «подождать» и закрывает диалоги. Если вам дороги ваши нервы и деньги — обходите этот банк стороной. Подаю жалобу в ЦБ и Агентство по защите прав потребителей.",1,uzum,удерживают деньги и игнорируют в чате текст худший сервис марта изза их ошибки списали сумов заявка технический сбой признали но деньги не возвращают вторые сутки поддержка самандар алижон и др просто кормит обещаниями подождать и закрывает диалоги если вам дороги ваши нервы и деньги обходите этот банк стороной подаю жалобу в цб и агентство по защите прав потребителей,-1
"Приложение не дает зайти пишет - Превышено количество обращений пишите в поддержку. Поддержка зачем то просит паспортные данные 2 дня прошло игнорируют, для какой цели мой номер было ограничивать. Или вам плевать на клиентов или что. И даже тут вечно отвечают скриптами обратитесь в поддержку. Так ваша поддержка ничего не делает. Не рекомендую приложение А вот как у них работает в Телеграмме поддержка Уважаемый клиент! Поддержка в Telegram временно недоступна.",1,uzum,приложение не дает зайти пишет превышено количество обращений пишите в поддержку поддержка зачем то просит паспортные данные дня прошло игнорируют для какой цели мой номер было ограничивать или вам плевать на клиентов или что и даже тут вечно отвечают скриптами обратитесь в поддержку так ваша поддержка ничего не делает не рекомендую приложение а вот как у них работает в телеграмме поддержка уважаемый клиент поддержка в telegram временно недоступна,-1
"Узум банк оркали микрозайм олгандим. Умумий лимитдан пул ечиляпти, лекин Пластикка пул ку́ринмаяпти. Сабабини билиш максадида Оператор билан боґланиш жуда узок вакт талаб килади. Камида 6 минут кутдим боґланиш учун. Барибир хеч ким жавоб бермади. Деярли хар иловани янгилаш вактида ,, Исправление багов,, дейди лекин, фойдаси йу́к!",1,uzum,узум банк оркали микрозайм олгандим умумий лимитдан пул ечиляпти лекин пластикка пул куринмаяпти сабабини билиш максадида оператор билан боланиш жуда узок вакт талаб килади камида минут кутдим боланиш учун барибир хеч ким жавоб бермади деярли хар иловани янгилаш вактида исправление багов дейди лекин фойдаси йук,-1
ишламаяпти 3 кундан бери,1,uzum,ишламаяпти кундан бери,-1
"указывать причину перевода уже отменили, приложение обновилось после этого, но этот пункт так и не убрали.",1,uzum,указывать причину перевода уже отменили приложение обновилось после этого но этот пункт так и не убрали,-1
спасибо,5,uzum,спасибо,1
"Узум банк хамма банклар ичида Энг мак,ул бу́лган банк, илова, вклад. микрозайм хаммаси к,улай ва мижозлар учун к,улай к,илинган мен жуда мамнунман",5,uzum,узум банк хамма банклар ичида энг макул булган банк илова вклад микрозайм хаммаси кулай ва мижозлар учун кулай килинган мен жуда мамнунман,-1
"не знаю даже как обьяснить, почему когда с картой пользуешься в метро и в автобусах, то не сразу снимает деньги, а веечером прям поздно после 12 часов исчезают деньги за оплату, которую должны были снять вообще утром. это так неудобно, а когда до снятия денег, перевести все свои деньги в другую карту, и заново пополнить узум карту, то она вообще блокируется даже если есть деньги на нем. что это такое? исправьте пожалуйста.раньше так удобно было пользоваться этим приложением а сейчас ни капельки",2,uzum,не знаю даже как обьяснить почему когда с картой пользуешься в метро и в автобусах то не сразу снимает деньги а веечером прям поздно после часов исчезают деньги за оплату которую должны были снять вообще утром это так неудобно а когда до снятия денег перевести все свои деньги в другую карту и заново пополнить узум карту то она вообще блокируется даже если есть деньги на нем что это такое исправьте пожалуйстараньше так удобно было пользоваться этим приложением а сейчас ни капельки,-1
ilova yaxshimas ekan udalit qildim,1,uzum,ilova yaxshimas ekan udalit qildim,1
"Не могу войти в приложение. В чём дело? Постоянно сбои. Мне срочно надо оплатить, а войти не могу. Сделайте уж что-нибудь",1,uzum,не могу войти в приложение в чём дело постоянно сбои мне срочно надо оплатить а войти не могу сделайте уж чтонибудь,-1
"карта от узум банка не надежная , когда что то оплачиваю там на табло выходит карта заблокировано , потом мне приходиться платить наличными а чуть позже приходит сообщение что с карты успешно снялись деньги ... вы мошенники какие-то ?",1,uzum,карта от узум банка не надежная когда что то оплачиваю там на табло выходит карта заблокировано потом мне приходиться платить наличными а чуть позже приходит сообщение что с карты успешно снялись деньги вы мошенники какието,-1
👍🏻,5,uzum,,1
"не рекомендую, самое ужасное приложение. лучше click, payme... нету оказывается ____ 9 март 2026: думал исправили, но нет глючная , не работаспособная дичь не рекомендую. пользуюсь Пайнет, у них всё очень стабильно, норм кэшбеки начисляют",1,uzum,не рекомендую самое ужасное приложение лучше click payme нету оказывается март думал исправили но нет глючная не работаспособная дичь не рекомендую пользуюсь пайнет у них всё очень стабильно норм кэшбеки начисляют,-1
приложение не открывается,2,uzum,приложение не открывается,-1
Вечно какие то проблемы,1,uzum,вечно какие то проблемы,-1
"Понимаю бесполезность написания, и ответом бота будет свяжитесь с поддержкой, но всё же. Приложение стало ещё более отвратительным, забыл пароль который вводил при регистрации, казалось бы, что проще восстановить, но не здесь. Страница верификации по лицу - что-то пошло не так. И всё, нет возможности восстановить пароль. Карта Узумбанка не привязываться в других приложениях банков, наводит на мысли определенные. Не рекомендую ни приложение, ни карты.",1,uzum,понимаю бесполезность написания и ответом бота будет свяжитесь с поддержкой но всё же приложение стало ещё более отвратительным забыл пароль который вводил при регистрации казалось бы что проще восстановить но не здесь страница верификации по лицу чтото пошло не так и всё нет возможности восстановить пароль карта узумбанка не привязываться в других приложениях банков наводит на мысли определенные не рекомендую ни приложение ни карты,-1
zo‘r gap yo‘q omad,5,uzum,zor gap yoq omad,1
UZUMBANK eng a'losi❤️❤️❤️,5,uzum,uzumbank eng alosi,1
"WiFi билан кирмокчи булсам кирмайди, телефон узини интернетини ёксам киради.... вай-фай ишлаб утирибти.",3,uzum,wifi билан кирмокчи булсам кирмайди телефон узини интернетини ёксам киради вайфай ишлаб утирибти,-1
тупизм пытаюсь зарегистрироваться как новый пользователь а с меня пароль требует как с уже зарегестрированного,1,uzum,тупизм пытаюсь зарегистрироваться как новый пользователь а с меня пароль требует как с уже зарегестрированного,-1
"Крайне не рекомендую данный банк, идиотизм и абсурд.",1,uzum,крайне не рекомендую данный банк идиотизм и абсурд,1
"недавно купил бу телефон, и не могу войти в аккаунт оказывается с одного телефона можно войти только с 2номерами, и что мне делать продать и когда покупаю спрашывать не заходили вы в узум банк с 2 номеров",1,uzum,недавно купил бу телефон и не могу войти в аккаунт оказывается с одного телефона можно войти только с номерами и что мне делать продать и когда покупаю спрашывать не заходили вы в узум банк с номеров,-1
Удобно и удобно,4,uzum,удобно и удобно,1
полезно для всех,5,uzum,полезно для всех,1
яхши,5,uzum,яхши,-1
Royxatdan otishning oxirgi bosqichida sms keladi va tasdiqlanadi lekin yana jarayon qaytadan boshlanadi hammasini qayta qilasam ham foydasi ishlamayapti,1,uzum,royxatdan otishning oxirgi bosqichida sms keladi va tasdiqlanadi lekin yana jarayon qaytadan boshlanadi hammasini qayta qilasam ham foydasi ishlamayapti,-1
"Приложение хорошее, но служба поддержки ужасная. В четверг отправил деньги на свою карту узум, деньги зависли в воздухе. Служба поддержки с четверга кормит обещаниями, а результат никак не решается. Буду вынужден обращаться в службу доверия центрального банка, потому что мало того, что деньги не поступили, так еще и обманывают, отвечают скриптами как роботы. Вот тебе и карта uzum",1,uzum,приложение хорошее но служба поддержки ужасная в четверг отправил деньги на свою карту узум деньги зависли в воздухе служба поддержки с четверга кормит обещаниями а результат никак не решается буду вынужден обращаться в службу доверия центрального банка потому что мало того что деньги не поступили так еще и обманывают отвечают скриптами как роботы вот тебе и карта uzum,-1
zor,5,uzum,zor,1
Есть какой-то проблема с One id мне жаль,1,uzum,есть какойто проблема с one id мне жаль,-1
Верните старое 😡 мне новое обновление не нравится,1,uzum,верните старое мне новое обновление не нравится,-1
"Уважаемые разработчики. Уберите графу ""Цель перевода"" - ЦБРУ отменил постановление об ее обязательности, или хотя бы сделайте ее необязательной для заполнения. Верните возможность ввода номера карты через NFC, а также кнопку ""перевести все средства"". Спасибо за внимание.",4,uzum,уважаемые разработчики уберите графу цель перевода цбру отменил постановление об ее обязательности или хотя бы сделайте ее необязательной для заполнения верните возможность ввода номера карты через nfc а также кнопку перевести все средства спасибо за внимание,-1
zor,5,uzum,zor,1
не работает.......,1,uzum,не работает,-1
uzum eng zuri,5,uzum,uzum eng zuri,1
"Приложение стало ужасным, когда установили цель перевода. Не очень хотелось бы, ещё отчитываться перед кем то, с какой целью я перевожу деньги 😡👎",1,uzum,приложение стало ужасным когда установили цель перевода не очень хотелось бы ещё отчитываться перед кем то с какой целью я перевожу деньги,-1
"более года и более 30 чеков отправленных узумом в soliq, имеют ошибку в данных, в связи с чем не начисляют кешбек за покупки. и проблему полгода не решают, только отмазки придумывают",1,uzum,более года и более чеков отправленных узумом в soliq имеют ошибку в данных в связи с чем не начисляют кешбек за покупки и проблему полгода не решают только отмазки придумывают,-1
zo'r 🤩🤩🤩🤩🤩,5,uzum,zor,1
umuman boʻmapti endi silaga achot berb otrshmza qoludi shuniyam qldila odam ozini pulini ozi hohlaga joyga ishlatadimi silaga nma maqsadda ishlatshmza ozi eng yomo korgam narsam pulimi nmaga ishlatvotkannmi etsh. toʻgʻrlela hammagayam.tori kemidi hamma narsani talab db qvuriladimi,1,uzum,umuman bomapti endi silaga achot berb otrshmza qoludi shuniyam qldila odam ozini pulini ozi hohlaga joyga ishlatadimi silaga nma maqsadda ishlatshmza ozi eng yomo korgam narsam pulimi nmaga ishlatvotkannmi etsh togrlela hammagayamtori kemidi hamma narsani talab db qvuriladimi,-1
Ajayip qolayli raxmet an̈sat ham tez magan unaydi,5,uzum,ajayip qolayli raxmet ansat ham tez magan unaydi,1
"Прошёл 1 год и наглая реклама с жудким звуком продолжается, даже ночью приходят эти уведомления. Готовиться жалоба на ваше приложение в Google для блокировки!",1,uzum,прошёл год и наглая реклама с жудким звуком продолжается даже ночью приходят эти уведомления готовиться жалоба на ваше приложение в google для блокировки,-1
👍,5,uzum,,1
почему не работает приложение?,1,uzum,почему не работает приложение,-1
супер хорошо,5,uzum,супер хорошо,1
Не работает приложение совсем,1,uzum,не работает приложение совсем,-1
paddershka nol,1,uzum,paddershka nol,1
супер,5,uzum,супер,1
"уже месяц как не могу зайти в свой профиль в приложении,не раюотает совсем тормозит",1,uzum,уже месяц как не могу зайти в свой профиль в приложениине раюотает совсем тормозит,-1
"всё хорошо как и раньше, но в последнем обновлении при переводе на карту на карту спрашивать цель перевода это зачем? просто не можешь перевести или хотя бы там по умолчанию что-нибудь стоял простой перевод на карту друга",5,uzum,всё хорошо как и раньше но в последнем обновлении при переводе на карту на карту спрашивать цель перевода это зачем просто не можешь перевести или хотя бы там по умолчанию чтонибудь стоял простой перевод на карту друга,-1
ужасное приложение...,1,uzum,ужасное приложение,-1
"Единица за ""исполнительность"" в введении ""причин перевода"".",1,uzum,единица за исполнительность в введении причин перевода,-1
"номер который вы мне написали, либо скидывают, либо специально общаются как роботы не давай ниче сказать и часто повторяют одну и ту же фразу. не один раз туда звонил)",1,uzum,номер который вы мне написали либо скидывают либо специально общаются как роботы не давай ниче сказать и часто повторяют одну и ту же фразу не один раз туда звонил,-1
Пользую даволно давно этим приложением и особенно картой виза но последние 25 янв обновление убило программу т.к. она тупо не запускается и требует обновления хотя я ее уже и переустановил ошибка все равно вылазить пока что 1 звезда как исправите поправлю на 5,5,uzum,пользую даволно давно этим приложением и особенно картой виза но последние янв обновление убило программу тк она тупо не запускается и требует обновления хотя я ее уже и переустановил ошибка все равно вылазить пока что звезда как исправите поправлю на,-1
kontakt nomerlariz nega ishlamayapti,4,uzum,kontakt nomerlariz nega ishlamayapti,-1
ваще бош огрик,1,uzum,ваще бош огрик,1
Администрации банка 1.Нет опыта 2. Не профессиональный кадры 3. Не ответственный кадры с (09.02.2026) прошло 25 дней не может давать пластиковые карты думайте там есть специалисты,1,uzum,администрации банка нет опыта не профессиональный кадры не ответственный кадры с прошло дней не может давать пластиковые карты думайте там есть специалисты,-1
какое вам дело с какой целью я деньги перевожу.,1,uzum,какое вам дело с какой целью я деньги перевожу,-1
почему в приложении при переводе себе же на карту хамкор снимается 0.7% комиссии?,3,uzum,почему в приложении при переводе себе же на карту хамкор снимается комиссии,-1
"Assalomu alekum, face id dan utishti umuman iloji yuq, bilmadim nima qilish kerak. Tasodifan kirib qolsang yana tasodifan chiqib ketadi yana qaytadan face id .... Face id ishlamaydi silarda",1,uzum,assalomu alekum face id dan utishti umuman iloji yuq bilmadim nima qilish kerak tasodifan kirib qolsang yana tasodifan chiqib ketadi yana qaytadan face id face id ishlamaydi silarda,-1
zor,5,uzum,zor,1
"не могу зайти в приложение, сообщение на обновление пароля так и не пришло",1,uzum,не могу зайти в приложение сообщение на обновление пароля так и не пришло,-1
zoʻrr,5,uzum,zorr,1
Juda zo'r,5,uzum,juda zor,1
yaxshi qulay,5,uzum,yaxshi qulay,1
Operator xizmati yoq,1,uzum,operator xizmati yoq,-1
Классный Банк. Все Отлично работает легко и просто 👍👍👍👍👍,5,uzum,классный банк все отлично работает легко и просто,1
zur,5,uzum,zur,1
zo‘r,5,uzum,zor,1
"Я не могу зайти в приложение! Пишет вход временно недоступен! Я 5 час жду! Перезапускал, не помогает!",1,uzum,я не могу зайти в приложение пишет вход временно недоступен я час жду перезапускал не помогает,-1
Всем вам огромное спасибо! Мы очень любим Вас!!!,5,uzum,всем вам огромное спасибо мы очень любим вас,1
узум маркет дан камбагал оилаларна озик овкат таркатиляпти деб реклама келди шу ростми,5,uzum,узум маркет дан камбагал оилаларна озик овкат таркатиляпти деб реклама келди шу ростми,-1
"после обновления, приходится каждый раз выбирать цель перевода. Не ну зачем это нужно? отнимает время и неудобно",1,uzum,после обновления приходится каждый раз выбирать цель перевода не ну зачем это нужно отнимает время и неудобно,-1
"Какой толк от вашей банковской карты если уже вторые сутки; 05-06. 02.2026 не могу оформить покупку. Сегодня 07.02.26 с утра пока попытки без успешные. Если до вечера не будет изменений, придется удалить. Всё таки в службе поддержки помогли и приложения заработало. Спасибо.",4,uzum,какой толк от вашей банковской карты если уже вторые сутки не могу оформить покупку сегодня с утра пока попытки без успешные если до вечера не будет изменений придется удалить всё таки в службе поддержки помогли и приложения заработало спасибо,-1
ужасная поддержка не рекомендую банк,1,uzum,ужасная поддержка не рекомендую банк,-1
"это вам за обязательное указание цели перевода средств, призываю остальных тоже снимать звёзды",1,uzum,это вам за обязательное указание цели перевода средств призываю остальных тоже снимать звёзды,-1
"После последних изменений при каждом переводе требуется указывать цель операции. Для обычных переводов это лишнее действие, которое замедляет процесс. Раньше всё происходило быстро и без дополнительных шагов, сейчас пользоваться стало менее удобно. Хотелось бы, чтобы переводы снова были максимально простыми или появилась возможность отключить обязательное указание цели. Пока 2.5 звезды из 5",3,uzum,после последних изменений при каждом переводе требуется указывать цель операции для обычных переводов это лишнее действие которое замедляет процесс раньше всё происходило быстро и без дополнительных шагов сейчас пользоваться стало менее удобно хотелось бы чтобы переводы снова были максимально простыми или появилась возможность отключить обязательное указание цели пока звезды из,-1
Самое интересное когда скачивал приложение была задолженность в миб штраф радара и сразу же мой профиль в приложении добавили в черный. но после всего времени так же не разблокируют и не хотят. поэтому такую систему не одобряю,1,uzum,самое интересное когда скачивал приложение была задолженность в миб штраф радара и сразу же мой профиль в приложении добавили в черный но после всего времени так же не разблокируют и не хотят поэтому такую систему не одобряю,-1
"при переводе спрашивают почему и куда хочу отправить свои деньги , Каво это должно интересовать",2,uzum,при переводе спрашивают почему и куда хочу отправить свои деньги каво это должно интересовать,-1
самая отвратительна техподдержка. вообще не отвечают.,2,uzum,самая отвратительна техподдержка вообще не отвечают,-1
ilova ishlamayabti umuman kirme qoydi,1,uzum,ilova ishlamayabti umuman kirme qoydi,-1
Yangilanishdan keyin juda qotib ishlayapdi,1,uzum,yangilanishdan keyin juda qotib ishlayapdi,-1
"В надежде что то изменилось и в надежде получить скидку при покупке товаров. оформил онлайн карту а пополнить ее никак не могу. Пока я мучался картой,уже приходит обновление. значит, за несколько часов приложение превратилось устарело и тут же требует обновить ,а новое ничем не отличается от старой. все! к черту такое приложение!",1,uzum,в надежде что то изменилось и в надежде получить скидку при покупке товаров оформил онлайн карту а пополнить ее никак не могу пока я мучался картойуже приходит обновление значит за несколько часов приложение превратилось устарело и тут же требует обновить а новое ничем не отличается от старой все к черту такое приложение,-1
30 кунга олинган микрокарзни.30 кунгача булиб булиб тулаб боришни йулга куйиб куйинглар.,4,uzum,кунга олинган микрокарзни кунгача булиб булиб тулаб боришни йулга куйиб куйинглар,-1
kompyuterga ornatilmadi,1,uzum,kompyuterga ornatilmadi,1
ajoyib,5,uzum,ajoyib,1
umuman foydasiz yolgon ekan 15daqiqa deb bir kun vaqtimni oldi shundayam bermadi 4 milon kredit zarur bogandi endi qattan olishni bilmayman ishonch berib uni suv istemol qilarkan bular,1,uzum,umuman foydasiz yolgon ekan daqiqa deb bir kun vaqtimni oldi shundayam bermadi milon kredit zarur bogandi endi qattan olishni bilmayman ishonch berib uni suv istemol qilarkan bular,-1
qo'llab quvvatlash vashe 0 darajada operatorlarni momilasi umuman 0 umuman uzum market aynibti ozgina klenti ko'peyib uzini yo'qatib qo'yibgi bular,1,uzum,qollab quvvatlash vashe darajada operatorlarni momilasi umuman umuman uzum market aynibti ozgina klenti kopeyib uzini yoqatib qoyibgi bular,-1
6гг,4,uzum,гг,1
"сегодня 4 февраля 2026 года. Не работает приложение. Почему? 5 февраля тепер всё заработало, спосибо",5,uzum,сегодня февраля года не работает приложение почему февраля тепер всё заработало спосибо,-1
банк для мошенников,1,uzum,банк для мошенников,1
nimaga 30 ming sömdan kam narsani buyurtma qilsa yetkazib berish pulik 🙄 xich qaysi marketpleyslarda unaqa narsa yöqku ğalati emasmi???,2,uzum,nimaga ming smdan kam narsani buyurtma qilsa yetkazib berish pulik xich qaysi marketpleyslarda unaqa narsa yqku alati emasmi,-1
"Загрузила на другом телефоне и не смогла зайти в личный аккаунт. Функция восстановить пароль не работает ((((( отправила свои личные данные в группу поддержки но и они не смогли решить проблему. Пыталась несколько раз, но увы... Больше не буду пользоваться этим приложением.",2,uzum,загрузила на другом телефоне и не смогла зайти в личный аккаунт функция восстановить пароль не работает отправила свои личные данные в группу поддержки но и они не смогли решить проблему пыталась несколько раз но увы больше не буду пользоваться этим приложением,-1
"не получается войти . даёт ошибку, служба поддержки не отвечает",1,uzum,не получается войти даёт ошибку служба поддержки не отвечает,-1
Pultoʻldirish yaxshi bankda oʻchirit kutishdan oson %larsiz,5,uzum,pultoldirish yaxshi bankda ochirit kutishdan oson larsiz,1
Служба поддержки у вас полный ноль. Наймите профессионалов который умеет справляться задачей. А то все базовые ответы,1,uzum,служба поддержки у вас полный ноль наймите профессионалов который умеет справляться задачей а то все базовые ответы,-1
👍👍👍👍,5,uzum,,1
система мусор битта аккаунтига кайта кириш учун 2 хафта кутдим служба поддержки вообще яхши ишламиди вазияти чунтирсаям яна 12 соат кутасз диди,1,uzum,система мусор битта аккаунтига кайта кириш учун хафта кутдим служба поддержки вообще яхши ишламиди вазияти чунтирсаям яна соат кутасз диди,-1
"Ужас! Вообще никому не рекомендую!!!! Только и могут снимать деньги с карты, а потом просят запастись терпением! Это вообще что такое?!? Я свои же деньги не могу вернуть в нужное мне время. Для того чтобы заказать магазине (uzum)",1,uzum,ужас вообще никому не рекомендую только и могут снимать деньги с карты а потом просят запастись терпением это вообще что такое я свои же деньги не могу вернуть в нужное мне время для того чтобы заказать магазине uzum,-1
"А что, кэшбэк уже не начисляется? Не поняли суть моего отзыва? Хорошо. Шас поподробней. Я оплатил за услуги сотовой связи. Раньше кэшбэк начислялся. Сегодня уже нет. Повторяю вопрос: А что, кэшбэк уже не начисляется?",1,uzum,а что кэшбэк уже не начисляется не поняли суть моего отзыва хорошо шас поподробней я оплатил за услуги сотовой связи раньше кэшбэк начислялся сегодня уже нет повторяю вопрос а что кэшбэк уже не начисляется,-1
"Крайне разочарован тем, что моё обращение было просто закрыто без фактического решения вопроса. Вместо детального рассмотрения ситуации и содействия со стороны банка я получил формальный ответ и перенаправление в другую организацию. Не рекомендую. Когда рассчитываешь на содействие банка в решении проблемы, получаешь сухой формальный ответ без какой-либо клиентоориентированности.",1,uzum,крайне разочарован тем что моё обращение было просто закрыто без фактического решения вопроса вместо детального рассмотрения ситуации и содействия со стороны банка я получил формальный ответ и перенаправление в другую организацию не рекомендую когда рассчитываешь на содействие банка в решении проблемы получаешь сухой формальный ответ без какойлибо клиентоориентированности,-1
musir ilova mikroqarz kartaga tushmadi,1,uzum,musir ilova mikroqarz kartaga tushmadi,-1
лучше приложения нету,5,uzum,лучше приложения нету,-1
"смс не приходит. даже войти не могу в приложение, ожидание длится несколько дней, причём пробовала в разное время суток. результат равен 0",1,uzum,смс не приходит даже войти не могу в приложение ожидание длится несколько дней причём пробовала в разное время суток результат равен,-1
zo'r,5,uzum,zor,1
Ваш оператор Не вежливый человек ради денег готов уничтожить человека Инвалида принять меры отобрать всё что ЕСТЬ. Я живу в гостинице 4 года я собираю деньги на лечение внука Инвалида. Банк списывает даже денежные средства у Инвалида РЕБЕНКА оставляя нас бес средства для СУЩЕСТВОВАНИЯ. ВЫ даже БОГА не Боитесь.,1,uzum,ваш оператор не вежливый человек ради денег готов уничтожить человека инвалида принять меры отобрать всё что есть я живу в гостинице года я собираю деньги на лечение внука инвалида банк списывает даже денежные средства у инвалида ребенка оставляя нас бес средства для существования вы даже бога не боитесь,-1
"не заходит уже сутки в узум банк,то написано было неверный пароль, теперь введите новый пароль,ввожу новый время истекло пишет,вы чё издеваетесь, уже в службу поддержки звонила сказали удалить приложение заново скачать,так и сделала,всё равно так же стоит!",1,uzum,не заходит уже сутки в узум банкто написано было неверный пароль теперь введите новый парольввожу новый время истекло пишетвы чё издеваетесь уже в службу поддержки звонила сказали удалить приложение заново скачатьтак и сделалавсё равно так же стоит,-1
"очень медленно работает поддержка! честно я в первые вижу такую поддержку, не к селу не городу молодцы 👍",1,uzum,очень медленно работает поддержка честно я в первые вижу такую поддержку не к селу не городу молодцы,-1
nima uchun uzbek tili yoq uzbek tilini qoshib qinglar,3,uzum,nima uchun uzbek tili yoq uzbek tilini qoshib qinglar,-1
"возможно,банк действительно хороший,правда ""что-то пошло не так"" при регистрации в сотый раз уже немного надоело",3,uzum,возможнобанк действительно хорошийправда чтото пошло не так при регистрации в сотый раз уже немного надоело,-1
некоторые платежи не работают пращу у разработчиков чателно проверит приложение UZUM Bank,5,uzum,некоторые платежи не работают пращу у разработчиков чателно проверит приложение uzum bank,-1
yaxwi yordami tegyapti,5,uzum,yaxwi yordami tegyapti,1
меня устраивает обучение,5,uzum,меня устраивает обучение,1
